horodatage_detection_utc,latitude,longitude,puissance_frp_megawatts,satellite,jour_nuit
2026-07-19T13:27:00.000Z,44.67924,-0.444,10.96,N,D
2026-07-20T01:07:00.000Z,44.79877,-1.10839,2.82,N21,N
2026-07-20T01:43:00.000Z,44.80055,-1.10841,13.7,N,N
2026-07-20T01:43:00.000Z,44.80473,-1.10765,0.59,N,N
2026-07-20T02:04:00.000Z,44.79636,-1.10994,4.32,N20,N
2026-07-20T02:04:00.000Z,44.79966,-1.10899,4.32,N20,N
2026-07-20T02:04:00.000Z,44.80225,-1.10314,0.79,N20,N
2026-07-20T02:04:00.000Z,44.80296,-1.10804,0.79,N20,N
2026-07-21T00:50:00.000Z,45.26548,-0.18192,13.06,N21,N
2026-07-21T00:50:00.000Z,45.2655,-0.17281,13.06,N21,N
2026-07-21T00:50:00.000Z,45.26614,-0.18575,22.91,N21,N
2026-07-21T00:50:00.000Z,45.2662,-0.17678,25.82,N21,N
2026-07-21T00:50:00.000Z,45.27232,-0.18167,13.06,N21,N
2026-07-21T00:50:00.000Z,45.27298,-0.18559,2.6,N21,N
2026-07-21T00:50:00.000Z,45.27305,-0.17657,2.64,N21,N
2026-07-21T01:26:00.000Z,45.26393,-0.18359,8.29,N,N
2026-07-21T01:26:00.000Z,45.26878,-0.17863,13.05,N,N
2026-07-21T01:26:00.000Z,45.26902,-0.18288,8.29,N,N
2026-07-21T01:43:00.000Z,45.26537,-0.1779,7.23,N20,N
2026-07-21T01:43:00.000Z,45.26599,-0.17763,9.1,N20,N
2026-07-21T01:43:00.000Z,45.26609,-0.18428,7.23,N20,N
2026-07-21T01:43:00.000Z,45.26668,-0.18402,8.14,N20,N
2026-07-21T01:43:00.000Z,45.2691,-0.17703,7.23,N20,N
2026-07-21T01:43:00.000Z,45.26971,-0.17676,9.1,N20,N
2026-07-21T01:43:00.000Z,45.26981,-0.18341,7.23,N20,N
2026-07-21T01:43:00.000Z,45.2704,-0.18314,8.14,N20,N
2026-07-21T01:43:00.000Z,45.27344,-0.17588,0.38,N20,N
2026-07-21T02:30:00.000Z,45.26512,-0.17699,1.86,N21,N
2026-07-21T02:30:00.000Z,45.26619,-0.18172,4.57,N21,N
2026-07-21T02:30:00.000Z,45.26899,-0.17529,7.93,N21,N
2026-07-21T02:30:00.000Z,45.27005,-0.18005,19.49,N21,N
2026-07-21T03:06:00.000Z,45.26543,-0.17939,3.87,N,N
2026-07-21T03:06:00.000Z,45.26674,-0.18392,3.87,N,N
2026-07-21T03:06:00.000Z,45.27052,-0.1766,9.47,N,N
2026-07-21T03:06:00.000Z,45.27183,-0.18114,9.47,N,N
2026-07-21T03:23:00.000Z,45.26544,-0.17978,2.52,N20,N
2026-07-21T03:23:00.000Z,45.26843,-0.18806,1.76,N20,N
2026-07-21T03:23:00.000Z,45.27178,-0.17557,3.38,N20,N
2026-07-21T12:14:00.000Z,44.529,0.13058,5.47,N21,D
2026-07-21T12:14:00.000Z,44.52919,0.12778,2.67,N21,D
2026-07-21T12:14:00.000Z,44.53324,0.12881,5.47,N21,D
2026-07-21T12:14:00.000Z,44.82342,-0.55596,6.21,N21,D
2026-07-21T12:14:00.000Z,44.82927,-0.68735,5.19,N21,D
2026-07-21T12:51:00.000Z,44.1908,0.13906,5.4,N,D
2026-07-21T12:51:00.000Z,44.19368,0.14041,11.19,N,D
2026-07-21T12:51:00.000Z,44.19416,0.13789,5.4,N,D
2026-07-21T12:51:00.000Z,44.82342,-0.68957,190.53,N,D
2026-07-21T12:51:00.000Z,44.82439,-0.68433,284.9,N,D
2026-07-21T13:10:00.000Z,44.19286,0.13889,1.41,N20,D
2026-07-21T13:10:00.000Z,44.82238,-0.69099,86.69,N20,D
2026-07-21T13:10:00.000Z,44.82305,-0.68567,41.14,N20,D
2026-07-21T13:10:00.000Z,44.82582,-0.69185,49.94,N20,D
2026-07-21T13:10:00.000Z,44.82649,-0.68652,58.03,N20,D
2026-07-21T13:55:00.000Z,44.40277,-0.29319,27.03,N21,D
2026-07-21T13:55:00.000Z,44.40287,-0.28641,25.37,N21,D
2026-07-21T13:55:00.000Z,44.40477,-0.29167,41.51,N21,D
2026-07-21T13:55:00.000Z,44.82613,-0.6906,23.18,N21,D
2026-07-21T13:55:00.000Z,44.82639,-0.68912,23.18,N21,D
2026-07-22T11:55:00.000Z,44.66666,-0.73529,6.04,N21,D
2026-07-22T11:55:00.000Z,44.66864,-0.73532,8.34,N21,D
2026-07-22T11:55:00.000Z,44.90122,-1.03395,38.87,N21,D
2026-07-22T11:55:00.000Z,44.90275,-1.02882,38.87,N21,D
2026-07-22T11:55:00.000Z,44.90429,-1.02367,27.16,N21,D
2026-07-22T12:32:00.000Z,44.89661,-1.02658,58.0,N,D
2026-07-22T12:32:00.000Z,44.89784,-1.02128,58.0,N,D
2026-07-22T12:32:00.000Z,44.89945,-1.03375,103.97,N,D
2026-07-22T12:32:00.000Z,44.90067,-1.02846,58.0,N,D
2026-07-22T12:32:00.000Z,44.9019,-1.02317,58.0,N,D
2026-07-22T12:49:00.000Z,44.89697,-1.03611,83.34,N20,D
2026-07-22T12:49:00.000Z,44.89782,-1.03115,126.53,N20,D
2026-07-22T12:49:00.000Z,44.89867,-1.02619,126.53,N20,D
2026-07-22T12:49:00.000Z,44.90112,-1.03227,48.27,N20,D
2026-07-22T12:49:00.000Z,44.90197,-1.02732,48.27,N20,D
2026-07-22T12:49:00.000Z,44.90282,-1.02237,19.33,N20,D
2026-07-22T13:36:00.000Z,44.8916,-1.0322,45.33,N21,D
2026-07-22T13:36:00.000Z,44.89204,-1.02492,45.33,N21,D
2026-07-22T13:36:00.000Z,44.89551,-1.04736,307.56,N21,D
2026-07-22T13:36:00.000Z,44.89595,-1.04007,307.56,N21,D
2026-07-22T13:36:00.000Z,44.89639,-1.03279,231.02,N21,D
2026-07-22T13:36:00.000Z,44.89684,-1.02553,231.02,N21,D
2026-07-22T13:36:00.000Z,44.90073,-1.04067,307.56,N21,D
2026-07-22T13:36:00.000Z,44.90118,-1.03339,231.02,N21,D
2026-07-22T13:36:00.000Z,44.90163,-1.02609,231.02,N21,D
2026-07-22T13:36:00.000Z,44.90207,-1.01881,16.63,N21,D
2026-07-22T13:36:00.000Z,44.90598,-1.03397,12.05,N21,D
2026-07-22T13:36:00.000Z,44.90642,-1.02669,12.05,N21,D
2026-07-22T14:12:00.000Z,44.88488,-1.04762,29.08,N,D
2026-07-22T14:12:00.000Z,44.88491,-1.03977,45.53,N,D
2026-07-22T14:12:00.000Z,44.88493,-1.03187,45.53,N,D
2026-07-22T14:12:00.000Z,44.88718,-1.04933,108.63,N,D
2026-07-22T14:12:00.000Z,44.88725,-1.04149,108.63,N,D
2026-07-22T14:12:00.000Z,44.88731,-1.03359,143.96,N,D
2026-07-22T14:12:00.000Z,44.88738,-1.0257,143.96,N,D
2026-07-22T14:12:00.000Z,44.88744,-1.01782,17.04,N,D
2026-07-22T14:12:00.000Z,44.89156,-1.03188,195.84,N,D
2026-07-22T14:12:00.000Z,44.89159,-1.02405,36.45,N,D
2026-07-22T14:12:00.000Z,44.89162,-1.01615,36.45,N,D
2026-07-22T14:12:00.000Z,44.8938,-1.0493,112.46,N,D
2026-07-22T14:12:00.000Z,44.89394,-1.03354,86.12,N,D
2026-07-22T14:12:00.000Z,44.89401,-1.0257,86.12,N,D
2026-07-22T14:12:00.000Z,44.89407,-1.01784,21.93,N,D
2026-07-22T14:12:00.000Z,44.89812,-1.04762,202.48,N,D
2026-07-22T14:12:00.000Z,44.89816,-1.03973,195.84,N,D
2026-07-22T14:12:00.000Z,44.89819,-1.03189,195.84,N,D
2026-07-22T14:12:00.000Z,44.89822,-1.02407,36.45,N,D
2026-07-22T14:12:00.000Z,44.9005,-1.04139,112.46,N,D
2026-07-22T14:12:00.000Z,44.90057,-1.03353,86.12,N,D
2026-07-22T14:12:00.000Z,44.90063,-1.02566,86.12,N,D
2026-07-22T14:12:00.000Z,44.90071,-1.01779,21.93,N,D
2026-07-22T14:12:00.000Z,44.90479,-1.03975,13.46,N,D
2026-07-22T14:12:00.000Z,44.90482,-1.0319,13.46,N,D
2026-07-22T14:12:00.000Z,44.90485,-1.02404,17.65,N,D
2026-07-22T15:14:00.000Z,44.86945,-1.06051,21.94,Aqua,D
2026-07-22T15:14:00.000Z,44.87111,-1.04663,52.84,Aqua,D
2026-07-22T15:14:00.000Z,44.87868,-1.06275,505.19,Aqua,D
2026-07-22T15:14:00.000Z,44.88036,-1.04885,1056.64,Aqua,D
2026-07-22T15:14:00.000Z,44.88203,-1.03494,305.88,Aqua,D
2026-07-22T15:14:00.000Z,44.8837,-1.02102,12.02,Aqua,D
2026-07-22T15:14:00.000Z,44.88792,-1.06498,69.59,Aqua,D
2026-07-22T15:14:00.000Z,44.8896,-1.05108,581.02,Aqua,D
2026-07-22T15:14:00.000Z,44.89128,-1.03717,389.84,Aqua,D
2026-07-22T15:14:00.000Z,44.89296,-1.02325,55.07,Aqua,D
2026-07-22T15:14:00.000Z,44.89885,-1.05331,37.14,Aqua,D
2026-07-22T15:14:00.000Z,44.90053,-1.03939,110.37,Aqua,D
2026-07-22T15:14:00.000Z,44.90221,-1.02548,18.98,Aqua,D
2026-07-22T15:14:00.000Z,45.24713,-0.25935,26.91,Aqua,D
2026-07-22T15:14:00.000Z,45.25674,-0.26149,14.79,Aqua,D
2026-07-22T19:57:00.000Z,44.85111,-1.0593,13.82,Terra,N
2026-07-22T19:57:00.000Z,44.85796,-1.08056,201.02,Terra,N
2026-07-22T19:57:00.000Z,44.86125,-1.06319,667.82,Terra,N
2026-07-22T19:57:00.000Z,44.86453,-1.04588,96.34,Terra,N
2026-07-22T19:57:00.000Z,44.86811,-1.08447,66.26,Terra,N
2026-07-22T19:57:00.000Z,44.8714,-1.0671,509.53,Terra,N
2026-07-22T19:57:00.000Z,44.87467,-1.04977,360.79,Terra,N
2026-07-22T19:57:00.000Z,44.87792,-1.03249,169.21,Terra,N
2026-07-22T19:57:00.000Z,44.88154,-1.071,98.37,Terra,N
2026-07-22T19:57:00.000Z,44.8848,-1.05367,135.65,Terra,N
2026-07-22T19:57:00.000Z,44.88805,-1.03638,168.24,Terra,N
2026-07-22T19:57:00.000Z,44.89044,-1.06216,46.53,Terra,N
2026-07-22T19:57:00.000Z,44.89129,-1.01911,59.42,Terra,N
2026-07-22T19:57:00.000Z,44.89376,-1.04491,91.88,Terra,N
2026-07-22T19:57:00.000Z,44.89494,-1.05757,80.37,Terra,N
2026-07-22T19:57:00.000Z,44.89709,-1.02766,88.19,Terra,N
2026-07-22T19:57:00.000Z,44.89817,-1.04028,69.9,Terra,N
2026-07-22T19:57:00.000Z,44.90141,-1.02299,50.69,Terra,N
2026-07-22T19:57:00.000Z,44.90389,-1.04879,13.34,Terra,N
2026-07-22T19:57:00.000Z,44.9072,-1.03155,9.47,Terra,N
2026-07-23T01:05:00.000Z,44.81498,-1.12425,0.84,N20,N
2026-07-23T01:05:00.000Z,44.81509,-1.13093,1.07,N20,N
2026-07-23T01:05:00.000Z,44.8152,-1.13766,1.07,N20,N
2026-07-23T01:05:00.000Z,44.81531,-1.14439,1.48,N20,N
2026-07-23T01:05:00.000Z,44.81541,-1.15109,1.48,N20,N
2026-07-23T01:05:00.000Z,44.81553,-1.15774,2.36,N20,N
2026-07-23T01:05:00.000Z,44.8157,-1.1116,1.5,N20,N
2026-07-23T01:05:00.000Z,44.81584,-1.11834,1.5,N20,N
2026-07-23T01:05:00.000Z,44.81599,-1.12503,6.04,N20,N
2026-07-23T01:05:00.000Z,44.81613,-1.13171,6.04,N20,N
2026-07-23T01:05:00.000Z,44.81627,-1.13843,34.56,N20,N
2026-07-23T01:05:00.000Z,44.81642,-1.14514,34.56,N20,N
2026-07-23T01:05:00.000Z,44.81656,-1.15184,10.37,N20,N
2026-07-23T01:05:00.000Z,44.81671,-1.15849,10.37,N20,N
2026-07-23T01:05:00.000Z,44.81684,-1.16513,1.88,N20,N
2026-07-23T01:05:00.000Z,44.82071,-1.09712,1.45,N20,N
2026-07-23T01:05:00.000Z,44.82082,-1.10377,3.39,N20,N
2026-07-23T01:05:00.000Z,44.82093,-1.11047,3.39,N20,N
2026-07-23T01:05:00.000Z,44.82105,-1.1172,15.22,N20,N
2026-07-23T01:05:00.000Z,44.82116,-1.12393,15.22,N20,N
2026-07-23T01:05:00.000Z,44.82127,-1.13059,48.46,N20,N
2026-07-23T01:05:00.000Z,44.82138,-1.13732,48.46,N20,N
2026-07-23T01:05:00.000Z,44.82143,-1.09128,0.67,N20,N
2026-07-23T01:05:00.000Z,44.82149,-1.14403,43.72,N20,N
2026-07-23T01:05:00.000Z,44.82158,-1.09795,1.11,N20,N
2026-07-23T01:05:00.000Z,44.8216,-1.15074,43.72,N20,N
2026-07-23T01:05:00.000Z,44.82171,-1.15742,4.21,N20,N
2026-07-23T01:05:00.000Z,44.82172,-1.10461,1.11,N20,N
2026-07-23T01:05:00.000Z,44.82182,-1.1641,4.21,N20,N
2026-07-23T01:05:00.000Z,44.82187,-1.1113,1.5,N20,N
2026-07-23T01:05:00.000Z,44.82193,-1.17078,1.08,N20,N
2026-07-23T01:05:00.000Z,44.82202,-1.11802,1.5,N20,N
2026-07-23T01:05:00.000Z,44.82204,-1.1775,1.08,N20,N
2026-07-23T01:05:00.000Z,44.82217,-1.12474,6.04,N20,N
2026-07-23T01:05:00.000Z,44.82231,-1.13142,6.04,N20,N
2026-07-23T01:05:00.000Z,44.82246,-1.13812,34.56,N20,N
2026-07-23T01:05:00.000Z,44.8226,-1.14482,34.56,N20,N
2026-07-23T01:05:00.000Z,44.82274,-1.15151,10.37,N20,N
2026-07-23T01:05:00.000Z,44.82289,-1.1582,10.37,N20,N
2026-07-23T01:05:00.000Z,44.82304,-1.16487,1.88,N20,N
2026-07-23T01:05:00.000Z,44.82318,-1.17154,1.88,N20,N
2026-07-23T01:05:00.000Z,44.82665,-1.08349,0.99,N20,N
2026-07-23T01:05:00.000Z,44.82676,-1.09014,1.45,N20,N
2026-07-23T01:05:00.000Z,44.82688,-1.09681,1.45,N20,N
2026-07-23T01:05:00.000Z,44.82699,-1.10347,3.39,N20,N
2026-07-23T01:05:00.000Z,44.82711,-1.11016,3.39,N20,N
2026-07-23T01:05:00.000Z,44.82722,-1.11686,15.22,N20,N
2026-07-23T01:05:00.000Z,44.8273,-1.07775,0.66,N20,N
2026-07-23T01:05:00.000Z,44.82734,-1.12358,15.22,N20,N
2026-07-23T01:05:00.000Z,44.82745,-1.13031,48.46,N20,N
2026-07-23T01:05:00.000Z,44.82745,-1.08437,1.62,N20,N
2026-07-23T01:05:00.000Z,44.82756,-1.13702,48.46,N20,N
2026-07-23T01:05:00.000Z,44.8276,-1.09102,1.62,N20,N
2026-07-23T01:05:00.000Z,44.82767,-1.1437,43.72,N20,N
2026-07-23T01:05:00.000Z,44.82775,-1.09767,12.06,N20,N
2026-07-23T01:05:00.000Z,44.82779,-1.15039,43.72,N20,N
2026-07-23T01:05:00.000Z,44.82789,-1.10434,12.06,N20,N
2026-07-23T01:05:00.000Z,44.8279,-1.15706,4.21,N20,N
2026-07-23T01:05:00.000Z,44.82801,-1.16372,4.21,N20,N
2026-07-23T01:05:00.000Z,44.82804,-1.11102,61.34,N20,N
2026-07-23T01:05:00.000Z,44.82812,-1.17038,1.08,N20,N
2026-07-23T01:05:00.000Z,44.82819,-1.1177,61.34,N20,N
2026-07-23T01:05:00.000Z,44.82823,-1.17706,1.08,N20,N
2026-07-23T01:05:00.000Z,44.82834,-1.12442,76.43,N20,N
2026-07-23T01:05:00.000Z,44.82849,-1.13115,76.43,N20,N
2026-07-23T01:05:00.000Z,44.82864,-1.13785,40.49,N20,N
2026-07-23T01:05:00.000Z,44.82878,-1.14451,40.49,N20,N
2026-07-23T01:05:00.000Z,44.82893,-1.1512,5.18,N20,N
2026-07-23T01:05:00.000Z,44.82907,-1.15786,5.18,N20,N
2026-07-23T01:05:00.000Z,44.82922,-1.16447,2.73,N20,N
2026-07-23T01:05:00.000Z,44.82936,-1.17115,2.73,N20,N
2026-07-23T01:05:00.000Z,44.8327,-1.07655,3.09,N20,N
2026-07-23T01:05:00.000Z,44.83282,-1.08319,3.09,N20,N
2026-07-23T01:05:00.000Z,44.83293,-1.08983,12.37,N20,N
2026-07-23T01:05:00.000Z,44.83305,-1.09651,12.37,N20,N
2026-07-23T01:05:00.000Z,44.83317,-1.10317,43.22,N20,N
2026-07-23T01:05:00.000Z,44.83328,-1.10984,43.22,N20,N
2026-07-23T01:05:00.000Z,44.83331,-1.0708,0.66,N20,N
2026-07-23T01:05:00.000Z,44.8334,-1.11653,71.2,N20,N
2026-07-23T01:05:00.000Z,44.83347,-1.07746,0.66,N20,N
2026-07-23T01:05:00.000Z,44.83352,-1.12328,71.2,N20,N
2026-07-23T01:05:00.000Z,44.83361,-1.0841,1.62,N20,N
2026-07-23T01:05:00.000Z,44.83363,-1.13002,39.34,N20,N
2026-07-23T01:05:00.000Z,44.83375,-1.13674,39.34,N20,N
2026-07-23T01:05:00.000Z,44.83376,-1.09074,1.62,N20,N
2026-07-23T01:05:00.000Z,44.83386,-1.14343,5.05,N20,N
2026-07-23T01:05:00.000Z,44.83392,-1.0974,12.06,N20,N
2026-07-23T01:05:00.000Z,44.83398,-1.15009,5.05,N20,N
2026-07-23T01:05:00.000Z,44.83406,-1.10406,12.06,N20,N
2026-07-23T01:05:00.000Z,44.83409,-1.15664,2.38,N20,N
2026-07-23T01:05:00.000Z,44.8342,-1.16321,2.38,N20,N
2026-07-23T01:05:00.000Z,44.83422,-1.11073,61.34,N20,N
2026-07-23T01:05:00.000Z,44.83437,-1.11741,61.34,N20,N
2026-07-23T01:05:00.000Z,44.83452,-1.12416,76.43,N20,N
2026-07-23T01:05:00.000Z,44.83467,-1.13088,76.43,N20,N
2026-07-23T01:05:00.000Z,44.83482,-1.13759,40.49,N20,N
2026-07-23T01:05:00.000Z,44.83497,-1.1443,40.49,N20,N
2026-07-23T01:05:00.000Z,44.83511,-1.1509,5.18,N20,N
2026-07-23T01:05:00.000Z,44.83526,-1.15745,5.18,N20,N
2026-07-23T01:05:00.000Z,44.83862,-1.06291,1.13,N20,N
2026-07-23T01:05:00.000Z,44.83875,-1.06959,1.13,N20,N
2026-07-23T01:05:00.000Z,44.83886,-1.07625,3.09,N20,N
2026-07-23T01:05:00.000Z,44.83898,-1.08289,3.09,N20,N
2026-07-23T01:05:00.000Z,44.8391,-1.08953,12.37,N20,N
2026-07-23T01:05:00.000Z,44.83922,-1.09621,12.37,N20,N
2026-07-23T01:05:00.000Z,44.83934,-1.10289,43.22,N20,N
2026-07-23T01:05:00.000Z,44.83946,-1.10953,43.22,N20,N
2026-07-23T01:05:00.000Z,44.83958,-1.11624,71.2,N20,N
2026-07-23T01:05:00.000Z,44.83969,-1.12296,71.2,N20,N
2026-07-23T01:05:00.000Z,44.83981,-1.12969,39.34,N20,N
2026-07-23T01:05:00.000Z,44.83993,-1.13641,39.34,N20,N
2026-07-23T01:05:00.000Z,44.84005,-1.14312,5.05,N20,N
2026-07-23T01:05:00.000Z,44.84016,-1.14977,5.05,N20,N
2026-07-23T01:05:00.000Z,44.84466,-1.05598,0.75,N20,N
2026-07-23T01:05:00.000Z,44.84479,-1.06263,3.31,N20,N
2026-07-23T01:05:00.000Z,44.84491,-1.06928,3.31,N20,N
2026-07-23T01:05:00.000Z,44.84503,-1.07594,27.88,N20,N
2026-07-23T01:05:00.000Z,44.84515,-1.0826,27.88,N20,N
2026-07-23T01:05:00.000Z,44.84527,-1.08925,34.6,N20,N
2026-07-23T01:05:00.000Z,44.84539,-1.09592,34.6,N20,N
2026-07-23T01:05:00.000Z,44.84551,-1.1026,18.25,N20,N
2026-07-23T01:05:00.000Z,44.84563,-1.10929,18.25,N20,N
2026-07-23T01:05:00.000Z,44.84576,-1.11595,5.91,N20,N
2026-07-23T01:05:00.000Z,44.84587,-1.12265,5.91,N20,N
2026-07-23T01:05:00.000Z,44.84599,-1.12936,2.37,N20,N
2026-07-23T01:05:00.000Z,44.84611,-1.13606,2.37,N20,N
2026-07-23T01:05:00.000Z,44.8507,-1.04899,0.75,N20,N
2026-07-23T01:05:00.000Z,44.85082,-1.05565,0.75,N20,N
2026-07-23T01:05:00.000Z,44.85094,-1.06229,3.31,N20,N
2026-07-23T01:05:00.000Z,44.85107,-1.06897,3.31,N20,N
2026-07-23T01:05:00.000Z,44.8512,-1.07563,27.88,N20,N
2026-07-23T01:05:00.000Z,44.85132,-1.08229,27.88,N20,N
2026-07-23T01:05:00.000Z,44.85144,-1.08895,34.6,N20,N
2026-07-23T01:05:00.000Z,44.85156,-1.09561,34.6,N20,N
2026-07-23T01:05:00.000Z,44.85169,-1.10231,18.25,N20,N
2026-07-23T01:05:00.000Z,44.85181,-1.10899,18.25,N20,N
2026-07-23T01:05:00.000Z,44.85193,-1.11565,5.91,N20,N
2026-07-23T01:05:00.000Z,44.85205,-1.12234,5.91,N20,N
2026-07-23T01:05:00.000Z,44.85673,-1.04211,2.34,N20,N
2026-07-23T01:05:00.000Z,44.85686,-1.04871,12.51,N20,N
2026-07-23T01:05:00.000Z,44.85698,-1.05535,12.51,N20,N
2026-07-23T01:05:00.000Z,44.85711,-1.062,14.87,N20,N
2026-07-23T01:05:00.000Z,44.85723,-1.06865,14.87,N20,N
2026-07-23T01:05:00.000Z,44.85736,-1.07531,13.84,N20,N
2026-07-23T01:05:00.000Z,44.85749,-1.08196,13.84,N20,N
2026-07-23T01:05:00.000Z,44.85761,-1.08863,16.27,N20,N
2026-07-23T01:05:00.000Z,44.85773,-1.09528,16.27,N20,N
2026-07-23T01:05:00.000Z,44.85786,-1.10198,6.26,N20,N
2026-07-23T01:05:00.000Z,44.85799,-1.10867,6.26,N20,N
2026-07-23T01:05:00.000Z,44.85811,-1.11535,3.42,N20,N
2026-07-23T01:05:00.000Z,44.86276,-1.0352,2.34,N20,N
2026-07-23T01:05:00.000Z,44.86289,-1.04182,2.34,N20,N
2026-07-23T01:05:00.000Z,44.86302,-1.04844,12.51,N20,N
2026-07-23T01:05:00.000Z,44.86314,-1.05507,12.51,N20,N
2026-07-23T01:05:00.000Z,44.86327,-1.0617,14.87,N20,N
2026-07-23T01:05:00.000Z,44.8634,-1.06834,14.87,N20,N
2026-07-23T01:05:00.000Z,44.86353,-1.07498,13.84,N20,N
2026-07-23T01:05:00.000Z,44.86366,-1.08164,13.84,N20,N
2026-07-23T01:05:00.000Z,44.86378,-1.08832,16.27,N20,N
2026-07-23T01:05:00.000Z,44.86391,-1.09498,16.27,N20,N
2026-07-23T01:05:00.000Z,44.86404,-1.10163,6.26,N20,N
2026-07-23T01:05:00.000Z,44.86416,-1.10833,6.26,N20,N
2026-07-23T01:05:00.000Z,44.86891,-1.0349,2.91,N20,N
2026-07-23T01:05:00.000Z,44.86904,-1.0415,2.91,N20,N
2026-07-23T01:05:00.000Z,44.86917,-1.04813,5.56,N20,N
2026-07-23T01:05:00.000Z,44.8693,-1.05477,5.56,N20,N
2026-07-23T01:05:00.000Z,44.86943,-1.06141,6.41,N20,N
2026-07-23T01:05:00.000Z,44.86956,-1.06805,6.41,N20,N
2026-07-23T01:05:00.000Z,44.86969,-1.07469,10.83,N20,N
2026-07-23T01:05:00.000Z,44.86982,-1.08138,10.83,N20,N
2026-07-23T01:05:00.000Z,44.86995,-1.08809,4.01,N20,N
2026-07-23T01:05:00.000Z,44.87008,-1.09471,4.01,N20,N
2026-07-23T01:05:00.000Z,44.87507,-1.03464,2.91,N20,N
2026-07-23T01:05:00.000Z,44.8752,-1.04126,2.91,N20,N
2026-07-23T01:05:00.000Z,44.87533,-1.04788,5.56,N20,N
2026-07-23T01:05:00.000Z,44.87546,-1.05446,5.56,N20,N
2026-07-23T01:05:00.000Z,44.8756,-1.06112,6.41,N20,N
2026-07-23T01:05:00.000Z,44.87573,-1.06776,6.41,N20,N
2026-07-23T01:05:00.000Z,44.87586,-1.07443,10.83,N20,N
2026-07-23T01:05:00.000Z,44.87599,-1.08111,10.83,N20,N
2026-07-23T01:05:00.000Z,44.87612,-1.08779,4.01,N20,N
2026-07-23T01:05:00.000Z,44.88095,-1.02114,5.8,N20,N
2026-07-23T01:05:00.000Z,44.88109,-1.02777,5.8,N20,N
2026-07-23T01:05:00.000Z,44.88123,-1.03437,5.08,N20,N
2026-07-23T01:05:00.000Z,44.88136,-1.04099,5.08,N20,N
2026-07-23T01:05:00.000Z,44.88149,-1.04761,1.59,N20,N
2026-07-23T01:05:00.000Z,44.88162,-1.05419,1.59,N20,N
2026-07-23T01:05:00.000Z,44.88176,-1.06082,4.25,N20,N
2026-07-23T01:05:00.000Z,44.88189,-1.06746,4.25,N20,N
2026-07-23T01:05:00.000Z,44.88202,-1.0741,6.2,N20,N
2026-07-23T01:05:00.000Z,44.88216,-1.08078,6.2,N20,N
2026-07-23T01:05:00.000Z,44.88724,-1.02746,5.8,N20,N
2026-07-23T01:05:00.000Z,44.88738,-1.03405,5.08,N20,N
2026-07-23T01:05:00.000Z,44.88752,-1.04067,5.08,N20,N
2026-07-23T01:05:00.000Z,44.88765,-1.04731,1.59,N20,N
2026-07-23T01:05:00.000Z,44.88778,-1.05395,1.59,N20,N
2026-07-23T01:05:00.000Z,44.88792,-1.06055,4.25,N20,N
2026-07-23T01:05:00.000Z,44.89326,-1.02047,2.03,N20,N
2026-07-23T01:05:00.000Z,44.89339,-1.02714,2.03,N20,N
2026-07-23T01:05:00.000Z,44.89354,-1.03379,1.57,N20,N
2026-07-23T01:05:00.000Z,44.89367,-1.04043,1.57,N20,N
2026-07-23T01:05:00.000Z,44.89381,-1.04705,2.4,N20,N
2026-07-23T01:05:00.000Z,44.89394,-1.05362,2.4,N20,N
2026-07-23T01:05:00.000Z,44.89863,-1.01809,1.96,N20,N
2026-07-23T01:05:00.000Z,44.89874,-1.02473,1.96,N20,N
2026-07-23T01:05:00.000Z,44.89884,-1.03139,1.23,N20,N
2026-07-23T01:05:00.000Z,44.89895,-1.03805,1.23,N20,N
2026-07-23T01:05:00.000Z,44.89906,-1.04468,2.45,N20,N
2026-07-23T01:05:00.000Z,44.89916,-1.05129,2.45,N20,N
2026-07-23T01:05:00.000Z,44.89941,-1.0202,2.03,N20,N
2026-07-23T01:05:00.000Z,44.89955,-1.02685,2.03,N20,N
2026-07-23T01:05:00.000Z,44.89969,-1.0335,1.57,N20,N
2026-07-23T01:05:00.000Z,44.89983,-1.04013,1.57,N20,N
2026-07-23T01:05:00.000Z,44.89997,-1.04675,2.4,N20,N
2026-07-23T01:05:00.000Z,44.9001,-1.05335,2.4,N20,N
2026-07-23T01:05:00.000Z,44.90499,-1.03109,1.23,N20,N
2026-07-23T01:05:00.000Z,44.9051,-1.03773,1.23,N20,N
2026-07-23T01:05:00.000Z,44.90521,-1.04436,2.45,N20,N
2026-07-23T01:05:00.000Z,44.90584,-1.03321,1.06,N20,N
2026-07-23T01:05:00.000Z,44.90599,-1.03985,1.06,N20,N
2026-07-23T01:05:00.000Z,44.90613,-1.04648,1.77,N20,N
2026-07-23T01:05:00.000Z,45.3995,-0.15824,0.69,N20,N
2026-07-23T01:52:00.000Z,44.81363,-1.13913,1.77,N21,N
2026-07-23T01:52:00.000Z,44.8143,-1.14443,15.84,N21,N
2026-07-23T01:52:00.000Z,44.81498,-1.14972,15.84,N21,N
2026-07-23T01:52:00.000Z,44.81565,-1.15502,1.01,N21,N
2026-07-23T01:52:00.000Z,44.81639,-1.13297,1.77,N21,N
2026-07-23T01:52:00.000Z,44.81706,-1.13827,1.77,N21,N
2026-07-23T01:52:00.000Z,44.81773,-1.14356,15.84,N21,N
2026-07-23T01:52:00.000Z,44.81841,-1.14886,15.84,N21,N
2026-07-23T01:52:00.000Z,44.81908,-1.15415,1.01,N21,N
2026-07-23T01:52:00.000Z,44.81913,-1.12681,1.81,N21,N
2026-07-23T01:52:00.000Z,44.81981,-1.1321,52.98,N21,N
2026-07-23T01:52:00.000Z,44.82048,-1.1374,52.98,N21,N
2026-07-23T01:52:00.000Z,44.82116,-1.14269,63.43,N21,N
2026-07-23T01:52:00.000Z,44.82183,-1.14799,63.43,N21,N
2026-07-23T01:52:00.000Z,44.82188,-1.12066,1.81,N21,N
2026-07-23T01:52:00.000Z,44.82251,-1.15328,1.45,N21,N
2026-07-23T01:52:00.000Z,44.82256,-1.12595,1.81,N21,N
2026-07-23T01:52:00.000Z,44.82323,-1.13124,52.98,N21,N
2026-07-23T01:52:00.000Z,44.82391,-1.13653,52.98,N21,N
2026-07-23T01:52:00.000Z,44.82458,-1.14183,63.43,N21,N
2026-07-23T01:52:00.000Z,44.82463,-1.1145,4.62,N21,N
2026-07-23T01:52:00.000Z,44.82526,-1.14712,63.43,N21,N
2026-07-23T01:52:00.000Z,44.82531,-1.11979,56.35,N21,N
2026-07-23T01:52:00.000Z,44.82594,-1.15242,1.45,N21,N
2026-07-23T01:52:00.000Z,44.82598,-1.12508,56.35,N21,N
2026-07-23T01:52:00.000Z,44.82666,-1.13038,42.23,N21,N
2026-07-23T01:52:00.000Z,44.82669,-1.10306,2.82,N21,N
2026-07-23T01:52:00.000Z,44.82734,-1.13567,42.23,N21,N
2026-07-23T01:52:00.000Z,44.82737,-1.10835,4.62,N21,N
2026-07-23T01:52:00.000Z,44.82801,-1.14096,11.78,N21,N
2026-07-23T01:52:00.000Z,44.82805,-1.11363,4.62,N21,N
2026-07-23T01:52:00.000Z,44.82868,-1.14625,11.78,N21,N
2026-07-23T01:52:00.000Z,44.82873,-1.11892,56.35,N21,N
2026-07-23T01:52:00.000Z,44.82877,-1.09164,1.24,N21,N
2026-07-23T01:52:00.000Z,44.82936,-1.15155,1.41,N21,N
2026-07-23T01:52:00.000Z,44.8294,-1.12422,56.35,N21,N
2026-07-23T01:52:00.000Z,44.82944,-1.09692,7.89,N21,N
2026-07-23T01:52:00.000Z,44.83008,-1.12951,42.23,N21,N
2026-07-23T01:52:00.000Z,44.83012,-1.1022,7.89,N21,N
2026-07-23T01:52:00.000Z,44.83076,-1.13481,42.23,N21,N
2026-07-23T01:52:00.000Z,44.8308,-1.10748,69.35,N21,N
2026-07-23T01:52:00.000Z,44.83143,-1.1401,11.78,N21,N
2026-07-23T01:52:00.000Z,44.83147,-1.11277,69.35,N21,N
2026-07-23T01:52:00.000Z,44.83151,-1.08549,1.24,N21,N
2026-07-23T01:52:00.000Z,44.83211,-1.1454,11.78,N21,N
2026-07-23T01:52:00.000Z,44.83215,-1.11806,63.51,N21,N
2026-07-23T01:52:00.000Z,44.83218,-1.09077,1.24,N21,N
2026-07-23T01:52:00.000Z,44.83283,-1.12335,63.51,N21,N
2026-07-23T01:52:00.000Z,44.83286,-1.09605,7.89,N21,N
2026-07-23T01:52:00.000Z,44.8335,-1.12865,39.41,N21,N
2026-07-23T01:52:00.000Z,44.83354,-1.10133,7.89,N21,N
2026-07-23T01:52:00.000Z,44.83418,-1.13395,39.41,N21,N
2026-07-23T01:52:00.000Z,44.83422,-1.10662,69.35,N21,N
2026-07-23T01:52:00.000Z,44.83425,-1.07935,1.46,N21,N
2026-07-23T01:52:00.000Z,44.83486,-1.13924,1.63,N21,N
2026-07-23T01:52:00.000Z,44.8349,-1.1119,69.35,N21,N
2026-07-23T01:52:00.000Z,44.83493,-1.08463,19.91,N21,N
2026-07-23T01:52:00.000Z,44.83557,-1.11719,63.51,N21,N
2026-07-23T01:52:00.000Z,44.83561,-1.0899,19.91,N21,N
2026-07-23T01:52:00.000Z,44.83625,-1.12249,63.51,N21,N
2026-07-23T01:52:00.000Z,44.83628,-1.09519,60.25,N21,N
2026-07-23T01:52:00.000Z,44.83693,-1.12778,39.41,N21,N
2026-07-23T01:52:00.000Z,44.83696,-1.10047,60.25,N21,N
2026-07-23T01:52:00.000Z,44.83699,-1.07321,1.46,N21,N
2026-07-23T01:52:00.000Z,44.83761,-1.13308,39.41,N21,N
2026-07-23T01:52:00.000Z,44.83764,-1.10575,33.04,N21,N
2026-07-23T01:52:00.000Z,44.83767,-1.07849,1.46,N21,N
2026-07-23T01:52:00.000Z,44.83829,-1.13838,1.63,N21,N
2026-07-23T01:52:00.000Z,44.83832,-1.11104,33.04,N21,N
2026-07-23T01:52:00.000Z,44.83835,-1.08376,19.91,N21,N
2026-07-23T01:52:00.000Z,44.839,-1.11633,13.66,N21,N
2026-07-23T01:52:00.000Z,44.83903,-1.08904,19.91,N21,N
2026-07-23T01:52:00.000Z,44.83968,-1.12162,13.66,N21,N
2026-07-23T01:52:00.000Z,44.83971,-1.09432,60.25,N21,N
2026-07-23T01:52:00.000Z,44.84035,-1.12692,1.42,N21,N
2026-07-23T01:52:00.000Z,44.84038,-1.09961,60.25,N21,N
2026-07-23T01:52:00.000Z,44.84041,-1.07235,15.68,N21,N
2026-07-23T01:52:00.000Z,44.84103,-1.13221,1.42,N21,N
2026-07-23T01:52:00.000Z,44.84106,-1.10489,33.04,N21,N
2026-07-23T01:52:00.000Z,44.84109,-1.07762,15.68,N21,N
2026-07-23T01:52:00.000Z,44.84174,-1.11018,33.04,N21,N
2026-07-23T01:52:00.000Z,44.84242,-1.11546,13.66,N21,N
2026-07-23T01:52:00.000Z,44.84245,-1.08818,96.12,N21,N
2026-07-23T01:52:00.000Z,44.8431,-1.12076,13.66,N21,N
2026-07-23T01:52:00.000Z,44.84312,-1.09346,26.14,N21,N
2026-07-23T01:52:00.000Z,44.84378,-1.12605,1.42,N21,N
2026-07-23T01:52:00.000Z,44.8438,-1.09874,26.14,N21,N
2026-07-23T01:52:00.000Z,44.84383,-1.07148,15.68,N21,N
2026-07-23T01:52:00.000Z,44.84449,-1.10403,28.13,N21,N
2026-07-23T01:52:00.000Z,44.84451,-1.07676,15.68,N21,N
2026-07-23T01:52:00.000Z,44.84517,-1.10932,28.13,N21,N
2026-07-23T01:52:00.000Z,44.84518,-1.08204,96.12,N21,N
2026-07-23T01:52:00.000Z,44.84584,-1.1146,3.94,N21,N
2026-07-23T01:52:00.000Z,44.84586,-1.08731,96.12,N21,N
2026-07-23T01:52:00.000Z,44.84652,-1.11989,3.94,N21,N
2026-07-23T01:52:00.000Z,44.84655,-1.0926,26.14,N21,N
2026-07-23T01:52:00.000Z,44.84657,-1.06534,2.06,N21,N
2026-07-23T01:52:00.000Z,44.84723,-1.09788,26.14,N21,N
2026-07-23T01:52:00.000Z,44.84724,-1.07061,17.11,N21,N
2026-07-23T01:52:00.000Z,44.84791,-1.10317,28.13,N21,N
2026-07-23T01:52:00.000Z,44.84793,-1.07589,17.11,N21,N
2026-07-23T01:52:00.000Z,44.84859,-1.10845,28.13,N21,N
2026-07-23T01:52:00.000Z,44.84861,-1.08117,15.76,N21,N
2026-07-23T01:52:00.000Z,44.84929,-1.08645,15.76,N21,N
2026-07-23T01:52:00.000Z,44.8493,-1.0592,2.06,N21,N
2026-07-23T01:52:00.000Z,44.84996,-1.09173,40.25,N21,N
2026-07-23T01:52:00.000Z,44.84998,-1.06447,2.06,N21,N
2026-07-23T01:52:00.000Z,44.85065,-1.09701,40.25,N21,N
2026-07-23T01:52:00.000Z,44.85067,-1.06975,17.11,N21,N
2026-07-23T01:52:00.000Z,44.85133,-1.1023,16.59,N21,N
2026-07-23T01:52:00.000Z,44.85135,-1.07502,17.11,N21,N
2026-07-23T01:52:00.000Z,44.85201,-1.10759,16.59,N21,N
2026-07-23T01:52:00.000Z,44.85202,-1.0803,15.76,N21,N
2026-07-23T01:52:00.000Z,44.85271,-1.08558,15.76,N21,N
2026-07-23T01:52:00.000Z,44.85272,-1.05833,24.31,N21,N
2026-07-23T01:52:00.000Z,44.85339,-1.09086,40.25,N21,N
2026-07-23T01:52:00.000Z,44.8534,-1.0636,24.31,N21,N
2026-07-23T01:52:00.000Z,44.85407,-1.09614,40.25,N21,N
2026-07-23T01:52:00.000Z,44.85408,-1.06888,14.84,N21,N
2026-07-23T01:52:00.000Z,44.85476,-1.10144,16.59,N21,N
2026-07-23T01:52:00.000Z,44.85476,-1.07416,14.84,N21,N
2026-07-23T01:52:00.000Z,44.85543,-1.10673,16.59,N21,N
2026-07-23T01:52:00.000Z,44.85545,-1.07944,20.63,N21,N
2026-07-23T01:52:00.000Z,44.85545,-1.05219,2.06,N21,N
2026-07-23T01:52:00.000Z,44.85612,-1.08472,20.63,N21,N
2026-07-23T01:52:00.000Z,44.85614,-1.05746,24.31,N21,N
2026-07-23T01:52:00.000Z,44.85681,-1.09,39.04,N21,N
2026-07-23T01:52:00.000Z,44.85682,-1.06274,24.31,N21,N
2026-07-23T01:52:00.000Z,44.85749,-1.09528,39.04,N21,N
2026-07-23T01:52:00.000Z,44.8575,-1.06801,14.84,N21,N
2026-07-23T01:52:00.000Z,44.85817,-1.10057,3.11,N21,N
2026-07-23T01:52:00.000Z,44.85818,-1.07329,14.84,N21,N
2026-07-23T01:52:00.000Z,44.85886,-1.07857,20.63,N21,N
2026-07-23T01:52:00.000Z,44.85887,-1.05133,36.79,N21,N
2026-07-23T01:52:00.000Z,44.85955,-1.08385,20.63,N21,N
2026-07-23T01:52:00.000Z,44.85955,-1.0566,34.88,N21,N
2026-07-23T01:52:00.000Z,44.86023,-1.08913,39.04,N21,N
2026-07-23T01:52:00.000Z,44.86023,-1.06187,34.88,N21,N
2026-07-23T01:52:00.000Z,44.86092,-1.09441,39.04,N21,N
2026-07-23T01:52:00.000Z,44.86092,-1.06715,13.03,N21,N
2026-07-23T01:52:00.000Z,44.8616,-1.0997,3.11,N21,N
2026-07-23T01:52:00.000Z,44.8616,-1.07242,13.03,N21,N
2026-07-23T01:52:00.000Z,44.8616,-1.0452,36.79,N21,N
2026-07-23T01:52:00.000Z,44.86229,-1.0777,34.47,N21,N
2026-07-23T01:52:00.000Z,44.86229,-1.05046,36.79,N21,N
2026-07-23T01:52:00.000Z,44.86297,-1.08298,34.47,N21,N
2026-07-23T01:52:00.000Z,44.86297,-1.05574,34.88,N21,N
2026-07-23T01:52:00.000Z,44.86366,-1.08826,6.5,N21,N
2026-07-23T01:52:00.000Z,44.86366,-1.06101,34.88,N21,N
2026-07-23T01:52:00.000Z,44.86434,-1.09355,6.5,N21,N
2026-07-23T01:52:00.000Z,44.86434,-1.06628,13.03,N21,N
2026-07-23T01:52:00.000Z,44.86502,-1.07156,13.03,N21,N
2026-07-23T01:52:00.000Z,44.86502,-1.04433,22.4,N21,N
2026-07-23T01:52:00.000Z,44.86571,-1.07683,34.47,N21,N
2026-07-23T01:52:00.000Z,44.86571,-1.0496,22.4,N21,N
2026-07-23T01:52:00.000Z,44.86639,-1.08212,34.47,N21,N
2026-07-23T01:52:00.000Z,44.86639,-1.05487,7.15,N21,N
2026-07-23T01:52:00.000Z,44.86708,-1.0874,6.5,N21,N
2026-07-23T01:52:00.000Z,44.86708,-1.06014,7.15,N21,N
2026-07-23T01:52:00.000Z,44.86776,-1.09269,6.5,N21,N
2026-07-23T01:52:00.000Z,44.86776,-1.06542,11.0,N21,N
2026-07-23T01:52:00.000Z,44.86844,-1.07069,11.0,N21,N
2026-07-23T01:52:00.000Z,44.86844,-1.04346,22.4,N21,N
2026-07-23T01:52:00.000Z,44.86913,-1.07597,26.05,N21,N
2026-07-23T01:52:00.000Z,44.86913,-1.04873,22.4,N21,N
2026-07-23T01:52:00.000Z,44.86981,-1.08126,26.05,N21,N
2026-07-23T01:52:00.000Z,44.86981,-1.054,7.15,N21,N
2026-07-23T01:52:00.000Z,44.87049,-1.05928,7.15,N21,N
2026-07-23T01:52:00.000Z,44.8705,-1.08654,1.42,N21,N
2026-07-23T01:52:00.000Z,44.87117,-1.03733,2.28,N21,N
2026-07-23T01:52:00.000Z,44.87118,-1.06455,11.0,N21,N
2026-07-23T01:52:00.000Z,44.87186,-1.06983,11.0,N21,N
2026-07-23T01:52:00.000Z,44.87186,-1.0426,3.05,N21,N
2026-07-23T01:52:00.000Z,44.87254,-1.04787,3.05,N21,N
2026-07-23T01:52:00.000Z,44.87255,-1.07511,26.05,N21,N
2026-07-23T01:52:00.000Z,44.87323,-1.08039,26.05,N21,N
2026-07-23T01:52:00.000Z,44.87323,-1.05314,7.82,N21,N
2026-07-23T01:52:00.000Z,44.87391,-1.05841,7.82,N21,N
2026-07-23T01:52:00.000Z,44.87392,-1.08568,1.42,N21,N
2026-07-23T01:52:00.000Z,44.87459,-1.03647,2.28,N21,N
2026-07-23T01:52:00.000Z,44.8746,-1.06369,11.08,N21,N
2026-07-23T01:52:00.000Z,44.87527,-1.04174,3.05,N21,N
2026-07-23T01:52:00.000Z,44.87528,-1.06896,11.08,N21,N
2026-07-23T01:52:00.000Z,44.87596,-1.04701,3.05,N21,N
2026-07-23T01:52:00.000Z,44.87597,-1.07424,18.1,N21,N
2026-07-23T01:52:00.000Z,44.87664,-1.05227,7.82,N21,N
2026-07-23T01:52:00.000Z,44.87666,-1.07953,18.1,N21,N
2026-07-23T01:52:00.000Z,44.87732,-1.03034,25.2,N21,N
2026-07-23T01:52:00.000Z,44.87733,-1.05754,7.82,N21,N
2026-07-23T01:52:00.000Z,44.87801,-1.03561,25.2,N21,N
2026-07-23T01:52:00.000Z,44.87802,-1.06282,11.08,N21,N
2026-07-23T01:52:00.000Z,44.87869,-1.04088,2.76,N21,N
2026-07-23T01:52:00.000Z,44.8787,-1.0681,11.08,N21,N
2026-07-23T01:52:00.000Z,44.87938,-1.04614,2.76,N21,N
2026-07-23T01:52:00.000Z,44.87939,-1.07338,18.1,N21,N
2026-07-23T01:52:00.000Z,44.88005,-1.02421,3.26,N21,N
2026-07-23T01:52:00.000Z,44.88006,-1.05141,3.37,N21,N
2026-07-23T01:52:00.000Z,44.88007,-1.07866,18.1,N21,N
2026-07-23T01:52:00.000Z,44.88074,-1.02948,25.2,N21,N
2026-07-23T01:52:00.000Z,44.88075,-1.05668,3.37,N21,N
2026-07-23T01:52:00.000Z,44.88142,-1.03474,25.2,N21,N
2026-07-23T01:52:00.000Z,44.88144,-1.06195,7.29,N21,N
2026-07-23T01:52:00.000Z,44.88211,-1.04001,2.76,N21,N
2026-07-23T01:52:00.000Z,44.88212,-1.06723,7.29,N21,N
2026-07-23T01:52:00.000Z,44.88279,-1.04528,2.76,N21,N
2026-07-23T01:52:00.000Z,44.88281,-1.07251,6.04,N21,N
2026-07-23T01:52:00.000Z,44.88346,-1.02334,3.87,N21,N
2026-07-23T01:52:00.000Z,44.88348,-1.05055,3.37,N21,N
2026-07-23T01:52:00.000Z,44.88415,-1.02861,34.16,N21,N
2026-07-23T01:52:00.000Z,44.88417,-1.05582,3.37,N21,N
2026-07-23T01:52:00.000Z,44.88484,-1.03387,34.16,N21,N
2026-07-23T01:52:00.000Z,44.88485,-1.06109,7.29,N21,N
2026-07-23T01:52:00.000Z,44.88553,-1.03914,3.88,N21,N
2026-07-23T01:52:00.000Z,44.88622,-1.04441,3.88,N21,N
2026-07-23T01:52:00.000Z,44.88688,-1.02247,3.87,N21,N
2026-07-23T01:52:00.000Z,44.8869,-1.04968,3.44,N21,N
2026-07-23T01:52:00.000Z,44.88757,-1.02774,34.16,N21,N
2026-07-23T01:52:00.000Z,44.88826,-1.033,34.16,N21,N
2026-07-23T01:52:00.000Z,44.88894,-1.03827,3.88,N21,N
2026-07-23T01:52:00.000Z,44.88963,-1.04355,3.88,N21,N
2026-07-23T01:52:00.000Z,44.89029,-1.0216,12.67,N21,N
2026-07-23T01:52:00.000Z,44.89032,-1.04882,3.44,N21,N
2026-07-23T01:52:00.000Z,44.89098,-1.02687,6.9,N21,N
2026-07-23T01:52:00.000Z,44.89101,-1.05409,3.44,N21,N
2026-07-23T01:52:00.000Z,44.89167,-1.03214,6.9,N21,N
2026-07-23T01:52:00.000Z,44.89236,-1.03741,2.03,N21,N
2026-07-23T01:52:00.000Z,44.89275,-1.01925,9.15,N21,N
2026-07-23T01:52:00.000Z,44.89305,-1.04268,2.03,N21,N
2026-07-23T01:52:00.000Z,44.89342,-1.02452,9.15,N21,N
2026-07-23T01:52:00.000Z,44.89371,-1.02073,12.67,N21,N
2026-07-23T01:52:00.000Z,44.89374,-1.04795,10.71,N21,N
2026-07-23T01:52:00.000Z,44.8941,-1.0298,2.16,N21,N
2026-07-23T01:52:00.000Z,44.8944,-1.026,6.9,N21,N
2026-07-23T01:52:00.000Z,44.89443,-1.05322,10.71,N21,N
2026-07-23T01:52:00.000Z,44.89477,-1.03508,2.16,N21,N
2026-07-23T01:52:00.000Z,44.89508,-1.03127,6.9,N21,N
2026-07-23T01:52:00.000Z,44.89544,-1.04036,3.7,N21,N
2026-07-23T01:52:00.000Z,44.89578,-1.03655,2.03,N21,N
2026-07-23T01:52:00.000Z,44.89611,-1.04563,3.7,N21,N
2026-07-23T01:52:00.000Z,44.89616,-1.01838,9.15,N21,N
2026-07-23T01:52:00.000Z,44.89647,-1.04182,2.03,N21,N
2026-07-23T01:52:00.000Z,44.89679,-1.05091,10.71,N21,N
2026-07-23T01:52:00.000Z,44.89684,-1.02365,9.15,N21,N
2026-07-23T01:52:00.000Z,44.89716,-1.04709,10.71,N21,N
2026-07-23T01:52:00.000Z,44.89751,-1.02893,2.16,N21,N
2026-07-23T01:52:00.000Z,44.89785,-1.05236,10.71,N21,N
2026-07-23T01:52:00.000Z,44.89819,-1.03421,2.16,N21,N
2026-07-23T01:52:00.000Z,44.89886,-1.03949,3.7,N21,N
2026-07-23T01:52:00.000Z,44.89953,-1.04476,3.7,N21,N
2026-07-23T01:52:00.000Z,44.89958,-1.01751,2.72,N21,N
2026-07-23T01:52:00.000Z,44.9002,-1.05004,10.71,N21,N
2026-07-23T01:52:00.000Z,44.90025,-1.02278,2.72,N21,N
2026-07-23T01:52:00.000Z,44.90092,-1.02806,1.75,N21,N
2026-07-23T01:52:00.000Z,44.9016,-1.03334,1.75,N21,N
2026-07-23T01:52:00.000Z,44.90228,-1.03862,7.13,N21,N
2026-07-23T01:52:00.000Z,44.90295,-1.0439,7.13,N21,N
2026-07-23T01:52:00.000Z,44.90367,-1.02192,2.72,N21,N
2026-07-23T01:52:00.000Z,44.90434,-1.0272,1.75,N21,N
2026-07-23T01:52:00.000Z,44.90502,-1.03247,1.75,N21,N
2026-07-23T02:28:00.000Z,44.81464,-1.14259,21.45,N,N
2026-07-23T02:28:00.000Z,44.81563,-1.14789,21.45,N,N
2026-07-23T02:28:00.000Z,44.81663,-1.15318,3.22,N,N
2026-07-23T02:28:00.000Z,44.81705,-1.13603,2.07,N,N
2026-07-23T02:28:00.000Z,44.81805,-1.14132,21.45,N,N
2026-07-23T02:28:00.000Z,44.81904,-1.14662,21.45,N,N
2026-07-23T02:28:00.000Z,44.81947,-1.12947,17.62,N,N
2026-07-23T02:28:00.000Z,44.82004,-1.15191,3.22,N,N
2026-07-23T02:28:00.000Z,44.82016,-1.12781,1.72,N,N
2026-07-23T02:28:00.000Z,44.82046,-1.13476,17.62,N,N
2026-07-23T02:28:00.000Z,44.82117,-1.1331,39.92,N,N
2026-07-23T02:28:00.000Z,44.82146,-1.14005,59.27,N,N
2026-07-23T02:28:00.000Z,44.82188,-1.12288,2.25,N,N
2026-07-23T02:28:00.000Z,44.82218,-1.13838,39.92,N,N
2026-07-23T02:28:00.000Z,44.82245,-1.14534,59.27,N,N
2026-07-23T02:28:00.000Z,44.82256,-1.12124,1.72,N,N
2026-07-23T02:28:00.000Z,44.82288,-1.12819,17.62,N,N
2026-07-23T02:28:00.000Z,44.82319,-1.14367,32.34,N,N
2026-07-23T02:28:00.000Z,44.82344,-1.15064,1.82,N,N
2026-07-23T02:28:00.000Z,44.82357,-1.12654,1.72,N,N
2026-07-23T02:28:00.000Z,44.82387,-1.13348,17.62,N,N
2026-07-23T02:28:00.000Z,44.8242,-1.14895,32.34,N,N
2026-07-23T02:28:00.000Z,44.82457,-1.13182,39.92,N,N
2026-07-23T02:28:00.000Z,44.82486,-1.13878,59.27,N,N
2026-07-23T02:28:00.000Z,44.82496,-1.11469,2.95,N,N
2026-07-23T02:28:00.000Z,44.82558,-1.13711,39.92,N,N
2026-07-23T02:28:00.000Z,44.82586,-1.14407,59.27,N,N
2026-07-23T02:28:00.000Z,44.82597,-1.11997,47.23,N,N
2026-07-23T02:28:00.000Z,44.82634,-1.10282,3.06,N,N
2026-07-23T02:28:00.000Z,44.8266,-1.1424,32.34,N,N
2026-07-23T02:28:00.000Z,44.82685,-1.14937,1.82,N,N
2026-07-23T02:28:00.000Z,44.82698,-1.12526,47.23,N,N
2026-07-23T02:28:00.000Z,44.82736,-1.10812,2.95,N,N
2026-07-23T02:28:00.000Z,44.82761,-1.14769,32.34,N,N
2026-07-23T02:28:00.000Z,44.82799,-1.13055,38.2,N,N
2026-07-23T02:28:00.000Z,44.82837,-1.11341,2.95,N,N
2026-07-23T02:28:00.000Z,44.82874,-1.09625,10.76,N,N
2026-07-23T02:28:00.000Z,44.82899,-1.13583,38.2,N,N
2026-07-23T02:28:00.000Z,44.82938,-1.11871,47.23,N,N
2026-07-23T02:28:00.000Z,44.82975,-1.10155,10.76,N,N
2026-07-23T02:28:00.000Z,44.83001,-1.14112,5.0,N,N
2026-07-23T02:28:00.000Z,44.83039,-1.12399,47.23,N,N
2026-07-23T02:28:00.000Z,44.83077,-1.10684,79.93,N,N
2026-07-23T02:28:00.000Z,44.83101,-1.14641,5.0,N,N
2026-07-23T02:28:00.000Z,44.83115,-1.08967,2.66,N,N
2026-07-23T02:28:00.000Z,44.83139,-1.12927,38.2,N,N
2026-07-23T02:28:00.000Z,44.83178,-1.11214,79.93,N,N
2026-07-23T02:28:00.000Z,44.83216,-1.09497,10.76,N,N
2026-07-23T02:28:00.000Z,44.83241,-1.13456,38.2,N,N
2026-07-23T02:28:00.000Z,44.83279,-1.11743,44.89,N,N
2026-07-23T02:28:00.000Z,44.83317,-1.10027,10.76,N,N
2026-07-23T02:28:00.000Z,44.83341,-1.13985,5.0,N,N
2026-07-23T02:28:00.000Z,44.83355,-1.08309,3.99,N,N
2026-07-23T02:28:00.000Z,44.83379,-1.12272,44.89,N,N
2026-07-23T02:28:00.000Z,44.83418,-1.10557,79.93,N,N
2026-07-23T02:28:00.000Z,44.83456,-1.08839,3.99,N,N
2026-07-23T02:28:00.000Z,44.8348,-1.128,30.58,N,N
2026-07-23T02:28:00.000Z,44.83519,-1.11086,79.93,N,N
2026-07-23T02:28:00.000Z,44.83557,-1.09369,110.03,N,N
2026-07-23T02:28:00.000Z,44.83582,-1.13329,30.58,N,N
2026-07-23T02:28:00.000Z,44.8362,-1.11616,44.89,N,N
2026-07-23T02:28:00.000Z,44.83682,-1.13857,1.7,N,N
2026-07-23T02:28:00.000Z,44.83696,-1.08181,3.99,N,N
2026-07-23T02:28:00.000Z,44.83721,-1.12144,44.89,N,N
2026-07-23T02:28:00.000Z,44.83759,-1.10429,37.37,N,N
2026-07-23T02:28:00.000Z,44.83797,-1.08711,3.99,N,N
2026-07-23T02:28:00.000Z,44.83821,-1.12673,30.58,N,N
2026-07-23T02:28:00.000Z,44.8386,-1.10959,37.37,N,N
2026-07-23T02:28:00.000Z,44.83898,-1.09241,110.03,N,N
2026-07-23T02:28:00.000Z,44.83922,-1.13202,30.58,N,N
2026-07-23T02:28:00.000Z,44.83936,-1.07522,2.19,N,N
2026-07-23T02:28:00.000Z,44.83961,-1.11488,17.02,N,N
2026-07-23T02:28:00.000Z,44.83999,-1.09771,110.03,N,N
2026-07-23T02:28:00.000Z,44.84037,-1.08052,71.71,N,N
2026-07-23T02:28:00.000Z,44.84061,-1.12017,17.02,N,N
2026-07-23T02:28:00.000Z,44.841,-1.10301,37.37,N,N
2026-07-23T02:28:00.000Z,44.84163,-1.12546,2.66,N,N
2026-07-23T02:28:00.000Z,44.84201,-1.10831,37.37,N,N
2026-07-23T02:28:00.000Z,44.84239,-1.09113,29.62,N,N
2026-07-23T02:28:00.000Z,44.84277,-1.07394,2.19,N,N
2026-07-23T02:28:00.000Z,44.84302,-1.11361,17.02,N,N
2026-07-23T02:28:00.000Z,44.8434,-1.09643,29.62,N,N
2026-07-23T02:28:00.000Z,44.84378,-1.07925,71.71,N,N
2026-07-23T02:28:00.000Z,44.84403,-1.11889,17.02,N,N
2026-07-23T02:28:00.000Z,44.84441,-1.10173,24.71,N,N
2026-07-23T02:28:00.000Z,44.84479,-1.08455,71.71,N,N
2026-07-23T02:28:00.000Z,44.84517,-1.06735,4.76,N,N
2026-07-23T02:28:00.000Z,44.84542,-1.10703,24.71,N,N
2026-07-23T02:28:00.000Z,44.8458,-1.08985,29.62,N,N
2026-07-23T02:28:00.000Z,44.84618,-1.07266,4.76,N,N
2026-07-23T02:28:00.000Z,44.84643,-1.11232,11.27,N,N
2026-07-23T02:28:00.000Z,44.84681,-1.09516,29.62,N,N
2026-07-23T02:28:00.000Z,44.84719,-1.07797,20.26,N,N
2026-07-23T02:28:00.000Z,44.84758,-1.06076,1.82,N,N
2026-07-23T02:28:00.000Z,44.84782,-1.10045,24.71,N,N
2026-07-23T02:28:00.000Z,44.84821,-1.08327,20.26,N,N
2026-07-23T02:28:00.000Z,44.84859,-1.06607,4.76,N,N
2026-07-23T02:28:00.000Z,44.84883,-1.10575,24.71,N,N
2026-07-23T02:28:00.000Z,44.84922,-1.08858,25.57,N,N
2026-07-23T02:28:00.000Z,44.8496,-1.07138,4.76,N,N
2026-07-23T02:28:00.000Z,44.84983,-1.11105,11.27,N,N
2026-07-23T02:28:00.000Z,44.84998,-1.05417,3.6,N,N
2026-07-23T02:28:00.000Z,44.85023,-1.09388,25.57,N,N
2026-07-23T02:28:00.000Z,44.85061,-1.07669,20.26,N,N
2026-07-23T02:28:00.000Z,44.85099,-1.05949,3.6,N,N
2026-07-23T02:28:00.000Z,44.85123,-1.09918,27.65,N,N
2026-07-23T02:28:00.000Z,44.85162,-1.08199,20.26,N,N
2026-07-23T02:28:00.000Z,44.852,-1.0648,35.78,N,N
2026-07-23T02:28:00.000Z,44.85224,-1.10447,27.65,N,N
2026-07-23T02:28:00.000Z,44.85238,-1.04758,1.42,N,N
2026-07-23T02:28:00.000Z,44.85263,-1.08729,25.57,N,N
2026-07-23T02:28:00.000Z,44.85301,-1.0701,35.78,N,N
2026-07-23T02:28:00.000Z,44.85339,-1.0529,3.6,N,N
2026-07-23T02:28:00.000Z,44.85364,-1.0926,25.57,N,N
2026-07-23T02:28:00.000Z,44.85402,-1.07541,18.64,N,N
2026-07-23T02:28:00.000Z,44.8544,-1.05821,3.6,N,N
2026-07-23T02:28:00.000Z,44.85464,-1.0979,27.65,N,N
2026-07-23T02:28:00.000Z,44.85503,-1.08072,18.64,N,N
2026-07-23T02:28:00.000Z,44.85542,-1.06351,35.78,N,N
2026-07-23T02:28:00.000Z,44.85565,-1.1032,27.65,N,N
2026-07-23T02:28:00.000Z,44.85604,-1.08602,23.8,N,N
2026-07-23T02:28:00.000Z,44.85642,-1.06882,35.78,N,N
2026-07-23T02:28:00.000Z,44.85681,-1.05161,68.95,N,N
2026-07-23T02:28:00.000Z,44.85704,-1.09132,23.8,N,N
2026-07-23T02:28:00.000Z,44.85743,-1.07413,18.64,N,N
2026-07-23T02:28:00.000Z,44.85782,-1.05692,68.95,N,N
2026-07-23T02:28:00.000Z,44.85806,-1.09663,22.03,N,N
2026-07-23T02:28:00.000Z,44.85844,-1.07944,18.64,N,N
2026-07-23T02:28:00.000Z,44.85883,-1.06223,31.02,N,N
2026-07-23T02:28:00.000Z,44.85906,-1.10192,22.03,N,N
2026-07-23T02:28:00.000Z,44.85921,-1.04501,2.15,N,N
2026-07-23T02:28:00.000Z,44.85945,-1.08475,23.8,N,N
2026-07-23T02:28:00.000Z,44.85984,-1.06754,31.02,N,N
2026-07-23T02:28:00.000Z,44.86022,-1.05032,68.95,N,N
2026-07-23T02:28:00.000Z,44.86046,-1.09005,23.8,N,N
2026-07-23T02:28:00.000Z,44.86084,-1.07285,20.62,N,N
2026-07-23T02:28:00.000Z,44.86123,-1.05564,68.95,N,N
2026-07-23T02:28:00.000Z,44.86147,-1.09535,22.03,N,N
2026-07-23T02:28:00.000Z,44.86185,-1.07816,20.62,N,N
2026-07-23T02:28:00.000Z,44.86224,-1.06095,31.02,N,N
2026-07-23T02:28:00.000Z,44.86247,-1.10065,22.03,N,N
2026-07-23T02:28:00.000Z,44.86263,-1.04372,2.29,N,N
2026-07-23T02:28:00.000Z,44.86286,-1.08347,26.99,N,N
2026-07-23T02:28:00.000Z,44.86325,-1.06626,31.02,N,N
2026-07-23T02:28:00.000Z,44.86364,-1.04904,21.42,N,N
2026-07-23T02:28:00.000Z,44.86387,-1.08877,26.99,N,N
2026-07-23T02:28:00.000Z,44.86426,-1.07157,20.62,N,N
2026-07-23T02:28:00.000Z,44.86464,-1.05435,21.42,N,N
2026-07-23T02:28:00.000Z,44.86487,-1.09407,2.11,N,N
2026-07-23T02:28:00.000Z,44.86526,-1.07688,20.62,N,N
2026-07-23T02:28:00.000Z,44.86565,-1.05967,6.98,N,N
2026-07-23T02:28:00.000Z,44.86588,-1.09937,2.11,N,N
2026-07-23T02:28:00.000Z,44.86604,-1.04244,2.29,N,N
2026-07-23T02:28:00.000Z,44.86627,-1.08218,26.99,N,N
2026-07-23T02:28:00.000Z,44.86666,-1.06498,6.98,N,N
2026-07-23T02:28:00.000Z,44.86705,-1.04776,21.42,N,N
2026-07-23T02:28:00.000Z,44.86728,-1.08748,26.99,N,N
2026-07-23T02:28:00.000Z,44.86767,-1.07029,15.68,N,N
2026-07-23T02:28:00.000Z,44.86806,-1.05307,21.42,N,N
2026-07-23T02:28:00.000Z,44.86829,-1.09279,2.11,N,N
2026-07-23T02:28:00.000Z,44.86868,-1.0756,15.68,N,N
2026-07-23T02:28:00.000Z,44.86907,-1.05838,6.98,N,N
2026-07-23T02:28:00.000Z,44.86946,-1.04115,2.16,N,N
2026-07-23T02:28:00.000Z,44.86969,-1.0809,13.23,N,N
2026-07-23T02:28:00.000Z,44.87008,-1.0637,6.98,N,N
2026-07-23T02:28:00.000Z,44.87046,-1.04647,4.39,N,N
2026-07-23T02:28:00.000Z,44.87069,-1.0862,13.23,N,N
2026-07-23T02:28:00.000Z,44.87108,-1.06901,15.68,N,N
2026-07-23T02:28:00.000Z,44.87147,-1.05179,4.39,N,N
2026-07-23T02:28:00.000Z,44.87209,-1.07432,15.68,N,N
2026-07-23T02:28:00.000Z,44.87248,-1.0571,7.69,N,N
2026-07-23T02:28:00.000Z,44.87287,-1.03986,2.16,N,N
2026-07-23T02:28:00.000Z,44.87309,-1.07962,13.23,N,N
2026-07-23T02:28:00.000Z,44.87349,-1.06241,7.69,N,N
2026-07-23T02:28:00.000Z,44.87387,-1.04518,4.39,N,N
2026-07-23T02:28:00.000Z,44.8741,-1.08492,13.23,N,N
2026-07-23T02:28:00.000Z,44.87449,-1.06773,13.23,N,N
2026-07-23T02:28:00.000Z,44.87489,-1.0505,4.39,N,N
2026-07-23T02:28:00.000Z,44.87527,-1.03325,6.45,N,N
2026-07-23T02:28:00.000Z,44.8755,-1.07303,13.23,N,N
2026-07-23T02:28:00.000Z,44.87589,-1.05582,7.69,N,N
2026-07-23T02:28:00.000Z,44.87628,-1.03857,6.45,N,N
2026-07-23T02:28:00.000Z,44.8765,-1.07834,21.32,N,N
2026-07-23T02:28:00.000Z,44.8769,-1.06113,7.69,N,N
2026-07-23T02:28:00.000Z,44.87729,-1.04389,1.95,N,N
2026-07-23T02:28:00.000Z,44.87768,-1.02664,1.27,N,N
2026-07-23T02:28:00.000Z,44.87791,-1.06644,13.23,N,N
2026-07-23T02:28:00.000Z,44.8783,-1.04921,1.95,N,N
2026-07-23T02:28:00.000Z,44.87868,-1.03196,6.45,N,N
2026-07-23T02:28:00.000Z,44.87891,-1.07175,13.23,N,N
2026-07-23T02:28:00.000Z,44.87931,-1.05453,3.67,N,N
2026-07-23T02:28:00.000Z,44.8797,-1.03729,6.45,N,N
2026-07-23T02:28:00.000Z,44.87992,-1.07706,21.32,N,N
2026-07-23T02:28:00.000Z,44.88031,-1.05985,3.67,N,N
2026-07-23T02:28:00.000Z,44.88071,-1.0426,1.95,N,N
2026-07-23T02:28:00.000Z,44.8811,-1.02535,2.65,N,N
2026-07-23T02:28:00.000Z,44.88132,-1.06516,9.53,N,N
2026-07-23T02:28:00.000Z,44.88171,-1.04792,1.95,N,N
2026-07-23T02:28:00.000Z,44.8821,-1.03068,24.37,N,N
2026-07-23T02:28:00.000Z,44.88232,-1.07047,9.53,N,N
2026-07-23T02:28:00.000Z,44.88272,-1.05325,3.67,N,N
2026-07-23T02:28:00.000Z,44.88311,-1.036,24.37,N,N
2026-07-23T02:28:00.000Z,44.88333,-1.07579,4.43,N,N
2026-07-23T02:28:00.000Z,44.88372,-1.05856,3.67,N,N
2026-07-23T02:28:00.000Z,44.88412,-1.04132,2.87,N,N
2026-07-23T02:28:00.000Z,44.88451,-1.02407,2.65,N,N
2026-07-23T02:28:00.000Z,44.88473,-1.06388,9.53,N,N
2026-07-23T02:28:00.000Z,44.88513,-1.04664,2.87,N,N
2026-07-23T02:28:00.000Z,44.88552,-1.02939,24.37,N,N
2026-07-23T02:28:00.000Z,44.88573,-1.0692,9.53,N,N
2026-07-23T02:28:00.000Z,44.88613,-1.05196,2.23,N,N
2026-07-23T02:28:00.000Z,44.88652,-1.03472,24.37,N,N
2026-07-23T02:28:00.000Z,44.88713,-1.05727,2.23,N,N
2026-07-23T02:28:00.000Z,44.88753,-1.04004,2.87,N,N
2026-07-23T02:28:00.000Z,44.88792,-1.02278,6.84,N,N
2026-07-23T02:28:00.000Z,44.88853,-1.04535,2.87,N,N
2026-07-23T02:28:00.000Z,44.88893,-1.0281,15.55,N,N
2026-07-23T02:28:00.000Z,44.88954,-1.05067,2.23,N,N
2026-07-23T02:28:00.000Z,44.88993,-1.03343,15.55,N,N
2026-07-23T02:28:00.000Z,44.89095,-1.03875,2.09,N,N
2026-07-23T02:28:00.000Z,44.89134,-1.0215,6.84,N,N
2026-07-23T02:28:00.000Z,44.89195,-1.04407,2.09,N,N
2026-07-23T02:28:00.000Z,44.89235,-1.02682,15.55,N,N
2026-07-23T02:28:00.000Z,44.89296,-1.04939,7.09,N,N
2026-07-23T02:28:00.000Z,44.89335,-1.03214,15.55,N,N
2026-07-23T02:28:00.000Z,44.89396,-1.05471,7.09,N,N
2026-07-23T02:28:00.000Z,44.89436,-1.03746,2.09,N,N
2026-07-23T02:28:00.000Z,44.89476,-1.02022,10.76,N,N
2026-07-23T02:28:00.000Z,44.89536,-1.04278,2.09,N,N
2026-07-23T02:28:00.000Z,44.89576,-1.02554,4.35,N,N
2026-07-23T02:28:00.000Z,44.89637,-1.0481,7.09,N,N
2026-07-23T02:28:00.000Z,44.89677,-1.03086,4.35,N,N
2026-07-23T02:28:00.000Z,44.89737,-1.05343,7.09,N,N
2026-07-23T02:28:00.000Z,44.89777,-1.03617,2.47,N,N
2026-07-23T02:28:00.000Z,44.89817,-1.01893,10.76,N,N
2026-07-23T02:28:00.000Z,44.89878,-1.04149,2.47,N,N
2026-07-23T02:28:00.000Z,44.89918,-1.02425,4.35,N,N
2026-07-23T02:28:00.000Z,44.89978,-1.04681,6.89,N,N
2026-07-23T02:28:00.000Z,44.90018,-1.02957,4.35,N,N
2026-07-23T02:28:00.000Z,44.90079,-1.05214,6.89,N,N
2026-07-23T02:28:00.000Z,44.90118,-1.03489,2.47,N,N
2026-07-23T02:28:00.000Z,44.90159,-1.01764,1.7,N,N
2026-07-23T02:28:00.000Z,44.90219,-1.04021,2.47,N,N
2026-07-23T02:28:00.000Z,44.90259,-1.02296,1.69,N,N
2026-07-23T02:28:00.000Z,44.90319,-1.04553,6.89,N,N
2026-07-23T02:28:00.000Z,44.90359,-1.02828,1.69,N,N
2026-07-23T02:28:00.000Z,44.9046,-1.0336,2.23,N,N
2026-07-23T02:28:00.000Z,44.90601,-1.02167,1.69,N,N
2026-07-23T02:47:00.000Z,44.81599,-1.14758,36.44,N20,N
2026-07-23T02:47:00.000Z,44.81729,-1.13338,29.42,N20,N
2026-07-23T02:47:00.000Z,44.81878,-1.13942,29.42,N20,N
2026-07-23T02:47:00.000Z,44.82008,-1.1252,3.87,N20,N
2026-07-23T02:47:00.000Z,44.82029,-1.14548,36.44,N20,N
2026-07-23T02:47:00.000Z,44.82158,-1.13127,45.59,N20,N
2026-07-23T02:47:00.000Z,44.82288,-1.11704,3.87,N20,N
2026-07-23T02:47:00.000Z,44.82308,-1.13732,45.59,N20,N
2026-07-23T02:47:00.000Z,44.82438,-1.12309,3.87,N20,N
2026-07-23T02:47:00.000Z,44.82458,-1.14338,39.15,N20,N
2026-07-23T02:47:00.000Z,44.82477,-1.11482,19.46,N20,N
2026-07-23T02:47:00.000Z,44.82568,-1.10886,16.03,N20,N
2026-07-23T02:47:00.000Z,44.82587,-1.12915,45.59,N20,N
2026-07-23T02:47:00.000Z,44.8263,-1.12085,80.41,N20,N
2026-07-23T02:47:00.000Z,44.82718,-1.11493,100.94,N20,N
2026-07-23T02:47:00.000Z,44.82737,-1.13519,45.59,N20,N
2026-07-23T02:47:00.000Z,44.82754,-1.10666,19.46,N20,N
2026-07-23T02:47:00.000Z,44.82783,-1.12688,80.41,N20,N
2026-07-23T02:47:00.000Z,44.82848,-1.10066,16.03,N20,N
2026-07-23T02:47:00.000Z,44.82867,-1.121,100.94,N20,N
2026-07-23T02:47:00.000Z,44.82887,-1.14126,39.15,N20,N
2026-07-23T02:47:00.000Z,44.82907,-1.11272,19.46,N20,N
2026-07-23T02:47:00.000Z,44.82935,-1.1329,29.41,N20,N
2026-07-23T02:47:00.000Z,44.82998,-1.10674,16.03,N20,N
2026-07-23T02:47:00.000Z,44.83017,-1.12703,52.35,N20,N
2026-07-23T02:47:00.000Z,44.83031,-1.09849,26.43,N20,N
2026-07-23T02:47:00.000Z,44.8306,-1.11876,80.41,N20,N
2026-07-23T02:47:00.000Z,44.83088,-1.13894,29.41,N20,N
2026-07-23T02:47:00.000Z,44.83127,-1.09245,16.7,N20,N
2026-07-23T02:47:00.000Z,44.83147,-1.11282,100.94,N20,N
2026-07-23T02:47:00.000Z,44.83166,-1.13308,52.35,N20,N
2026-07-23T02:47:00.000Z,44.83184,-1.10455,82.16,N20,N
2026-07-23T02:47:00.000Z,44.83213,-1.12478,80.41,N20,N
2026-07-23T02:47:00.000Z,44.83297,-1.11888,100.94,N20,N
2026-07-23T02:47:00.000Z,44.83307,-1.09032,26.43,N20,N
2026-07-23T02:47:00.000Z,44.83315,-1.13913,4.92,N20,N
2026-07-23T02:47:00.000Z,44.83337,-1.11061,82.16,N20,N
2026-07-23T02:47:00.000Z,44.83365,-1.1308,29.41,N20,N
2026-07-23T02:47:00.000Z,44.83427,-1.10462,111.79,N20,N
2026-07-23T02:47:00.000Z,44.83446,-1.12492,52.35,N20,N
2026-07-23T02:47:00.000Z,44.83461,-1.09638,26.43,N20,N
2026-07-23T02:47:00.000Z,44.8349,-1.11665,34.04,N20,N
2026-07-23T02:47:00.000Z,44.83517,-1.13682,29.41,N20,N
2026-07-23T02:47:00.000Z,44.83557,-1.09033,16.7,N20,N
2026-07-23T02:47:00.000Z,44.83577,-1.1107,30.72,N20,N
2026-07-23T02:47:00.000Z,44.83595,-1.13096,52.35,N20,N
2026-07-23T02:47:00.000Z,44.83614,-1.10244,82.16,N20,N
2026-07-23T02:47:00.000Z,44.83642,-1.12267,34.04,N20,N
2026-07-23T02:47:00.000Z,44.83707,-1.09641,111.79,N20,N
2026-07-23T02:47:00.000Z,44.83726,-1.11675,30.72,N20,N
2026-07-23T02:47:00.000Z,44.83737,-1.0882,61.03,N20,N
2026-07-23T02:47:00.000Z,44.83767,-1.1085,82.16,N20,N
2026-07-23T02:47:00.000Z,44.83794,-1.1287,31.3,N20,N
2026-07-23T02:47:00.000Z,44.83856,-1.10248,111.79,N20,N
2026-07-23T02:47:00.000Z,44.83875,-1.1228,11.71,N20,N
2026-07-23T02:47:00.000Z,44.8389,-1.09426,61.03,N20,N
2026-07-23T02:47:00.000Z,44.8392,-1.11455,34.04,N20,N
2026-07-23T02:47:00.000Z,44.84006,-1.10857,30.72,N20,N
2026-07-23T02:47:00.000Z,44.84013,-1.07999,25.51,N20,N
2026-07-23T02:47:00.000Z,44.84025,-1.12885,11.71,N20,N
2026-07-23T02:47:00.000Z,44.84043,-1.10031,27.92,N20,N
2026-07-23T02:47:00.000Z,44.84071,-1.12057,34.04,N20,N
2026-07-23T02:47:00.000Z,44.84156,-1.11464,30.72,N20,N
2026-07-23T02:47:00.000Z,44.84167,-1.08608,61.03,N20,N
2026-07-23T02:47:00.000Z,44.84195,-1.10637,27.92,N20,N
2026-07-23T02:47:00.000Z,44.8432,-1.09213,61.03,N20,N
2026-07-23T02:47:00.000Z,44.84348,-1.11243,16.33,N20,N
2026-07-23T02:47:00.000Z,44.84443,-1.07787,23.66,N20,N
2026-07-23T02:47:00.000Z,44.84472,-1.09819,27.92,N20,N
2026-07-23T02:47:00.000Z,44.84597,-1.08395,24.28,N20,N
2026-07-23T02:47:00.000Z,44.84625,-1.10425,27.92,N20,N
2026-07-23T02:47:00.000Z,44.84721,-1.06968,23.66,N20,N
2026-07-23T02:47:00.000Z,44.84749,-1.09002,24.28,N20,N
2026-07-23T02:47:00.000Z,44.84778,-1.1103,16.33,N20,N
2026-07-23T02:47:00.000Z,44.84874,-1.07576,23.66,N20,N
2026-07-23T02:47:00.000Z,44.84902,-1.09608,30.82,N20,N
2026-07-23T02:47:00.000Z,44.84998,-1.06148,23.49,N20,N
2026-07-23T02:47:00.000Z,44.85026,-1.08183,24.28,N20,N
2026-07-23T02:47:00.000Z,44.85055,-1.10213,30.82,N20,N
2026-07-23T02:47:00.000Z,44.85151,-1.06756,27.77,N20,N
2026-07-23T02:47:00.000Z,44.85179,-1.08789,24.28,N20,N
2026-07-23T02:47:00.000Z,44.85303,-1.07364,27.77,N20,N
2026-07-23T02:47:00.000Z,44.85332,-1.09397,30.82,N20,N
2026-07-23T02:47:00.000Z,44.85428,-1.05937,23.49,N20,N
2026-07-23T02:47:00.000Z,44.85456,-1.07972,17.35,N20,N
2026-07-23T02:47:00.000Z,44.85484,-1.10002,30.82,N20,N
2026-07-23T02:47:00.000Z,44.85581,-1.06545,27.77,N20,N
2026-07-23T02:47:00.000Z,44.85609,-1.08578,17.35,N20,N
2026-07-23T02:47:00.000Z,44.85706,-1.05116,64.69,N20,N
2026-07-23T02:47:00.000Z,44.85734,-1.07152,27.77,N20,N
2026-07-23T02:47:00.000Z,44.85762,-1.09186,29.45,N20,N
2026-07-23T02:47:00.000Z,44.85858,-1.05724,64.69,N20,N
2026-07-23T02:47:00.000Z,44.85886,-1.07761,17.35,N20,N
2026-07-23T02:47:00.000Z,44.85914,-1.09793,29.45,N20,N
2026-07-23T02:47:00.000Z,44.86011,-1.06332,13.73,N20,N
2026-07-23T02:47:00.000Z,44.8604,-1.08369,17.35,N20,N
2026-07-23T02:47:00.000Z,44.86135,-1.04902,64.69,N20,N
2026-07-23T02:47:00.000Z,44.86164,-1.06941,13.73,N20,N
2026-07-23T02:47:00.000Z,44.86192,-1.08975,29.45,N20,N
2026-07-23T02:47:00.000Z,44.86288,-1.05511,64.69,N20,N
2026-07-23T02:47:00.000Z,44.86317,-1.07549,28.88,N20,N
2026-07-23T02:47:00.000Z,44.86344,-1.09581,29.45,N20,N
2026-07-23T02:47:00.000Z,44.86441,-1.0612,13.73,N20,N
2026-07-23T02:47:00.000Z,44.86469,-1.08156,28.88,N20,N
2026-07-23T02:47:00.000Z,44.86566,-1.04689,9.38,N20,N
2026-07-23T02:47:00.000Z,44.86594,-1.06728,13.73,N20,N
2026-07-23T02:47:00.000Z,44.86621,-1.08762,9.24,N20,N
2026-07-23T02:47:00.000Z,44.86718,-1.05298,9.38,N20,N
2026-07-23T02:47:00.000Z,44.86747,-1.07337,28.88,N20,N
2026-07-23T02:47:00.000Z,44.86871,-1.05907,7.76,N20,N
2026-07-23T02:47:00.000Z,44.86898,-1.07943,28.88,N20,N
2026-07-23T02:47:00.000Z,44.86996,-1.04477,9.38,N20,N
2026-07-23T02:47:00.000Z,44.87024,-1.06515,7.76,N20,N
2026-07-23T02:47:00.000Z,44.8705,-1.08548,9.24,N20,N
2026-07-23T02:47:00.000Z,44.87149,-1.05085,9.38,N20,N
2026-07-23T02:47:00.000Z,44.87176,-1.07124,15.59,N20,N
2026-07-23T02:47:00.000Z,44.87301,-1.05694,7.76,N20,N
2026-07-23T02:47:00.000Z,44.87328,-1.0773,15.59,N20,N
2026-07-23T02:47:00.000Z,44.87426,-1.04261,2.23,N20,N
2026-07-23T02:47:00.000Z,44.87453,-1.06302,7.76,N20,N
2026-07-23T02:47:00.000Z,44.87479,-1.08335,5.63,N20,N
2026-07-23T02:47:00.000Z,44.87579,-1.04871,2.23,N20,N
2026-07-23T02:47:00.000Z,44.87606,-1.06911,15.59,N20,N
2026-07-23T02:47:00.000Z,44.87703,-1.03437,4.04,N20,N
2026-07-23T02:47:00.000Z,44.87732,-1.05482,4.7,N20,N
2026-07-23T02:47:00.000Z,44.87758,-1.07518,15.59,N20,N
2026-07-23T02:47:00.000Z,44.87856,-1.04046,2.23,N20,N
2026-07-23T02:47:00.000Z,44.87883,-1.06091,4.7,N20,N
2026-07-23T02:47:00.000Z,44.87981,-1.02612,17.93,N20,N
2026-07-23T02:47:00.000Z,44.88008,-1.04656,2.23,N20,N
2026-07-23T02:47:00.000Z,44.88036,-1.06699,11.77,N20,N
2026-07-23T02:47:00.000Z,44.88133,-1.03223,17.93,N20,N
2026-07-23T02:47:00.000Z,44.88161,-1.05267,4.7,N20,N
2026-07-23T02:47:00.000Z,44.88188,-1.07307,11.77,N20,N
2026-07-23T02:47:00.000Z,44.88286,-1.03833,2.81,N20,N
2026-07-23T02:47:00.000Z,44.88313,-1.05877,4.7,N20,N
2026-07-23T02:47:00.000Z,44.88411,-1.02399,17.93,N20,N
2026-07-23T02:47:00.000Z,44.88438,-1.04443,2.81,N20,N
2026-07-23T02:47:00.000Z,44.88465,-1.06487,11.77,N20,N
2026-07-23T02:47:00.000Z,44.88564,-1.03009,17.93,N20,N
2026-07-23T02:47:00.000Z,44.8859,-1.05053,2.01,N20,N
2026-07-23T02:47:00.000Z,44.88716,-1.03621,2.81,N20,N
2026-07-23T02:47:00.000Z,44.88742,-1.05662,2.01,N20,N
2026-07-23T02:47:00.000Z,44.88842,-1.02187,12.25,N20,N
2026-07-23T02:47:00.000Z,44.88868,-1.0423,2.81,N20,N
2026-07-23T02:47:00.000Z,44.88994,-1.02796,12.25,N20,N
2026-07-23T02:47:00.000Z,44.8902,-1.04839,2.01,N20,N
2026-07-23T02:47:00.000Z,44.89146,-1.03406,1.78,N20,N
2026-07-23T02:47:00.000Z,44.89172,-1.0545,2.01,N20,N
2026-07-23T02:47:00.000Z,44.89273,-1.01975,12.25,N20,N
2026-07-23T02:47:00.000Z,44.89298,-1.04015,1.78,N20,N
2026-07-23T02:47:00.000Z,44.89425,-1.02585,12.25,N20,N
2026-07-23T02:47:00.000Z,44.8945,-1.04625,10.14,N20,N
2026-07-23T02:47:00.000Z,44.89576,-1.03193,1.78,N20,N
2026-07-23T02:47:00.000Z,44.89603,-1.05237,10.14,N20,N
2026-07-23T02:47:00.000Z,44.89704,-1.01762,3.39,N20,N
2026-07-23T02:47:00.000Z,44.89727,-1.03801,1.78,N20,N
2026-07-23T02:47:00.000Z,44.89855,-1.02371,3.39,N20,N
2026-07-23T02:47:00.000Z,44.8988,-1.04412,10.14,N20,N
2026-07-23T02:47:00.000Z,44.90007,-1.0298,2.02,N20,N
2026-07-23T02:47:00.000Z,44.90031,-1.05022,10.14,N20,N
2026-07-23T02:47:00.000Z,44.90134,-1.01546,3.39,N20,N
2026-07-23T02:47:00.000Z,44.90158,-1.03589,2.02,N20,N
2026-07-23T02:47:00.000Z,44.90285,-1.02157,3.39,N20,N
2026-07-23T02:47:00.000Z,44.9031,-1.04199,4.0,N20,N
2026-07-23T02:47:00.000Z,44.90437,-1.02766,2.02,N20,N
2026-07-23T04:46:00.000Z,44.81068,-1.12001,40.07,Aqua,D
2026-07-23T04:46:00.000Z,44.8121,-1.1265,66.83,Aqua,D
2026-07-23T04:46:00.000Z,44.81705,-1.1466,89.65,Aqua,D
2026-07-23T04:46:00.000Z,44.81833,-1.15317,57.93,Aqua,D
2026-07-23T04:46:00.000Z,44.82292,-1.11429,321.43,Aqua,D
2026-07-23T04:46:00.000Z,44.82879,-1.08182,134.65,Aqua,D
2026-07-23T04:46:00.000Z,44.82927,-1.14088,207.01,Aqua,D
2026-07-23T04:46:00.000Z,44.83466,-1.04919,18.82,Aqua,D
2026-07-23T04:46:00.000Z,44.83515,-1.10855,641.13,Aqua,D
2026-07-23T04:46:00.000Z,44.84103,-1.07603,313.96,Aqua,D
2026-07-23T04:46:00.000Z,44.84148,-1.13513,108.92,Aqua,D
2026-07-23T04:46:00.000Z,44.84693,-1.04342,40.65,Aqua,D
2026-07-23T04:46:00.000Z,44.84738,-1.10276,167.32,Aqua,D
2026-07-23T04:46:00.000Z,44.85328,-1.07025,230.71,Aqua,D
2026-07-23T04:46:00.000Z,44.85891,-1.03255,72.0,Aqua,D
2026-07-23T04:46:00.000Z,44.85919,-1.03757,105.96,Aqua,D
2026-07-23T04:46:00.000Z,44.85961,-1.097,101.29,Aqua,D
2026-07-23T04:46:00.000Z,44.86539,-1.05935,201.6,Aqua,D
2026-07-23T04:46:00.000Z,44.86553,-1.06445,194.27,Aqua,D
2026-07-23T04:46:00.000Z,44.87183,-1.09121,35.79,Aqua,D
2026-07-23T04:46:00.000Z,44.87185,-1.08604,54.21,Aqua,D
2026-07-23T04:46:00.000Z,44.87764,-1.05356,62.69,Aqua,D
2026-07-23T04:46:00.000Z,44.87777,-1.05864,65.07,Aqua,D
2026-07-23T04:46:00.000Z,44.88342,-1.02088,32.65,Aqua,D
2026-07-23T04:46:00.000Z,44.88988,-1.04773,28.75,Aqua,D
2026-07-23T04:46:00.000Z,44.89569,-1.01508,65.1,Aqua,D
2026-07-23T09:28:00.000Z,44.80465,-1.14271,52.97,Terra,D
2026-07-23T09:28:00.000Z,44.8067,-1.15545,211.3,Terra,D
2026-07-23T09:28:00.000Z,44.81145,-1.1272,16.15,Terra,D
2026-07-23T09:28:00.000Z,44.8135,-1.13995,121.07,Terra,D
2026-07-23T09:28:00.000Z,44.81555,-1.1527,170.32,Terra,D
2026-07-23T09:28:00.000Z,44.81826,-1.11169,17.71,Terra,D
2026-07-23T09:28:00.000Z,44.8203,-1.12444,108.96,Terra,D
2026-07-23T09:28:00.000Z,44.82235,-1.1372,178.5,Terra,D
2026-07-23T09:28:00.000Z,44.8244,-1.14995,90.3,Terra,D
2026-07-23T09:28:00.000Z,44.82506,-1.09616,66.67,Terra,D
2026-07-23T09:28:00.000Z,44.82711,-1.10893,207.62,Terra,D
2026-07-23T09:28:00.000Z,44.82916,-1.12168,105.5,Terra,D
2026-07-23T09:28:00.000Z,44.8312,-1.13443,80.13,Terra,D
2026-07-23T09:28:00.000Z,44.83187,-1.0806,19.84,Terra,D
2026-07-23T09:28:00.000Z,44.83324,-1.14719,16.16,Terra,D
2026-07-23T09:28:00.000Z,44.83392,-1.09338,247.55,Terra,D
2026-07-23T09:28:00.000Z,44.83597,-1.10616,102.22,Terra,D
2026-07-23T09:28:00.000Z,44.83801,-1.11892,45.58,Terra,D
2026-07-23T09:28:00.000Z,44.83868,-1.06503,40.8,Terra,D
2026-07-23T09:28:00.000Z,44.84073,-1.07782,153.14,Terra,D
2026-07-23T09:28:00.000Z,44.84278,-1.09061,64.7,Terra,D
2026-07-23T09:28:00.000Z,44.84482,-1.10339,55.81,Terra,D
2026-07-23T09:28:00.000Z,44.84549,-1.04945,10.0,Terra,D
2026-07-23T09:28:00.000Z,44.84754,-1.06225,192.49,Terra,D
2026-07-23T09:28:00.000Z,44.84959,-1.07504,90.07,Terra,D
2026-07-23T09:28:00.000Z,44.85163,-1.08783,72.55,Terra,D
2026-07-23T09:28:00.000Z,44.85368,-1.10061,57.78,Terra,D
2026-07-23T09:28:00.000Z,44.8564,-1.05947,70.07,Terra,D
2026-07-23T09:28:00.000Z,44.85845,-1.07227,59.23,Terra,D
2026-07-23T09:28:00.000Z,44.86049,-1.08507,82.06,Terra,D
2026-07-23T09:28:00.000Z,44.86253,-1.09785,26.95,Terra,D
2026-07-23T09:28:00.000Z,44.86322,-1.04387,18.39,Terra,D
2026-07-23T09:28:00.000Z,44.86527,-1.05668,31.39,Terra,D
2026-07-23T09:28:00.000Z,44.86731,-1.06949,56.19,Terra,D
2026-07-23T09:28:00.000Z,44.86935,-1.08228,45.99,Terra,D
2026-07-23T09:28:00.000Z,44.87617,-1.06671,44.54,Terra,D
2026-07-23T09:28:00.000Z,44.87821,-1.0795,29.33,Terra,D
2026-07-23T09:28:00.000Z,44.88686,-1.01639,56.89,Terra,D
2026-07-23T09:28:00.000Z,44.88893,-1.02922,63.56,Terra,D
2026-07-23T09:28:00.000Z,44.89573,-1.01361,16.96,Terra,D
2026-07-23T09:28:00.000Z,44.8978,-1.02643,18.37,Terra,D
2026-07-23T11:38:00.000Z,44.80719,-1.15597,53.71,N21,D
2026-07-23T11:38:00.000Z,44.81012,-1.14777,53.71,N21,D
2026-07-23T11:38:00.000Z,44.81306,-1.1395,23.47,N21,D
2026-07-23T11:38:00.000Z,44.81351,-1.16017,53.71,N21,D
2026-07-23T11:38:00.000Z,44.81602,-1.13121,23.47,N21,D
2026-07-23T11:38:00.000Z,44.81642,-1.152,53.71,N21,D
2026-07-23T11:38:00.000Z,44.82191,-1.1147,27.19,N21,D
2026-07-23T11:38:00.000Z,44.82231,-1.13547,23.47,N21,D
2026-07-23T11:38:00.000Z,44.82273,-1.1562,38.95,N21,D
2026-07-23T11:38:00.000Z,44.82486,-1.10643,37.19,N21,D
2026-07-23T11:38:00.000Z,44.82566,-1.14796,32.51,N21,D
2026-07-23T11:38:00.000Z,44.82778,-1.09823,37.19,N21,D
2026-07-23T11:38:00.000Z,44.8282,-1.11893,27.19,N21,D
2026-07-23T11:38:00.000Z,44.8307,-1.09004,30.19,N21,D
2026-07-23T11:38:00.000Z,44.83152,-1.13152,17.03,N21,D
2026-07-23T11:38:00.000Z,44.83406,-1.10249,37.19,N21,D
2026-07-23T11:38:00.000Z,44.83697,-1.09429,30.19,N21,D
2026-07-23T11:38:00.000Z,44.83989,-1.08611,30.19,N21,D
2026-07-23T11:38:00.000Z,44.84278,-1.07796,284.84,N21,D
2026-07-23T11:38:00.000Z,44.84861,-1.06157,97.53,N21,D
2026-07-23T11:38:00.000Z,44.85241,-1.09464,24.75,N21,D
2026-07-23T11:38:00.000Z,44.85778,-1.05764,30.02,N21,D
2026-07-23T11:38:00.000Z,44.8616,-1.09067,11.45,N21,D
2026-07-23T11:38:00.000Z,44.8645,-1.08249,11.45,N21,D
2026-07-23T11:38:00.000Z,44.88753,-1.01744,44.14,N21,D
2026-07-23T11:38:00.000Z,44.89231,-1.05233,19.24,N21,D
2026-07-23T11:38:00.000Z,44.89379,-1.02163,44.14,N21,D
2026-07-23T11:38:00.000Z,44.89478,-1.02381,16.53,N21,D
2026-07-23T11:38:00.000Z,44.89767,-1.05452,42.65,N21,D
2026-07-23T11:38:00.000Z,44.89857,-1.05654,34.28,N21,D
2026-07-23T11:38:00.000Z,44.90052,-1.04645,42.65,N21,D
2026-07-23T11:38:00.000Z,44.90147,-1.04849,50.77,N21,D
2026-07-23T12:14:00.000Z,44.80457,-1.15253,33.58,N,D
2026-07-23T12:14:00.000Z,44.80581,-1.1482,29.98,N,D
2026-07-23T12:14:00.000Z,44.80835,-1.15959,33.58,N,D
2026-07-23T12:14:00.000Z,44.80957,-1.15528,33.58,N,D
2026-07-23T12:14:00.000Z,44.81079,-1.15097,29.98,N,D
2026-07-23T12:14:00.000Z,44.81202,-1.14664,29.98,N,D
2026-07-23T12:14:00.000Z,44.81326,-1.1423,23.03,N,D
2026-07-23T12:14:00.000Z,44.81449,-1.13795,23.03,N,D
2026-07-23T12:14:00.000Z,44.81457,-1.15801,13.11,N,D
2026-07-23T12:14:00.000Z,44.81573,-1.13361,14.96,N,D
2026-07-23T12:14:00.000Z,44.81579,-1.15371,24.68,N,D
2026-07-23T12:14:00.000Z,44.81696,-1.12927,14.96,N,D
2026-07-23T12:14:00.000Z,44.81702,-1.14938,24.68,N,D
2026-07-23T12:14:00.000Z,44.81812,-1.10486,61.58,N,D
2026-07-23T12:14:00.000Z,44.81825,-1.14505,25.82,N,D
2026-07-23T12:14:00.000Z,44.82064,-1.11629,15.92,N,D
2026-07-23T12:14:00.000Z,44.82079,-1.15644,24.68,N,D
2026-07-23T12:14:00.000Z,44.82188,-1.11194,15.92,N,D
2026-07-23T12:14:00.000Z,44.82194,-1.13203,8.61,N,D
2026-07-23T12:14:00.000Z,44.82201,-1.15212,24.68,N,D
2026-07-23T12:14:00.000Z,44.8231,-1.1076,61.58,N,D
2026-07-23T12:14:00.000Z,44.82317,-1.12771,17.85,N,D
2026-07-23T12:14:00.000Z,44.82324,-1.14778,25.82,N,D
2026-07-23T12:14:00.000Z,44.82433,-1.10329,61.58,N,D
2026-07-23T12:14:00.000Z,44.82447,-1.14345,25.82,N,D
2026-07-23T12:14:00.000Z,44.82555,-1.09899,61.16,N,D
2026-07-23T12:14:00.000Z,44.82563,-1.11905,7.78,N,D
2026-07-23T12:14:00.000Z,44.8257,-1.13913,8.61,N,D
2026-07-23T12:14:00.000Z,44.82677,-1.09469,61.16,N,D
2026-07-23T12:14:00.000Z,44.82685,-1.11469,7.78,N,D
2026-07-23T12:14:00.000Z,44.82799,-1.09039,23.02,N,D
2026-07-23T12:14:00.000Z,44.82808,-1.11037,25.66,N,D
2026-07-23T12:14:00.000Z,44.82921,-1.0861,23.02,N,D
2026-07-23T12:14:00.000Z,44.82931,-1.10605,25.66,N,D
2026-07-23T12:14:00.000Z,44.83053,-1.10175,16.48,N,D
2026-07-23T12:14:00.000Z,44.83174,-1.09745,16.48,N,D
2026-07-23T12:14:00.000Z,44.83184,-1.11745,7.78,N,D
2026-07-23T12:14:00.000Z,44.83306,-1.11313,25.66,N,D
2026-07-23T12:14:00.000Z,44.83418,-1.08884,41.02,N,D
2026-07-23T12:14:00.000Z,44.83436,-1.12891,7.8,N,D
2026-07-23T12:14:00.000Z,44.8354,-1.08455,58.57,N,D
2026-07-23T12:14:00.000Z,44.83558,-1.12458,5.28,N,D
2026-07-23T12:14:00.000Z,44.83661,-1.08026,58.57,N,D
2026-07-23T12:14:00.000Z,44.83672,-1.1002,16.48,N,D
2026-07-23T12:14:00.000Z,44.83681,-1.12023,5.28,N,D
2026-07-23T12:14:00.000Z,44.83782,-1.07597,57.6,N,D
2026-07-23T12:14:00.000Z,44.83794,-1.0959,41.02,N,D
2026-07-23T12:14:00.000Z,44.83904,-1.07168,57.6,N,D
2026-07-23T12:14:00.000Z,44.83915,-1.0916,41.02,N,D
2026-07-23T12:14:00.000Z,44.84026,-1.06738,42.69,N,D
2026-07-23T12:14:00.000Z,44.84037,-1.08729,58.57,N,D
2026-07-23T12:14:00.000Z,44.84147,-1.06308,42.69,N,D
2026-07-23T12:14:00.000Z,44.84279,-1.07873,57.6,N,D
2026-07-23T12:14:00.000Z,44.84401,-1.07443,57.6,N,D
2026-07-23T12:14:00.000Z,44.84523,-1.07013,42.69,N,D
2026-07-23T12:14:00.000Z,44.84544,-1.11004,5.43,N,D
2026-07-23T12:14:00.000Z,44.84644,-1.06583,42.69,N,D
2026-07-23T12:14:00.000Z,44.84666,-1.10574,5.43,N,D
2026-07-23T12:14:00.000Z,44.84765,-1.06154,100.76,N,D
2026-07-23T12:14:00.000Z,44.84909,-1.09712,12.18,N,D
2026-07-23T12:14:00.000Z,44.85031,-1.09282,6.98,N,D
2026-07-23T12:14:00.000Z,44.8514,-1.06858,13.63,N,D
2026-07-23T12:14:00.000Z,44.85152,-1.08852,6.98,N,D
2026-07-23T12:14:00.000Z,44.85262,-1.06428,8.23,N,D
2026-07-23T12:14:00.000Z,44.85383,-1.05998,8.23,N,D
2026-07-23T12:14:00.000Z,44.85504,-1.05569,8.24,N,D
2026-07-23T12:14:00.000Z,44.85529,-1.09555,7.59,N,D
2026-07-23T12:14:00.000Z,44.85625,-1.05141,8.24,N,D
2026-07-23T12:14:00.000Z,44.85649,-1.09126,7.59,N,D
2026-07-23T12:14:00.000Z,44.85771,-1.08696,5.61,N,D
2026-07-23T12:14:00.000Z,44.85892,-1.08265,5.61,N,D
2026-07-23T12:14:00.000Z,44.86014,-1.07835,5.23,N,D
2026-07-23T12:14:00.000Z,44.86134,-1.07406,5.23,N,D
2026-07-23T12:14:00.000Z,44.86268,-1.0897,5.61,N,D
2026-07-23T12:14:00.000Z,44.86389,-1.0854,5.61,N,D
2026-07-23T12:14:00.000Z,44.8651,-1.0811,5.23,N,D
2026-07-23T12:14:00.000Z,44.86631,-1.07681,5.23,N,D
2026-07-23T12:14:00.000Z,44.86752,-1.07252,17.2,N,D
2026-07-23T12:14:00.000Z,44.87247,-1.07529,9.69,N,D
2026-07-23T12:14:00.000Z,44.87864,-1.07375,9.69,N,D
2026-07-23T12:14:00.000Z,44.87985,-1.06945,18.32,N,D
2026-07-23T12:14:00.000Z,44.88808,-1.0197,14.64,N,D
2026-07-23T12:14:00.000Z,44.88927,-1.01545,28.77,N,D
2026-07-23T12:14:00.000Z,44.89046,-1.0112,28.77,N,D
2026-07-23T12:14:00.000Z,44.89303,-1.02242,14.64,N,D
2026-07-23T12:14:00.000Z,44.89423,-1.01815,28.77,N,D
2026-07-23T12:14:00.000Z,44.89542,-1.01391,28.77,N,D
2026-07-23T12:14:00.000Z,44.89577,-1.05355,30.88,N,D
2026-07-23T12:14:00.000Z,44.89695,-1.0493,108.91,N,D
2026-07-23T12:14:00.000Z,44.89815,-1.04504,108.91,N,D
2026-07-23T12:14:00.000Z,44.90054,-1.03649,26.68,N,D
2026-07-23T12:14:00.000Z,44.9031,-1.04778,80.78,N,D
2026-07-23T12:14:00.000Z,44.90531,-1.0194,6.8,N,D
2026-07-23T12:14:00.000Z,45.33318,-1.01921,6.16,N,D
2026-07-23T12:14:00.000Z,45.33434,-1.01506,6.81,N,D
2026-07-23T12:32:00.000Z,44.8056,-1.14728,108.72,N20,D
2026-07-23T12:32:00.000Z,44.8079,-1.15584,40.47,N20,D
2026-07-23T12:32:00.000Z,44.80941,-1.14893,40.47,N20,D
2026-07-23T12:32:00.000Z,44.81021,-1.16436,35.62,N20,D
2026-07-23T12:32:00.000Z,44.81094,-1.14202,54.96,N20,D
2026-07-23T12:32:00.000Z,44.81173,-1.15748,40.47,N20,D
2026-07-23T12:32:00.000Z,44.81245,-1.13509,54.96,N20,D
2026-07-23T12:32:00.000Z,44.81324,-1.15058,40.47,N20,D
2026-07-23T12:32:00.000Z,44.81476,-1.14366,54.96,N20,D
2026-07-23T12:32:00.000Z,44.81555,-1.15912,48.19,N20,D
2026-07-23T12:32:00.000Z,44.81628,-1.13674,54.96,N20,D
2026-07-23T12:32:00.000Z,44.81707,-1.15222,48.19,N20,D
2026-07-23T12:32:00.000Z,44.81779,-1.12982,17.75,N20,D
2026-07-23T12:32:00.000Z,44.81852,-1.10745,72.97,N20,D
2026-07-23T12:32:00.000Z,44.81858,-1.1453,22.68,N20,D
2026-07-23T12:32:00.000Z,44.8193,-1.12292,17.75,N20,D
2026-07-23T12:32:00.000Z,44.82082,-1.11601,72.97,N20,D
2026-07-23T12:32:00.000Z,44.82088,-1.15386,48.19,N20,D
2026-07-23T12:32:00.000Z,44.82161,-1.13146,17.97,N20,D
2026-07-23T12:32:00.000Z,44.82233,-1.10909,72.97,N20,D
2026-07-23T12:32:00.000Z,44.8224,-1.14694,22.68,N20,D
2026-07-23T12:32:00.000Z,44.82312,-1.12456,17.97,N20,D
2026-07-23T12:32:00.000Z,44.82384,-1.1022,71.85,N20,D
2026-07-23T12:32:00.000Z,44.82463,-1.11765,44.59,N20,D
2026-07-23T12:32:00.000Z,44.82535,-1.09532,71.85,N20,D
2026-07-23T12:32:00.000Z,44.82615,-1.11074,44.59,N20,D
2026-07-23T12:32:00.000Z,44.82623,-1.14858,10.65,N20,D
2026-07-23T12:32:00.000Z,44.82766,-1.10385,52.46,N20,D
2026-07-23T12:32:00.000Z,44.82774,-1.14167,10.65,N20,D
2026-07-23T12:32:00.000Z,44.82845,-1.11928,44.59,N20,D
2026-07-23T12:32:00.000Z,44.82916,-1.09696,52.46,N20,D
2026-07-23T12:32:00.000Z,44.82924,-1.13476,13.86,N20,D
2026-07-23T12:32:00.000Z,44.82996,-1.11238,44.59,N20,D
2026-07-23T12:32:00.000Z,44.83067,-1.09008,106.65,N20,D
2026-07-23T12:32:00.000Z,44.83147,-1.10549,52.46,N20,D
2026-07-23T12:32:00.000Z,44.83227,-1.12093,7.58,N20,D
2026-07-23T12:32:00.000Z,44.83297,-1.09861,52.46,N20,D
2026-07-23T12:32:00.000Z,44.83366,-1.07635,250.89,N20,D
2026-07-23T12:32:00.000Z,44.83377,-1.11403,7.58,N20,D
2026-07-23T12:32:00.000Z,44.83448,-1.09172,106.65,N20,D
2026-07-23T12:32:00.000Z,44.83458,-1.1295,13.86,N20,D
2026-07-23T12:32:00.000Z,44.83598,-1.08485,106.65,N20,D
2026-07-23T12:32:00.000Z,44.83608,-1.12259,7.58,N20,D
2026-07-23T12:32:00.000Z,44.83747,-1.07799,250.89,N20,D
2026-07-23T12:32:00.000Z,44.83759,-1.11567,7.58,N20,D
2026-07-23T12:32:00.000Z,44.83828,-1.09337,33.45,N20,D
2026-07-23T12:32:00.000Z,44.83897,-1.07112,250.89,N20,D
2026-07-23T12:32:00.000Z,44.83979,-1.08649,33.45,N20,D
2026-07-23T12:32:00.000Z,44.84128,-1.07963,110.88,N20,D
2026-07-23T12:32:00.000Z,44.84278,-1.07276,110.88,N20,D
2026-07-23T12:32:00.000Z,44.8429,-1.11043,10.8,N20,D
2026-07-23T12:32:00.000Z,44.84428,-1.0659,85.88,N20,D
2026-07-23T12:32:00.000Z,44.84441,-1.10354,10.8,N20,D
2026-07-23T12:32:00.000Z,44.84808,-1.06753,85.88,N20,D
2026-07-23T12:32:00.000Z,44.84958,-1.06067,85.88,N20,D
2026-07-23T12:32:00.000Z,44.84972,-1.0983,15.58,N20,D
2026-07-23T12:32:00.000Z,44.85121,-1.09143,15.58,N20,D
2026-07-23T12:32:00.000Z,44.85338,-1.0623,26.4,N20,D
2026-07-23T12:32:00.000Z,44.85487,-1.05544,23.89,N20,D
2026-07-23T12:32:00.000Z,44.85502,-1.09306,17.58,N20,D
2026-07-23T12:32:00.000Z,44.85801,-1.07931,12.82,N20,D
2026-07-23T12:32:00.000Z,44.85883,-1.0947,17.58,N20,D
2026-07-23T12:32:00.000Z,44.86032,-1.08781,12.82,N20,D
2026-07-23T12:32:00.000Z,44.86182,-1.08094,12.82,N20,D
2026-07-23T12:32:00.000Z,44.8633,-1.07408,27.85,N20,D
2026-07-23T12:32:00.000Z,44.86414,-1.08947,18.49,N20,D
2026-07-23T12:32:00.000Z,44.86711,-1.07572,16.97,N20,D
2026-07-23T12:32:00.000Z,44.87092,-1.07737,16.97,N20,D
2026-07-23T12:32:00.000Z,44.87621,-1.07215,22.52,N20,D
2026-07-23T12:32:00.000Z,44.88001,-1.07378,22.52,N20,D
2026-07-23T12:32:00.000Z,44.88802,-1.01742,76.63,N20,D
2026-07-23T12:32:00.000Z,44.89182,-1.01904,76.63,N20,D
2026-07-23T12:32:00.000Z,44.89352,-1.04967,27.63,N20,D
2026-07-23T12:32:00.000Z,44.89732,-1.0513,161.66,N20,D
2026-07-23T12:32:00.000Z,44.89879,-1.04447,50.51,N20,D
2026-07-23T12:32:00.000Z,44.90112,-1.05294,161.66,N20,D
2026-07-23T12:32:00.000Z,44.90467,-1.01713,11.27,N20,D
2026-07-23T13:18:00.000Z,44.80511,-1.15914,82.65,N21,D
2026-07-23T13:18:00.000Z,44.80554,-1.15357,62.77,N21,D
2026-07-23T13:18:00.000Z,44.80647,-1.14624,105.97,N21,D
2026-07-23T13:18:00.000Z,44.80784,-1.13334,87.79,N21,D
2026-07-23T13:18:00.000Z,44.80865,-1.16083,110.47,N21,D
2026-07-23T13:18:00.000Z,44.80887,-1.15992,82.65,N21,D
2026-07-23T13:18:00.000Z,44.80931,-1.15435,62.77,N21,D
2026-07-23T13:18:00.000Z,44.80956,-1.15346,82.65,N21,D
2026-07-23T13:18:00.000Z,44.80997,-1.14789,62.77,N21,D
2026-07-23T13:18:00.000Z,44.81024,-1.14701,105.97,N21,D
2026-07-23T13:18:00.000Z,44.81062,-1.14143,260.28,N21,D
2026-07-23T13:18:00.000Z,44.81092,-1.14057,105.97,N21,D
2026-07-23T13:18:00.000Z,44.81128,-1.13498,260.28,N21,D
2026-07-23T13:18:00.000Z,44.81161,-1.13412,87.79,N21,D
2026-07-23T13:18:00.000Z,44.81229,-1.12767,87.79,N21,D
2026-07-23T13:18:00.000Z,44.81242,-1.16162,19.03,N21,D
2026-07-23T13:18:00.000Z,44.81308,-1.15513,27.93,N21,D
2026-07-23T13:18:00.000Z,44.81374,-1.14867,27.93,N21,D
2026-07-23T13:18:00.000Z,44.81439,-1.14221,247.6,N21,D
2026-07-23T13:18:00.000Z,44.81505,-1.13576,247.6,N21,D
2026-07-23T13:18:00.000Z,44.8157,-1.1293,330.49,N21,D
2026-07-23T13:18:00.000Z,44.81684,-1.15592,27.93,N21,D
2026-07-23T13:18:00.000Z,44.8175,-1.14946,27.93,N21,D
2026-07-23T13:18:00.000Z,44.81882,-1.13654,247.6,N21,D
2026-07-23T13:18:00.000Z,44.82061,-1.15671,33.04,N21,D
2026-07-23T13:18:00.000Z,44.82127,-1.15025,33.04,N21,D
2026-07-23T13:18:00.000Z,44.82325,-1.13086,34.99,N21,D
2026-07-23T13:18:00.000Z,44.82504,-1.15104,33.04,N21,D
2026-07-23T13:18:00.000Z,44.82522,-1.11145,86.97,N21,D
2026-07-23T13:18:00.000Z,44.82587,-1.10497,113.72,N21,D
2026-07-23T13:18:00.000Z,44.82653,-1.09848,113.72,N21,D
2026-07-23T13:18:00.000Z,44.82899,-1.11223,86.97,N21,D
2026-07-23T13:18:00.000Z,44.82965,-1.10575,113.72,N21,D
2026-07-23T13:18:00.000Z,44.83031,-1.09925,113.72,N21,D
2026-07-23T13:18:00.000Z,44.83097,-1.09276,200.12,N21,D
2026-07-23T13:18:00.000Z,44.83163,-1.08626,200.12,N21,D
2026-07-23T13:18:00.000Z,44.83475,-1.09354,153.59,N21,D
2026-07-23T13:18:00.000Z,44.83541,-1.08704,153.59,N21,D
2026-07-23T13:18:00.000Z,44.83607,-1.08053,174.22,N21,D
2026-07-23T13:18:00.000Z,44.83673,-1.07402,174.22,N21,D
2026-07-23T13:18:00.000Z,44.83919,-1.08782,153.59,N21,D
2026-07-23T13:18:00.000Z,44.83985,-1.08131,174.22,N21,D
2026-07-23T13:18:00.000Z,44.84051,-1.07479,174.22,N21,D
2026-07-23T13:18:00.000Z,44.8443,-1.07557,40.2,N21,D
2026-07-23T13:18:00.000Z,44.84496,-1.06907,50.21,N21,D
2026-07-23T13:18:00.000Z,44.84874,-1.06984,50.21,N21,D
2026-07-23T13:18:00.000Z,44.8494,-1.06333,50.21,N21,D
2026-07-23T13:18:00.000Z,44.85364,-1.09742,41.07,N21,D
2026-07-23T13:18:00.000Z,44.85764,-1.05837,32.14,N21,D
2026-07-23T13:18:00.000Z,44.85808,-1.0917,44.18,N21,D
2026-07-23T13:18:00.000Z,44.88886,-1.018,86.73,N21,D
2026-07-23T13:18:00.000Z,44.89264,-1.01878,86.73,N21,D
2026-07-23T13:18:00.000Z,44.89305,-1.05226,86.68,N21,D
2026-07-23T13:18:00.000Z,44.89644,-1.01957,17.59,N21,D
2026-07-23T13:18:00.000Z,44.89684,-1.05304,86.68,N21,D
2026-07-23T13:18:00.000Z,44.90063,-1.05381,202.38,N21,D
2026-07-23T13:18:00.000Z,44.90131,-1.04726,202.38,N21,D
2026-07-23T13:18:00.000Z,44.90402,-1.02109,24.25,N21,D
2026-07-23T13:18:00.000Z,45.0981,-0.52337,13.77,N21,D
2026-07-23T13:55:00.000Z,44.43797,-1.12415,12.18,N,D
2026-07-23T13:55:00.000Z,44.80366,-1.15874,21.76,N,D
2026-07-23T13:55:00.000Z,44.80388,-1.15426,44.66,N,D
2026-07-23T13:55:00.000Z,44.8041,-1.1498,44.66,N,D
2026-07-23T13:55:00.000Z,44.80433,-1.14532,30.32,N,D
2026-07-23T13:55:00.000Z,44.80746,-1.16132,8.85,N,D
2026-07-23T13:55:00.000Z,44.80766,-1.15681,8.85,N,D
2026-07-23T13:55:00.000Z,44.80786,-1.15232,33.0,N,D
2026-07-23T13:55:00.000Z,44.80846,-1.13889,50.51,N,D
2026-07-23T13:55:00.000Z,44.80866,-1.13443,144.69,N,D
2026-07-23T13:55:00.000Z,44.80886,-1.12996,144.69,N,D
2026-07-23T13:55:00.000Z,44.80892,-1.15923,6.31,N,D
2026-07-23T13:55:00.000Z,44.80915,-1.15473,18.5,N,D
2026-07-23T13:55:00.000Z,44.80937,-1.15025,18.5,N,D
2026-07-23T13:55:00.000Z,44.8096,-1.14578,22.98,N,D
2026-07-23T13:55:00.000Z,44.80982,-1.14131,22.98,N,D
2026-07-23T13:55:00.000Z,44.81004,-1.13686,128.62,N,D
2026-07-23T13:55:00.000Z,44.81026,-1.13241,128.62,N,D
2026-07-23T13:55:00.000Z,44.81049,-1.12793,118.29,N,D
2026-07-23T13:55:00.000Z,44.81071,-1.12345,118.29,N,D
2026-07-23T13:55:00.000Z,44.81293,-1.15729,8.85,N,D
2026-07-23T13:55:00.000Z,44.81313,-1.15278,33.0,N,D
2026-07-23T13:55:00.000Z,44.81333,-1.14831,33.0,N,D
2026-07-23T13:55:00.000Z,44.81353,-1.14384,50.51,N,D
2026-07-23T13:55:00.000Z,44.81374,-1.13938,50.51,N,D
2026-07-23T13:55:00.000Z,44.81393,-1.13492,144.69,N,D
2026-07-23T13:55:00.000Z,44.81414,-1.13045,144.69,N,D
2026-07-23T13:55:00.000Z,44.81419,-1.15971,6.31,N,D
2026-07-23T13:55:00.000Z,44.81433,-1.12597,85.15,N,D
2026-07-23T13:55:00.000Z,44.81441,-1.15518,18.5,N,D
2026-07-23T13:55:00.000Z,44.81453,-1.12147,85.15,N,D
2026-07-23T13:55:00.000Z,44.81464,-1.15071,18.5,N,D
2026-07-23T13:55:00.000Z,44.81486,-1.14625,22.98,N,D
2026-07-23T13:55:00.000Z,44.81509,-1.14179,22.98,N,D
2026-07-23T13:55:00.000Z,44.81531,-1.13732,128.62,N,D
2026-07-23T13:55:00.000Z,44.81554,-1.13287,128.62,N,D
2026-07-23T13:55:00.000Z,44.81599,-1.12391,118.29,N,D
2026-07-23T13:55:00.000Z,44.81621,-1.11944,30.15,N,D
2026-07-23T13:55:00.000Z,44.8182,-1.15778,12.41,N,D
2026-07-23T13:55:00.000Z,44.8184,-1.15329,11.84,N,D
2026-07-23T13:55:00.000Z,44.8186,-1.1488,11.84,N,D
2026-07-23T13:55:00.000Z,44.81921,-1.1354,22.94,N,D
2026-07-23T13:55:00.000Z,44.81941,-1.13094,22.94,N,D
2026-07-23T13:55:00.000Z,44.81961,-1.12644,24.2,N,D
2026-07-23T13:55:00.000Z,44.81968,-1.15567,12.27,N,D
2026-07-23T13:55:00.000Z,44.81981,-1.12196,24.2,N,D
2026-07-23T13:55:00.000Z,44.8199,-1.1512,12.27,N,D
2026-07-23T13:55:00.000Z,44.82013,-1.14673,9.01,N,D
2026-07-23T13:55:00.000Z,44.82041,-1.10856,32.98,N,D
2026-07-23T13:55:00.000Z,44.82061,-1.10407,32.98,N,D
2026-07-23T13:55:00.000Z,44.82081,-1.13333,16.96,N,D
2026-07-23T13:55:00.000Z,44.82082,-1.09957,35.86,N,D
2026-07-23T13:55:00.000Z,44.82104,-1.12887,11.96,N,D
2026-07-23T13:55:00.000Z,44.82126,-1.12437,11.96,N,D
2026-07-23T13:55:00.000Z,44.82148,-1.1199,9.49,N,D
2026-07-23T13:55:00.000Z,44.82193,-1.11099,24.51,N,D
2026-07-23T13:55:00.000Z,44.82216,-1.10651,24.51,N,D
2026-07-23T13:55:00.000Z,44.82239,-1.10202,33.66,N,D
2026-07-23T13:55:00.000Z,44.82261,-1.09751,33.66,N,D
2026-07-23T13:55:00.000Z,44.82284,-1.09302,23.72,N,D
2026-07-23T13:55:00.000Z,44.82367,-1.15379,11.84,N,D
2026-07-23T13:55:00.000Z,44.82387,-1.14931,11.84,N,D
2026-07-23T13:55:00.000Z,44.82407,-1.14483,17.81,N,D
2026-07-23T13:55:00.000Z,44.82517,-1.15168,12.27,N,D
2026-07-23T13:55:00.000Z,44.8254,-1.14721,9.01,N,D
2026-07-23T13:55:00.000Z,44.82549,-1.1135,25.78,N,D
2026-07-23T13:55:00.000Z,44.82563,-1.14273,9.01,N,D
2026-07-23T13:55:00.000Z,44.82569,-1.10902,32.98,N,D
2026-07-23T13:55:00.000Z,44.8259,-1.10453,32.98,N,D
2026-07-23T13:55:00.000Z,44.8261,-1.10004,35.86,N,D
2026-07-23T13:55:00.000Z,44.8263,-1.09553,35.86,N,D
2026-07-23T13:55:00.000Z,44.8265,-1.09104,22.89,N,D
2026-07-23T13:55:00.000Z,44.82698,-1.11591,9.49,N,D
2026-07-23T13:55:00.000Z,44.82721,-1.11143,24.51,N,D
2026-07-23T13:55:00.000Z,44.82744,-1.10695,24.51,N,D
2026-07-23T13:55:00.000Z,44.82767,-1.10246,33.66,N,D
2026-07-23T13:55:00.000Z,44.82789,-1.09796,33.66,N,D
2026-07-23T13:55:00.000Z,44.82812,-1.09346,23.72,N,D
2026-07-23T13:55:00.000Z,44.82835,-1.08896,23.72,N,D
2026-07-23T13:55:00.000Z,44.82858,-1.08445,34.79,N,D
2026-07-23T13:55:00.000Z,44.8288,-1.07993,34.79,N,D
2026-07-23T13:55:00.000Z,44.82903,-1.07543,8.64,N,D
2026-07-23T13:55:00.000Z,44.83158,-1.096,24.49,N,D
2026-07-23T13:55:00.000Z,44.83179,-1.0915,59.31,N,D
2026-07-23T13:55:00.000Z,44.83199,-1.08699,59.31,N,D
2026-07-23T13:55:00.000Z,44.8322,-1.08248,72.69,N,D
2026-07-23T13:55:00.000Z,44.83239,-1.07796,72.69,N,D
2026-07-23T13:55:00.000Z,44.83543,-1.12784,12.14,N,D
2026-07-23T13:55:00.000Z,44.83728,-1.08746,59.31,N,D
2026-07-23T13:55:00.000Z,44.83748,-1.08294,72.69,N,D
2026-07-23T13:55:00.000Z,44.83768,-1.07842,72.69,N,D
2026-07-23T13:55:00.000Z,44.83789,-1.07391,54.1,N,D
2026-07-23T13:55:00.000Z,44.8381,-1.0694,54.1,N,D
2026-07-23T13:55:00.000Z,44.84277,-1.08339,18.27,N,D
2026-07-23T13:55:00.000Z,44.84298,-1.07888,18.27,N,D
2026-07-23T13:55:00.000Z,44.84318,-1.07437,20.67,N,D
2026-07-23T13:55:00.000Z,44.84339,-1.06986,20.67,N,D
2026-07-23T13:55:00.000Z,44.84359,-1.06535,16.82,N,D
2026-07-23T13:55:00.000Z,44.84888,-1.06581,16.82,N,D
2026-07-23T13:55:00.000Z,44.85272,-1.09783,7.31,N,D
2026-07-23T13:55:00.000Z,44.85439,-1.06177,13.11,N,D
2026-07-23T13:55:00.000Z,44.8546,-1.05725,13.73,N,D
2026-07-23T13:55:00.000Z,44.85822,-1.09382,10.81,N,D
2026-07-23T13:55:00.000Z,44.85843,-1.08931,10.81,N,D
2026-07-23T13:55:00.000Z,44.86371,-1.08976,6.06,N,D
2026-07-23T13:55:00.000Z,44.86413,-1.08075,12.14,N,D
2026-07-23T13:55:00.000Z,44.86434,-1.07624,9.54,N,D
2026-07-23T13:55:00.000Z,44.86963,-1.07669,9.54,N,D
2026-07-23T13:55:00.000Z,44.88043,-1.07308,9.92,N,D
2026-07-23T13:55:00.000Z,44.88278,-1.0231,2.91,N,D
2026-07-23T13:55:00.000Z,44.8883,-1.01903,21.63,N,D
2026-07-23T13:55:00.000Z,44.88852,-1.01444,31.73,N,D
2026-07-23T13:55:00.000Z,44.89209,-1.05129,20.13,N,D
2026-07-23T13:55:00.000Z,44.8936,-1.0195,21.63,N,D
2026-07-23T13:55:00.000Z,44.89382,-1.01492,31.73,N,D
2026-07-23T13:55:00.000Z,44.89404,-1.01035,31.73,N,D
2026-07-23T13:55:00.000Z,44.89739,-1.05174,48.48,N,D
2026-07-23T13:55:00.000Z,44.89761,-1.04718,48.48,N,D
2026-07-23T13:55:00.000Z,44.90269,-1.05218,48.48,N,D
2026-07-23T13:55:00.000Z,44.90291,-1.04763,48.48,N,D
2026-07-23T13:55:00.000Z,44.90422,-1.02036,8.59,N,D
2026-07-23T13:55:00.000Z,44.90444,-1.01581,12.24,N,D
2026-07-23T14:12:00.000Z,44.42702,-1.12038,2.15,N20,D
2026-07-23T14:12:00.000Z,44.43208,-1.12158,74.27,N20,D
2026-07-23T14:12:00.000Z,44.43402,-1.12015,44.23,N20,D
2026-07-23T14:12:00.000Z,44.43405,-1.12926,44.23,N20,D
2026-07-23T14:12:00.000Z,44.43908,-1.12138,14.47,N20,D
2026-07-23T14:12:00.000Z,44.8022,-1.14051,46.01,N20,D
2026-07-23T14:12:00.000Z,44.8023,-1.14973,57.14,N20,D
2026-07-23T14:12:00.000Z,44.80239,-1.15898,57.14,N20,D
2026-07-23T14:12:00.000Z,44.80413,-1.12547,129.37,N20,D
2026-07-23T14:12:00.000Z,44.80418,-1.13465,129.37,N20,D
2026-07-23T14:12:00.000Z,44.80423,-1.14387,65.54,N20,D
2026-07-23T14:12:00.000Z,44.80428,-1.15309,65.54,N20,D
2026-07-23T14:12:00.000Z,44.80902,-1.12195,128.54,N20,D
2026-07-23T14:12:00.000Z,44.80912,-1.13118,128.34,N20,D
2026-07-23T14:12:00.000Z,44.80921,-1.14038,128.34,N20,D
2026-07-23T14:12:00.000Z,44.8093,-1.14957,24.83,N20,D
2026-07-23T14:12:00.000Z,44.8111,-1.11609,59.39,N20,D
2026-07-23T14:12:00.000Z,44.81114,-1.1253,129.37,N20,D
2026-07-23T14:12:00.000Z,44.81119,-1.13452,129.37,N20,D
2026-07-23T14:12:00.000Z,44.81124,-1.14367,65.54,N20,D
2026-07-23T14:12:00.000Z,44.81129,-1.15288,65.54,N20,D
2026-07-23T14:12:00.000Z,44.81604,-1.12181,128.54,N20,D
2026-07-23T14:12:00.000Z,44.81613,-1.13105,128.34,N20,D
2026-07-23T14:12:00.000Z,44.81622,-1.14023,128.34,N20,D
2026-07-23T14:12:00.000Z,44.8163,-1.14943,24.83,N20,D
2026-07-23T14:12:00.000Z,44.81639,-1.15872,24.83,N20,D
2026-07-23T14:12:00.000Z,44.81802,-1.09748,24.04,N20,D
2026-07-23T14:12:00.000Z,44.81806,-1.10674,25.11,N20,D
2026-07-23T14:12:00.000Z,44.81815,-1.1251,41.2,N20,D
2026-07-23T14:12:00.000Z,44.8182,-1.13432,41.2,N20,D
2026-07-23T14:12:00.000Z,44.81829,-1.15272,44.5,N20,D
2026-07-23T14:12:00.000Z,44.82278,-1.09398,46.08,N20,D
2026-07-23T14:12:00.000Z,44.82287,-1.10327,46.08,N20,D
2026-07-23T14:12:00.000Z,44.82296,-1.11251,47.03,N20,D
2026-07-23T14:12:00.000Z,44.82331,-1.14934,11.2,N20,D
2026-07-23T14:12:00.000Z,44.82494,-1.07867,22.34,N20,D
2026-07-23T14:12:00.000Z,44.82499,-1.08801,24.04,N20,D
2026-07-23T14:12:00.000Z,44.82503,-1.09726,24.04,N20,D
2026-07-23T14:12:00.000Z,44.82508,-1.10654,25.11,N20,D
2026-07-23T14:12:00.000Z,44.82512,-1.11573,25.11,N20,D
2026-07-23T14:12:00.000Z,44.82954,-1.06593,29.64,N20,D
2026-07-23T14:12:00.000Z,44.82963,-1.07518,193.1,N20,D
2026-07-23T14:12:00.000Z,44.82972,-1.0845,193.1,N20,D
2026-07-23T14:12:00.000Z,44.82981,-1.09379,46.08,N20,D
2026-07-23T14:12:00.000Z,44.82989,-1.10306,46.08,N20,D
2026-07-23T14:12:00.000Z,44.83192,-1.06918,118.83,N20,D
2026-07-23T14:12:00.000Z,44.832,-1.08776,79.78,N20,D
2026-07-23T14:12:00.000Z,44.83205,-1.09703,79.78,N20,D
2026-07-23T14:12:00.000Z,44.83657,-1.06573,18.58,N20,D
2026-07-23T14:12:00.000Z,44.83665,-1.07499,23.55,N20,D
2026-07-23T14:12:00.000Z,44.83674,-1.08431,23.55,N20,D
2026-07-23T14:12:00.000Z,44.83895,-1.06893,118.83,N20,D
2026-07-23T14:12:00.000Z,44.83899,-1.07821,118.83,N20,D
2026-07-23T14:12:00.000Z,44.83903,-1.08753,79.78,N20,D
2026-07-23T14:12:00.000Z,44.8436,-1.0655,18.58,N20,D
2026-07-23T14:12:00.000Z,44.84368,-1.07479,23.55,N20,D
2026-07-23T14:12:00.000Z,44.84377,-1.08409,23.55,N20,D
2026-07-23T14:12:00.000Z,44.84597,-1.0687,24.43,N20,D
2026-07-23T14:12:00.000Z,44.85296,-1.05921,14.89,N20,D
2026-07-23T14:12:00.000Z,44.85307,-1.08703,20.58,N20,D
2026-07-23T14:12:00.000Z,44.88543,-1.01743,14.31,N20,D
2026-07-23T14:12:00.000Z,44.8924,-1.00781,17.22,N20,D
2026-07-23T14:12:00.000Z,44.89248,-1.01725,14.58,N20,D
2026-07-23T14:12:00.000Z,44.89267,-1.04526,44.08,N20,D
2026-07-23T14:12:00.000Z,44.89274,-1.05467,42.29,N20,D
2026-07-23T14:12:00.000Z,44.897,-1.0491,53.23,N20,D
2026-07-23T14:12:00.000Z,44.89711,-1.05851,53.23,N20,D
2026-07-23T14:12:00.000Z,44.89952,-1.01702,14.58,N20,D
2026-07-23T14:12:00.000Z,44.89972,-1.04504,44.08,N20,D
2026-07-23T14:12:00.000Z,44.89978,-1.05445,42.29,N20,D
2026-07-23T14:14:00.000Z,44.42313,-1.16612,35.95,Aqua,D
2026-07-23T14:14:00.000Z,44.43126,-1.13329,244.51,Aqua,D
2026-07-23T14:14:00.000Z,44.43341,-1.1271,236.69,Aqua,D
2026-07-23T14:14:00.000Z,44.79181,-1.17394,210.76,Aqua,D
2026-07-23T14:14:00.000Z,44.79329,-1.16676,384.8,Aqua,D
2026-07-23T14:14:00.000Z,44.80202,-1.136,854.13,Aqua,D
2026-07-23T14:14:00.000Z,44.80332,-1.12864,729.52,Aqua,D
2026-07-23T14:14:00.000Z,44.80746,-1.17427,163.13,Aqua,D
2026-07-23T14:14:00.000Z,44.81615,-1.14353,483.7,Aqua,D
2026-07-23T14:14:00.000Z,44.81743,-1.13623,513.05,Aqua,D
2026-07-23T14:14:00.000Z,44.82632,-1.10554,919.65,Aqua,D
2026-07-23T14:14:00.000Z,44.8274,-1.09814,1146.73,Aqua,D
2026-07-23T14:14:00.000Z,44.83642,-1.0678,480.7,Aqua,D
2026-07-23T14:14:00.000Z,44.8373,-1.06028,262.37,Aqua,D
2026-07-23T14:14:00.000Z,44.88435,-1.00801,61.04,Aqua,D
2026-07-23T14:14:00.000Z,44.88773,-1.05632,129.3,Aqua,D
2026-07-23T14:14:00.000Z,44.88848,-1.0529,209.25,Aqua,D
2026-07-23T14:14:00.000Z,44.90176,-1.06383,130.96,Aqua,D
2026-07-23T14:14:00.000Z,44.9025,-1.06044,107.0,Aqua,D
2026-07-23T15:54:00.000Z,44.41226,-1.1072,72.67,Aqua,D
2026-07-23T15:54:00.000Z,44.41995,-1.15635,133.31,Aqua,D
2026-07-23T15:54:00.000Z,44.42173,-1.11277,258.2,Aqua,D
2026-07-23T15:54:00.000Z,44.4374,-1.11387,35.64,Aqua,D
2026-07-23T15:54:00.000Z,44.79311,-1.16517,793.68,Aqua,D
2026-07-23T15:54:00.000Z,44.79491,-1.12089,243.34,Aqua,D
2026-07-23T15:54:00.000Z,44.80491,-1.17465,288.26,Aqua,D
2026-07-23T15:54:00.000Z,44.80652,-1.1302,577.26,Aqua,D
2026-07-23T15:54:00.000Z,44.80877,-1.16643,401.23,Aqua,D
2026-07-23T15:54:00.000Z,44.81062,-1.12206,641.54,Aqua,D
2026-07-23T15:54:00.000Z,44.81245,-1.07763,174.01,Aqua,D
2026-07-23T15:54:00.000Z,44.82222,-1.13142,281.36,Aqua,D
2026-07-23T15:54:00.000Z,44.82385,-1.08699,673.78,Aqua,D
2026-07-23T15:54:00.000Z,44.82632,-1.12321,282.06,Aqua,D
2026-07-23T15:54:00.000Z,44.82819,-1.07878,434.01,Aqua,D
2026-07-23T15:54:00.000Z,44.83959,-1.08813,142.25,Aqua,D
2026-07-23T15:54:00.000Z,44.8886,-1.04663,332.17,Aqua,D
2026-07-23T15:54:00.000Z,44.89742,-1.05151,219.39,Aqua,D
2026-07-23T20:34:00.000Z,44.36614,-1.14222,9.82,Terra,N
2026-07-23T20:34:00.000Z,44.37429,-1.15942,68.67,Terra,N
2026-07-23T20:34:00.000Z,44.37586,-1.14423,653.23,Terra,N
2026-07-23T20:34:00.000Z,44.37743,-1.12901,276.94,Terra,N
2026-07-23T20:34:00.000Z,44.37899,-1.11379,26.04,Terra,N
2026-07-23T20:34:00.000Z,44.38401,-1.1614,42.34,Terra,N
2026-07-23T20:34:00.000Z,44.38558,-1.14622,841.23,Terra,N
2026-07-23T20:34:00.000Z,44.38715,-1.13101,932.36,Terra,N
2026-07-23T20:34:00.000Z,44.38873,-1.11576,558.44,Terra,N
2026-07-23T20:34:00.000Z,44.3903,-1.10052,29.3,Terra,N
2026-07-23T20:34:00.000Z,44.39372,-1.16338,52.66,Terra,N
2026-07-23T20:34:00.000Z,44.3953,-1.1482,1563.77,Terra,N
2026-07-23T20:34:00.000Z,44.39688,-1.133,1108.86,Terra,N
2026-07-23T20:34:00.000Z,44.39846,-1.11775,519.15,Terra,N
2026-07-23T20:34:00.000Z,44.40005,-1.10247,113.18,Terra,N
2026-07-23T20:34:00.000Z,44.40025,-1.19579,9.96,Terra,N
2026-07-23T20:34:00.000Z,44.40503,-1.15017,1163.0,Terra,N
2026-07-23T20:34:00.000Z,44.40661,-1.13497,1349.06,Terra,N
2026-07-23T20:34:00.000Z,44.4082,-1.11973,456.63,Terra,N
2026-07-23T20:34:00.000Z,44.40979,-1.10444,297.16,Terra,N
2026-07-23T20:34:00.000Z,44.41475,-1.15214,72.14,Terra,N
2026-07-23T20:34:00.000Z,44.41635,-1.13692,977.25,Terra,N
2026-07-23T20:34:00.000Z,44.41794,-1.12169,374.22,Terra,N
2026-07-23T20:34:00.000Z,44.41954,-1.10642,136.69,Terra,N
2026-07-23T20:34:00.000Z,44.42287,-1.16929,8.01,Terra,N
2026-07-23T20:34:00.000Z,44.42608,-1.13888,146.05,Terra,N
2026-07-23T20:34:00.000Z,44.42768,-1.12363,584.47,Terra,N
2026-07-23T20:34:00.000Z,44.42897,-1.12975,350.56,Terra,N
2026-07-23T20:34:00.000Z,44.42929,-1.10837,170.14,Terra,N
2026-07-23T20:34:00.000Z,44.43051,-1.11447,286.89,Terra,N
2026-07-23T20:34:00.000Z,44.43871,-1.13173,92.83,Terra,N
2026-07-23T20:34:00.000Z,44.44025,-1.11645,204.56,Terra,N
2026-07-23T20:34:00.000Z,44.79176,-1.14357,73.07,Terra,N
2026-07-23T20:34:00.000Z,44.79274,-1.14952,9.53,Terra,N
2026-07-23T20:34:00.000Z,44.79337,-1.12809,512.8,Terra,N
2026-07-23T20:34:00.000Z,44.79429,-1.13403,286.7,Terra,N
2026-07-23T20:34:00.000Z,44.79498,-1.11258,167.21,Terra,N
2026-07-23T20:34:00.000Z,44.79583,-1.1185,301.48,Terra,N
2026-07-23T20:34:00.000Z,44.79739,-1.10295,8.69,Terra,N
2026-07-23T20:34:00.000Z,44.79939,-1.18255,12.39,Terra,N
2026-07-23T20:34:00.000Z,44.80095,-1.16706,82.14,Terra,N
2026-07-23T20:34:00.000Z,44.80251,-1.15154,106.6,Terra,N
2026-07-23T20:34:00.000Z,44.80407,-1.13602,167.68,Terra,N
2026-07-23T20:34:00.000Z,44.80562,-1.12051,350.25,Terra,N
2026-07-23T20:34:00.000Z,44.80718,-1.10496,336.94,Terra,N
2026-07-23T20:34:00.000Z,44.80874,-1.08936,18.73,Terra,N
2026-07-23T20:34:00.000Z,44.80915,-1.18459,14.27,Terra,N
2026-07-23T20:34:00.000Z,44.81071,-1.1691,296.58,Terra,N
2026-07-23T20:34:00.000Z,44.81229,-1.15354,53.42,Terra,N
2026-07-23T20:34:00.000Z,44.81385,-1.13803,135.27,Terra,N
2026-07-23T20:34:00.000Z,44.81541,-1.1225,156.6,Terra,N
2026-07-23T20:34:00.000Z,44.81697,-1.10696,68.2,Terra,N
2026-07-23T20:34:00.000Z,44.81854,-1.09138,182.41,Terra,N
2026-07-23T20:34:00.000Z,44.82011,-1.07576,24.03,Terra,N
2026-07-23T20:34:00.000Z,44.82048,-1.17106,12.55,Terra,N
2026-07-23T20:34:00.000Z,44.82206,-1.15555,45.56,Terra,N
2026-07-23T20:34:00.000Z,44.82363,-1.14003,18.95,Terra,N
2026-07-23T20:34:00.000Z,44.8252,-1.1245,28.59,Terra,N
2026-07-23T20:34:00.000Z,44.82677,-1.10896,27.91,Terra,N
2026-07-23T20:34:00.000Z,44.82834,-1.09337,66.81,Terra,N
2026-07-23T20:34:00.000Z,44.82992,-1.07775,230.71,Terra,N
2026-07-23T20:34:00.000Z,44.83149,-1.06212,24.66,Terra,N
2026-07-23T20:34:00.000Z,44.83183,-1.15758,21.06,Terra,N
2026-07-23T20:34:00.000Z,44.83341,-1.14202,13.87,Terra,N
2026-07-23T20:34:00.000Z,44.83499,-1.1265,14.03,Terra,N
2026-07-23T20:34:00.000Z,44.83657,-1.11095,13.93,Terra,N
2026-07-23T20:34:00.000Z,44.83815,-1.09537,30.1,Terra,N
2026-07-23T20:34:00.000Z,44.83973,-1.07974,84.91,Terra,N
2026-07-23T20:34:00.000Z,44.84131,-1.06411,24.32,Terra,N
2026-07-23T20:34:00.000Z,44.84795,-1.09734,12.99,Terra,N
2026-07-23T20:34:00.000Z,44.84954,-1.08173,14.12,Terra,N
2026-07-23T20:34:00.000Z,44.85113,-1.06609,66.45,Terra,N
2026-07-23T20:34:00.000Z,44.85272,-1.05043,94.02,Terra,N
2026-07-23T20:34:00.000Z,44.85431,-1.03473,18.6,Terra,N
2026-07-23T20:34:00.000Z,44.85776,-1.09934,16.18,Terra,N
2026-07-23T20:34:00.000Z,44.85935,-1.08373,24.31,Terra,N
2026-07-23T20:34:00.000Z,44.86095,-1.06808,15.28,Terra,N
2026-07-23T20:34:00.000Z,44.86255,-1.0524,496.35,Terra,N
2026-07-23T20:34:00.000Z,44.86415,-1.0367,778.78,Terra,N
2026-07-23T20:34:00.000Z,44.86575,-1.02097,25.65,Terra,N
2026-07-23T20:34:00.000Z,44.86917,-1.0857,16.37,Terra,N
2026-07-23T20:34:00.000Z,44.87077,-1.07006,16.45,Terra,N
2026-07-23T20:34:00.000Z,44.87238,-1.05439,18.68,Terra,N
2026-07-23T20:34:00.000Z,44.87399,-1.03868,313.29,Terra,N
2026-07-23T20:34:00.000Z,44.87559,-1.02293,211.37,Terra,N
2026-07-23T20:34:00.000Z,44.87898,-1.08768,18.4,Terra,N
2026-07-23T20:34:00.000Z,44.88059,-1.07205,173.78,Terra,N
2026-07-23T20:34:00.000Z,44.88221,-1.05636,21.42,Terra,N
2026-07-23T20:34:00.000Z,44.88382,-1.04065,8.98,Terra,N
2026-07-23T20:34:00.000Z,44.88544,-1.02492,53.52,Terra,N
2026-07-23T20:34:00.000Z,44.88705,-1.00915,48.15,Terra,N
2026-07-23T20:34:00.000Z,44.89041,-1.07405,195.59,Terra,N
2026-07-23T20:34:00.000Z,44.89107,-1.0807,32.29,Terra,N
2026-07-23T20:34:00.000Z,44.89204,-1.05834,224.49,Terra,N
2026-07-23T20:34:00.000Z,44.89262,-1.065,249.16,Terra,N
2026-07-23T20:34:00.000Z,44.89418,-1.04926,32.04,Terra,N
2026-07-23T20:34:00.000Z,44.89528,-1.0269,55.5,Terra,N
2026-07-23T20:34:00.000Z,44.8969,-1.01115,184.82,Terra,N
2026-07-23T20:34:00.000Z,44.89729,-1.01775,135.41,Terra,N
2026-07-23T20:34:00.000Z,44.89884,-1.00194,26.25,Terra,N
2026-07-23T20:34:00.000Z,44.90245,-1.067,93.71,Terra,N
2026-07-23T20:34:00.000Z,44.90401,-1.05125,234.59,Terra,N
2026-07-23T20:34:00.000Z,44.90557,-1.0355,25.42,Terra,N
2026-07-24T01:34:00.000Z,44.36399,-1.14884,57.36,N21,N
2026-07-24T01:34:00.000Z,44.36446,-1.15415,57.36,N21,N
2026-07-24T01:34:00.000Z,44.36493,-1.15946,40.31,N21,N
2026-07-24T01:34:00.000Z,44.36539,-1.16478,40.31,N21,N
2026-07-24T01:34:00.000Z,44.36769,-1.14283,5.39,N21,N
2026-07-24T01:34:00.000Z,44.36815,-1.14811,57.36,N21,N
2026-07-24T01:34:00.000Z,44.36862,-1.15341,57.36,N21,N
2026-07-24T01:34:00.000Z,44.36909,-1.15873,40.31,N21,N
2026-07-24T01:34:00.000Z,44.36955,-1.16405,40.31,N21,N
2026-07-24T01:34:00.000Z,44.37003,-1.16938,12.18,N21,N
2026-07-24T01:34:00.000Z,44.37138,-1.13682,31.84,N21,N
2026-07-24T01:34:00.000Z,44.37185,-1.14211,31.84,N21,N
2026-07-24T01:34:00.000Z,44.37231,-1.1474,25.21,N21,N
2026-07-24T01:34:00.000Z,44.37278,-1.1527,25.21,N21,N
2026-07-24T01:34:00.000Z,44.37325,-1.15801,67.76,N21,N
2026-07-24T01:34:00.000Z,44.37372,-1.16333,67.76,N21,N
2026-07-24T01:34:00.000Z,44.37419,-1.16865,38.99,N21,N
2026-07-24T01:34:00.000Z,44.3746,-1.12549,15.73,N21,N
2026-07-24T01:34:00.000Z,44.37507,-1.13079,15.73,N21,N
2026-07-24T01:34:00.000Z,44.37554,-1.1361,31.84,N21,N
2026-07-24T01:34:00.000Z,44.37601,-1.14139,31.84,N21,N
2026-07-24T01:34:00.000Z,44.37648,-1.14668,25.21,N21,N
2026-07-24T01:34:00.000Z,44.37695,-1.15198,25.21,N21,N
2026-07-24T01:34:00.000Z,44.37741,-1.1573,67.76,N21,N
2026-07-24T01:34:00.000Z,44.37788,-1.16262,67.76,N21,N
2026-07-24T01:34:00.000Z,44.37829,-1.11948,30.25,N21,N
2026-07-24T01:34:00.000Z,44.37835,-1.16794,38.99,N21,N
2026-07-24T01:34:00.000Z,44.37876,-1.12478,24.58,N21,N
2026-07-24T01:34:00.000Z,44.37883,-1.17328,38.99,N21,N
2026-07-24T01:34:00.000Z,44.37923,-1.13007,24.58,N21,N
2026-07-24T01:34:00.000Z,44.3797,-1.13538,20.52,N21,N
2026-07-24T01:34:00.000Z,44.38017,-1.14068,20.52,N21,N
2026-07-24T01:34:00.000Z,44.38064,-1.14597,46.39,N21,N
2026-07-24T01:34:00.000Z,44.38111,-1.15128,46.39,N21,N
2026-07-24T01:34:00.000Z,44.38158,-1.15659,40.39,N21,N
2026-07-24T01:34:00.000Z,44.38197,-1.11349,30.25,N21,N
2026-07-24T01:34:00.000Z,44.38205,-1.16192,40.39,N21,N
2026-07-24T01:34:00.000Z,44.38245,-1.11878,30.25,N21,N
2026-07-24T01:34:00.000Z,44.38292,-1.12406,24.58,N21,N
2026-07-24T01:34:00.000Z,44.38338,-1.12936,24.58,N21,N
2026-07-24T01:34:00.000Z,44.38386,-1.13467,20.52,N21,N
2026-07-24T01:34:00.000Z,44.38433,-1.13997,20.52,N21,N
2026-07-24T01:34:00.000Z,44.3848,-1.14527,46.39,N21,N
2026-07-24T01:34:00.000Z,44.38527,-1.15058,46.39,N21,N
2026-07-24T01:34:00.000Z,44.38565,-1.10749,6.04,N21,N
2026-07-24T01:34:00.000Z,44.38575,-1.15589,40.39,N21,N
2026-07-24T01:34:00.000Z,44.38613,-1.11279,20.91,N21,N
2026-07-24T01:34:00.000Z,44.3866,-1.11808,20.91,N21,N
2026-07-24T01:34:00.000Z,44.38707,-1.12336,26.2,N21,N
2026-07-24T01:34:00.000Z,44.38755,-1.12865,26.2,N21,N
2026-07-24T01:34:00.000Z,44.38802,-1.13395,20.98,N21,N
2026-07-24T01:34:00.000Z,44.38849,-1.13925,20.98,N21,N
2026-07-24T01:34:00.000Z,44.38896,-1.14455,34.33,N21,N
2026-07-24T01:34:00.000Z,44.38943,-1.14988,34.33,N21,N
2026-07-24T01:34:00.000Z,44.38981,-1.10678,6.04,N21,N
2026-07-24T01:34:00.000Z,44.39029,-1.11209,20.91,N21,N
2026-07-24T01:34:00.000Z,44.39076,-1.11737,20.91,N21,N
2026-07-24T01:34:00.000Z,44.39123,-1.12265,26.2,N21,N
2026-07-24T01:34:00.000Z,44.3917,-1.12795,26.2,N21,N
2026-07-24T01:34:00.000Z,44.39218,-1.13324,20.98,N21,N
2026-07-24T01:34:00.000Z,44.39265,-1.13854,20.98,N21,N
2026-07-24T01:34:00.000Z,44.39312,-1.14385,34.33,N21,N
2026-07-24T01:34:00.000Z,44.39349,-1.10078,6.13,N21,N
2026-07-24T01:34:00.000Z,44.3936,-1.14917,34.33,N21,N
2026-07-24T01:34:00.000Z,44.39397,-1.10608,6.13,N21,N
2026-07-24T01:34:00.000Z,44.39407,-1.1545,4.7,N21,N
2026-07-24T01:34:00.000Z,44.39444,-1.11137,8.79,N21,N
2026-07-24T01:34:00.000Z,44.39491,-1.11666,8.79,N21,N
2026-07-24T01:34:00.000Z,44.39539,-1.12195,13.21,N21,N
2026-07-24T01:34:00.000Z,44.39586,-1.12723,13.21,N21,N
2026-07-24T01:34:00.000Z,44.39634,-1.13253,18.77,N21,N
2026-07-24T01:34:00.000Z,44.39681,-1.13784,18.77,N21,N
2026-07-24T01:34:00.000Z,44.39728,-1.14314,29.92,N21,N
2026-07-24T01:34:00.000Z,44.39764,-1.10009,6.13,N21,N
2026-07-24T01:34:00.000Z,44.39776,-1.14846,29.92,N21,N
2026-07-24T01:34:00.000Z,44.39811,-1.10538,6.13,N21,N
2026-07-24T01:34:00.000Z,44.39824,-1.1538,6.57,N21,N
2026-07-24T01:34:00.000Z,44.39859,-1.11067,8.79,N21,N
2026-07-24T01:34:00.000Z,44.39907,-1.11595,8.79,N21,N
2026-07-24T01:34:00.000Z,44.39954,-1.12124,13.21,N21,N
2026-07-24T01:34:00.000Z,44.40002,-1.12653,13.21,N21,N
2026-07-24T01:34:00.000Z,44.40049,-1.13183,18.77,N21,N
2026-07-24T01:34:00.000Z,44.40097,-1.13713,18.77,N21,N
2026-07-24T01:34:00.000Z,44.40144,-1.14245,29.92,N21,N
2026-07-24T01:34:00.000Z,44.40192,-1.14777,29.92,N21,N
2026-07-24T01:34:00.000Z,44.40227,-1.10469,8.45,N21,N
2026-07-24T01:34:00.000Z,44.40274,-1.10997,13.26,N21,N
2026-07-24T01:34:00.000Z,44.40322,-1.11525,13.26,N21,N
2026-07-24T01:34:00.000Z,44.4037,-1.12053,10.2,N21,N
2026-07-24T01:34:00.000Z,44.40417,-1.12583,10.2,N21,N
2026-07-24T01:34:00.000Z,44.40466,-1.13114,21.05,N21,N
2026-07-24T01:34:00.000Z,44.40513,-1.13644,21.05,N21,N
2026-07-24T01:34:00.000Z,44.40561,-1.14176,20.2,N21,N
2026-07-24T01:34:00.000Z,44.40609,-1.14708,20.2,N21,N
2026-07-24T01:34:00.000Z,44.40643,-1.10401,8.45,N21,N
2026-07-24T01:34:00.000Z,44.40691,-1.10928,13.26,N21,N
2026-07-24T01:34:00.000Z,44.40738,-1.11456,13.26,N21,N
2026-07-24T01:34:00.000Z,44.40786,-1.11985,10.2,N21,N
2026-07-24T01:34:00.000Z,44.40792,-1.10246,39.7,N21,N
2026-07-24T01:34:00.000Z,44.40834,-1.12515,10.2,N21,N
2026-07-24T01:34:00.000Z,44.40836,-1.10774,39.7,N21,N
2026-07-24T01:34:00.000Z,44.40881,-1.13045,21.05,N21,N
2026-07-24T01:34:00.000Z,44.40881,-1.11302,41.76,N21,N
2026-07-24T01:34:00.000Z,44.40926,-1.11832,41.76,N21,N
2026-07-24T01:34:00.000Z,44.40929,-1.13576,21.05,N21,N
2026-07-24T01:34:00.000Z,44.40971,-1.12363,12.81,N21,N
2026-07-24T01:34:00.000Z,44.40977,-1.14108,20.2,N21,N
2026-07-24T01:34:00.000Z,44.41016,-1.12894,12.81,N21,N
2026-07-24T01:34:00.000Z,44.41025,-1.1464,20.2,N21,N
2026-07-24T01:34:00.000Z,44.41058,-1.10331,32.95,N21,N
2026-07-24T01:34:00.000Z,44.41061,-1.13426,23.33,N21,N
2026-07-24T01:34:00.000Z,44.41106,-1.13958,23.33,N21,N
2026-07-24T01:34:00.000Z,44.41106,-1.10858,58.85,N21,N
2026-07-24T01:34:00.000Z,44.41151,-1.14491,21.11,N21,N
2026-07-24T01:34:00.000Z,44.41154,-1.11386,58.85,N21,N
2026-07-24T01:34:00.000Z,44.41202,-1.11915,9.06,N21,N
2026-07-24T01:34:00.000Z,44.41207,-1.10176,39.7,N21,N
2026-07-24T01:34:00.000Z,44.4125,-1.12446,9.06,N21,N
2026-07-24T01:34:00.000Z,44.41252,-1.10703,39.7,N21,N
2026-07-24T01:34:00.000Z,44.41297,-1.11231,41.76,N21,N
2026-07-24T01:34:00.000Z,44.41298,-1.12976,15.68,N21,N
2026-07-24T01:34:00.000Z,44.41342,-1.11762,41.76,N21,N
2026-07-24T01:34:00.000Z,44.41346,-1.13508,15.68,N21,N
2026-07-24T01:34:00.000Z,44.41388,-1.12293,12.81,N21,N
2026-07-24T01:34:00.000Z,44.41394,-1.14039,15.37,N21,N
2026-07-24T01:34:00.000Z,44.41432,-1.12825,12.81,N21,N
2026-07-24T01:34:00.000Z,44.41442,-1.14571,15.37,N21,N
2026-07-24T01:34:00.000Z,44.41474,-1.10262,32.95,N21,N
2026-07-24T01:34:00.000Z,44.41478,-1.13357,23.33,N21,N
2026-07-24T01:34:00.000Z,44.41522,-1.10788,58.85,N21,N
2026-07-24T01:34:00.000Z,44.41523,-1.1389,23.33,N21,N
2026-07-24T01:34:00.000Z,44.41568,-1.14422,21.11,N21,N
2026-07-24T01:34:00.000Z,44.4157,-1.11317,58.85,N21,N
2026-07-24T01:34:00.000Z,44.41618,-1.11846,9.06,N21,N
2026-07-24T01:34:00.000Z,44.41623,-1.10105,3.08,N21,N
2026-07-24T01:34:00.000Z,44.41666,-1.12377,9.06,N21,N
2026-07-24T01:34:00.000Z,44.41668,-1.10632,3.08,N21,N
2026-07-24T01:34:00.000Z,44.41713,-1.11162,11.57,N21,N
2026-07-24T01:34:00.000Z,44.41714,-1.12908,15.68,N21,N
2026-07-24T01:34:00.000Z,44.41758,-1.11692,11.57,N21,N
2026-07-24T01:34:00.000Z,44.41762,-1.1344,15.68,N21,N
2026-07-24T01:34:00.000Z,44.41803,-1.12224,8.04,N21,N
2026-07-24T01:34:00.000Z,44.4181,-1.13971,15.37,N21,N
2026-07-24T01:34:00.000Z,44.41849,-1.12755,8.04,N21,N
2026-07-24T01:34:00.000Z,44.41858,-1.14503,15.37,N21,N
2026-07-24T01:34:00.000Z,44.41894,-1.13288,13.84,N21,N
2026-07-24T01:34:00.000Z,44.4194,-1.13821,13.84,N21,N
2026-07-24T01:34:00.000Z,44.41985,-1.14353,3.09,N21,N
2026-07-24T01:34:00.000Z,44.42129,-1.11091,11.57,N21,N
2026-07-24T01:34:00.000Z,44.42174,-1.11622,11.57,N21,N
2026-07-24T01:34:00.000Z,44.4222,-1.12155,8.04,N21,N
2026-07-24T01:34:00.000Z,44.42265,-1.12686,8.04,N21,N
2026-07-24T01:34:00.000Z,44.4231,-1.13219,13.84,N21,N
2026-07-24T01:34:00.000Z,44.42356,-1.13751,13.84,N21,N
2026-07-24T01:34:00.000Z,44.42545,-1.11024,20.01,N21,N
2026-07-24T01:34:00.000Z,44.4259,-1.11555,20.01,N21,N
2026-07-24T01:34:00.000Z,44.42635,-1.12087,19.3,N21,N
2026-07-24T01:34:00.000Z,44.42681,-1.12618,19.3,N21,N
2026-07-24T01:34:00.000Z,44.42727,-1.1315,42.64,N21,N
2026-07-24T01:34:00.000Z,44.42772,-1.13681,42.64,N21,N
2026-07-24T01:34:00.000Z,44.42818,-1.14213,1.81,N21,N
2026-07-24T01:34:00.000Z,44.43006,-1.11486,20.01,N21,N
2026-07-24T01:34:00.000Z,44.43052,-1.12018,19.3,N21,N
2026-07-24T01:34:00.000Z,44.43097,-1.12549,19.3,N21,N
2026-07-24T01:34:00.000Z,44.43143,-1.1308,42.64,N21,N
2026-07-24T01:34:00.000Z,44.43188,-1.13611,42.64,N21,N
2026-07-24T01:34:00.000Z,44.43234,-1.14143,1.81,N21,N
2026-07-24T01:34:00.000Z,44.43422,-1.11415,4.89,N21,N
2026-07-24T01:34:00.000Z,44.43468,-1.11947,10.78,N21,N
2026-07-24T01:34:00.000Z,44.43513,-1.12479,10.78,N21,N
2026-07-24T01:34:00.000Z,44.43559,-1.13011,20.33,N21,N
2026-07-24T01:34:00.000Z,44.43884,-1.11877,10.78,N21,N
2026-07-24T01:34:00.000Z,44.4393,-1.12409,10.78,N21,N
2026-07-24T01:34:00.000Z,44.443,-1.11807,6.51,N21,N
2026-07-24T01:34:00.000Z,44.44346,-1.1234,6.51,N21,N
2026-07-24T01:34:00.000Z,44.78403,-1.20761,3.22,N21,N
2026-07-24T01:34:00.000Z,44.78449,-1.21305,6.34,N21,N
2026-07-24T01:34:00.000Z,44.78496,-1.2185,6.34,N21,N
2026-07-24T01:34:00.000Z,44.78542,-1.22398,13.11,N21,N
2026-07-24T01:34:00.000Z,44.78589,-1.22946,13.11,N21,N
2026-07-24T01:34:00.000Z,44.78593,-1.13064,13.43,N21,N
2026-07-24T01:34:00.000Z,44.78636,-1.23494,2.41,N21,N
2026-07-24T01:34:00.000Z,44.78639,-1.13604,23.93,N21,N
2026-07-24T01:34:00.000Z,44.78686,-1.14145,23.93,N21,N
2026-07-24T01:34:00.000Z,44.7873,-1.1961,17.04,N21,N
2026-07-24T01:34:00.000Z,44.78776,-1.20151,45.99,N21,N
2026-07-24T01:34:00.000Z,44.78779,-1.15226,4.28,N21,N
2026-07-24T01:34:00.000Z,44.78823,-1.20691,45.99,N21,N
2026-07-24T01:34:00.000Z,44.78868,-1.21232,1488.83,N21,N
2026-07-24T01:34:00.000Z,44.78917,-1.11916,12.1,N21,N
2026-07-24T01:34:00.000Z,44.78962,-1.22328,193.7,N21,N
2026-07-24T01:34:00.000Z,44.78964,-1.12454,66.13,N21,N
2026-07-24T01:34:00.000Z,44.79009,-1.22876,193.7,N21,N
2026-07-24T01:34:00.000Z,44.79011,-1.12993,66.13,N21,N
2026-07-24T01:34:00.000Z,44.79056,-1.23426,2.57,N21,N
2026-07-24T01:34:00.000Z,44.79057,-1.18457,17.88,N21,N
2026-07-24T01:34:00.000Z,44.79057,-1.13533,19.38,N21,N
2026-07-24T01:34:00.000Z,44.79103,-1.18999,17.04,N21,N
2026-07-24T01:34:00.000Z,44.79104,-1.14074,19.38,N21,N
2026-07-24T01:34:00.000Z,44.7915,-1.19543,17.04,N21,N
2026-07-24T01:34:00.000Z,44.79151,-1.14615,2.29,N21,N
2026-07-24T01:34:00.000Z,44.79196,-1.20082,45.99,N21,N
2026-07-24T01:34:00.000Z,44.79242,-1.20621,45.99,N21,N
2026-07-24T01:34:00.000Z,44.79288,-1.11306,12.1,N21,N
2026-07-24T01:34:00.000Z,44.79335,-1.11844,12.1,N21,N
2026-07-24T01:34:00.000Z,44.79382,-1.22258,193.7,N21,N
2026-07-24T01:34:00.000Z,44.79382,-1.12382,66.13,N21,N
2026-07-24T01:34:00.000Z,44.79383,-1.17307,5.76,N21,N
2026-07-24T01:34:00.000Z,44.79428,-1.12922,66.13,N21,N
2026-07-24T01:34:00.000Z,44.79429,-1.22808,193.7,N21,N
2026-07-24T01:34:00.000Z,44.79429,-1.17847,12.93,N21,N
2026-07-24T01:34:00.000Z,44.79475,-1.13463,19.38,N21,N
2026-07-24T01:34:00.000Z,44.79476,-1.23357,2.57,N21,N
2026-07-24T01:34:00.000Z,44.79476,-1.18387,12.93,N21,N
2026-07-24T01:34:00.000Z,44.79522,-1.14003,19.38,N21,N
2026-07-24T01:34:00.000Z,44.79523,-1.18931,121.16,N21,N
2026-07-24T01:34:00.000Z,44.79569,-1.19475,121.16,N21,N
2026-07-24T01:34:00.000Z,44.79616,-1.15084,2.29,N21,N
2026-07-24T01:34:00.000Z,44.79708,-1.21093,12.19,N21,N
2026-07-24T01:34:00.000Z,44.79753,-1.11773,36.48,N21,N
2026-07-24T01:34:00.000Z,44.79755,-1.21638,12.19,N21,N
2026-07-24T01:34:00.000Z,44.79755,-1.16698,5.76,N21,N
2026-07-24T01:34:00.000Z,44.798,-1.12312,15.14,N21,N
2026-07-24T01:34:00.000Z,44.79802,-1.22186,1.85,N21,N
2026-07-24T01:34:00.000Z,44.79802,-1.17234,5.76,N21,N
2026-07-24T01:34:00.000Z,44.79846,-1.12852,15.14,N21,N
2026-07-24T01:34:00.000Z,44.79848,-1.17775,12.93,N21,N
2026-07-24T01:34:00.000Z,44.79849,-1.22736,1.85,N21,N
2026-07-24T01:34:00.000Z,44.79893,-1.13393,14.24,N21,N
2026-07-24T01:34:00.000Z,44.79895,-1.18315,12.93,N21,N
2026-07-24T01:34:00.000Z,44.7994,-1.13933,14.24,N21,N
2026-07-24T01:34:00.000Z,44.79942,-1.18856,121.16,N21,N
2026-07-24T01:34:00.000Z,44.79987,-1.14473,7.03,N21,N
2026-07-24T01:34:00.000Z,44.79988,-1.19402,121.16,N21,N
2026-07-24T01:34:00.000Z,44.80034,-1.15012,7.03,N21,N
2026-07-24T01:34:00.000Z,44.80035,-1.19943,209.46,N21,N
2026-07-24T01:34:00.000Z,44.80077,-1.10627,5.06,N21,N
2026-07-24T01:34:00.000Z,44.80081,-1.20479,209.46,N21,N
2026-07-24T01:34:00.000Z,44.80081,-1.15552,3.54,N21,N
2026-07-24T01:34:00.000Z,44.80123,-1.11164,36.48,N21,N
2026-07-24T01:34:00.000Z,44.80127,-1.16091,3.54,N21,N
2026-07-24T01:34:00.000Z,44.80128,-1.21022,12.19,N21,N
2026-07-24T01:34:00.000Z,44.8017,-1.11703,36.48,N21,N
2026-07-24T01:34:00.000Z,44.80174,-1.16626,5.69,N21,N
2026-07-24T01:34:00.000Z,44.80175,-1.21568,12.19,N21,N
2026-07-24T01:34:00.000Z,44.80217,-1.12242,15.14,N21,N
2026-07-24T01:34:00.000Z,44.8022,-1.17163,5.69,N21,N
2026-07-24T01:34:00.000Z,44.80222,-1.22117,1.85,N21,N
2026-07-24T01:34:00.000Z,44.80264,-1.12782,15.14,N21,N
2026-07-24T01:34:00.000Z,44.80267,-1.17703,53.3,N21,N
2026-07-24T01:34:00.000Z,44.80312,-1.13322,14.24,N21,N
2026-07-24T01:34:00.000Z,44.80313,-1.18242,53.3,N21,N
2026-07-24T01:34:00.000Z,44.80359,-1.13862,14.24,N21,N
2026-07-24T01:34:00.000Z,44.8036,-1.18783,28.95,N21,N
2026-07-24T01:34:00.000Z,44.80405,-1.14401,7.03,N21,N
2026-07-24T01:34:00.000Z,44.80407,-1.19327,28.95,N21,N
2026-07-24T01:34:00.000Z,44.80447,-1.10019,54.64,N21,N
2026-07-24T01:34:00.000Z,44.80452,-1.14941,7.03,N21,N
2026-07-24T01:34:00.000Z,44.80454,-1.19869,1.15,N21,N
2026-07-24T01:34:00.000Z,44.80494,-1.10556,54.64,N21,N
2026-07-24T01:34:00.000Z,44.80499,-1.15481,3.54,N21,N
2026-07-24T01:34:00.000Z,44.80501,-1.20409,1.15,N21,N
2026-07-24T01:34:00.000Z,44.80541,-1.11093,5.03,N21,N
2026-07-24T01:34:00.000Z,44.80548,-1.20952,1.4,N21,N
2026-07-24T01:34:00.000Z,44.80588,-1.11632,5.03,N21,N
2026-07-24T01:34:00.000Z,44.80592,-1.16555,5.69,N21,N
2026-07-24T01:34:00.000Z,44.80595,-1.21498,1.4,N21,N
2026-07-24T01:34:00.000Z,44.80635,-1.12171,12.37,N21,N
2026-07-24T01:34:00.000Z,44.80639,-1.17092,5.69,N21,N
2026-07-24T01:34:00.000Z,44.80682,-1.1271,12.37,N21,N
2026-07-24T01:34:00.000Z,44.80686,-1.17631,53.3,N21,N
2026-07-24T01:34:00.000Z,44.80729,-1.1325,11.99,N21,N
2026-07-24T01:34:00.000Z,44.80733,-1.18172,53.3,N21,N
2026-07-24T01:34:00.000Z,44.80777,-1.13791,11.99,N21,N
2026-07-24T01:34:00.000Z,44.80817,-1.0941,21.45,N21,N
2026-07-24T01:34:00.000Z,44.80824,-1.14331,4.1,N21,N
2026-07-24T01:34:00.000Z,44.80864,-1.09947,54.64,N21,N
2026-07-24T01:34:00.000Z,44.80871,-1.14871,4.1,N21,N
2026-07-24T01:34:00.000Z,44.80873,-1.19797,1.15,N21,N
2026-07-24T01:34:00.000Z,44.80911,-1.10484,54.64,N21,N
2026-07-24T01:34:00.000Z,44.80918,-1.15411,2.84,N21,N
2026-07-24T01:34:00.000Z,44.80958,-1.11022,5.03,N21,N
2026-07-24T01:34:00.000Z,44.81006,-1.11561,5.03,N21,N
2026-07-24T01:34:00.000Z,44.81011,-1.16485,5.75,N21,N
2026-07-24T01:34:00.000Z,44.81053,-1.12101,12.37,N21,N
2026-07-24T01:34:00.000Z,44.81058,-1.17021,5.75,N21,N
2026-07-24T01:34:00.000Z,44.811,-1.12639,12.37,N21,N
2026-07-24T01:34:00.000Z,44.81105,-1.17561,23.45,N21,N
2026-07-24T01:34:00.000Z,44.81147,-1.13179,11.99,N21,N
2026-07-24T01:34:00.000Z,44.81195,-1.13719,11.99,N21,N
2026-07-24T01:34:00.000Z,44.81199,-1.18644,1.48,N21,N
2026-07-24T01:34:00.000Z,44.81234,-1.09338,16.17,N21,N
2026-07-24T01:34:00.000Z,44.81242,-1.14261,4.1,N21,N
2026-07-24T01:34:00.000Z,44.81281,-1.09875,2.8,N21,N
2026-07-24T01:34:00.000Z,44.81289,-1.14801,4.1,N21,N
2026-07-24T01:34:00.000Z,44.81336,-1.15342,2.84,N21,N
2026-07-24T01:34:00.000Z,44.8143,-1.16416,5.75,N21,N
2026-07-24T01:34:00.000Z,44.81471,-1.1203,4.33,N21,N
2026-07-24T01:34:00.000Z,44.81477,-1.16953,5.75,N21,N
2026-07-24T01:34:00.000Z,44.81518,-1.12569,4.33,N21,N
2026-07-24T01:34:00.000Z,44.81565,-1.13108,5.5,N21,N
2026-07-24T01:34:00.000Z,44.81604,-1.0873,16.17,N21,N
2026-07-24T01:34:00.000Z,44.81613,-1.13649,5.5,N21,N
2026-07-24T01:34:00.000Z,44.81651,-1.09266,16.17,N21,N
2026-07-24T01:34:00.000Z,44.81699,-1.09804,2.8,N21,N
2026-07-24T01:34:00.000Z,44.81802,-1.15809,5.06,N21,N
2026-07-24T01:34:00.000Z,44.81849,-1.16348,3.08,N21,N
2026-07-24T01:34:00.000Z,44.81889,-1.11959,4.33,N21,N
2026-07-24T01:34:00.000Z,44.81936,-1.12499,4.33,N21,N
2026-07-24T01:34:00.000Z,44.81974,-1.08123,22.03,N21,N
2026-07-24T01:34:00.000Z,44.81984,-1.13037,5.5,N21,N
2026-07-24T01:34:00.000Z,44.82021,-1.08658,3.62,N21,N
2026-07-24T01:34:00.000Z,44.82031,-1.13578,5.5,N21,N
2026-07-24T01:34:00.000Z,44.82069,-1.09195,3.62,N21,N
2026-07-24T01:34:00.000Z,44.82211,-1.10808,2.85,N21,N
2026-07-24T01:34:00.000Z,44.8222,-1.15739,5.06,N21,N
2026-07-24T01:34:00.000Z,44.82268,-1.16279,3.08,N21,N
2026-07-24T01:34:00.000Z,44.82343,-1.07518,22.03,N21,N
2026-07-24T01:34:00.000Z,44.82391,-1.08053,22.03,N21,N
2026-07-24T01:34:00.000Z,44.82438,-1.08588,3.62,N21,N
2026-07-24T01:34:00.000Z,44.82486,-1.09126,3.62,N21,N
2026-07-24T01:34:00.000Z,44.82592,-1.15128,3.31,N21,N
2026-07-24T01:34:00.000Z,44.82639,-1.15667,3.31,N21,N
2026-07-24T01:34:00.000Z,44.82676,-1.11278,2.85,N21,N
2026-07-24T01:34:00.000Z,44.82713,-1.06911,53.85,N21,N
2026-07-24T01:34:00.000Z,44.8276,-1.07448,20.91,N21,N
2026-07-24T01:34:00.000Z,44.82808,-1.07983,20.91,N21,N
2026-07-24T01:34:00.000Z,44.82855,-1.08519,2.4,N21,N
2026-07-24T01:34:00.000Z,44.82903,-1.09056,2.4,N21,N
2026-07-24T01:34:00.000Z,44.82962,-1.14517,6.28,N21,N
2026-07-24T01:34:00.000Z,44.8301,-1.15057,3.31,N21,N
2026-07-24T01:34:00.000Z,44.83177,-1.07377,20.91,N21,N
2026-07-24T01:34:00.000Z,44.83225,-1.07914,20.91,N21,N
2026-07-24T01:34:00.000Z,44.83273,-1.08449,2.4,N21,N
2026-07-24T01:34:00.000Z,44.83286,-1.07061,27.38,N21,N
2026-07-24T01:34:00.000Z,44.83321,-1.08986,2.4,N21,N
2026-07-24T01:34:00.000Z,44.83331,-1.07599,5.22,N21,N
2026-07-24T01:34:00.000Z,44.83376,-1.08136,5.22,N21,N
2026-07-24T01:34:00.000Z,44.83421,-1.08673,2.43,N21,N
2026-07-24T01:34:00.000Z,44.83466,-1.09211,2.43,N21,N
2026-07-24T01:34:00.000Z,44.83594,-1.07307,7.19,N21,N
2026-07-24T01:34:00.000Z,44.83642,-1.07843,7.19,N21,N
2026-07-24T01:34:00.000Z,44.8369,-1.0838,2.6,N21,N
2026-07-24T01:34:00.000Z,44.83702,-1.06991,27.38,N21,N
2026-07-24T01:34:00.000Z,44.83738,-1.08916,2.6,N21,N
2026-07-24T01:34:00.000Z,44.83748,-1.07528,5.22,N21,N
2026-07-24T01:34:00.000Z,44.83793,-1.08065,5.22,N21,N
2026-07-24T01:34:00.000Z,44.83838,-1.08602,2.43,N21,N
2026-07-24T01:34:00.000Z,44.83883,-1.0914,2.43,N21,N
2026-07-24T01:34:00.000Z,44.83963,-1.06701,39.79,N21,N
2026-07-24T01:34:00.000Z,44.84011,-1.07238,7.19,N21,N
2026-07-24T01:34:00.000Z,44.84059,-1.07774,7.19,N21,N
2026-07-24T01:34:00.000Z,44.84074,-1.06382,32.87,N21,N
2026-07-24T01:34:00.000Z,44.84107,-1.0831,2.6,N21,N
2026-07-24T01:34:00.000Z,44.84119,-1.0692,32.87,N21,N
2026-07-24T01:34:00.000Z,44.84165,-1.07458,3.93,N21,N
2026-07-24T01:34:00.000Z,44.8421,-1.07995,3.93,N21,N
2026-07-24T01:34:00.000Z,44.844,-1.05238,20.1,N21,N
2026-07-24T01:34:00.000Z,44.84446,-1.05775,20.1,N21,N
2026-07-24T01:34:00.000Z,44.84481,-1.11226,4.36,N21,N
2026-07-24T01:34:00.000Z,44.84491,-1.06312,32.87,N21,N
2026-07-24T01:34:00.000Z,44.84536,-1.06849,32.87,N21,N
2026-07-24T01:34:00.000Z,44.84817,-1.05166,16.11,N21,N
2026-07-24T01:34:00.000Z,44.84863,-1.05703,16.11,N21,N
2026-07-24T01:34:00.000Z,44.84908,-1.0624,3.58,N21,N
2026-07-24T01:34:00.000Z,44.84953,-1.06778,3.58,N21,N
2026-07-24T01:34:00.000Z,44.85188,-1.04558,22.8,N21,N
2026-07-24T01:34:00.000Z,44.85233,-1.05094,16.11,N21,N
2026-07-24T01:34:00.000Z,44.85279,-1.05631,16.11,N21,N
2026-07-24T01:34:00.000Z,44.85499,-1.13246,79.98,N21,N
2026-07-24T01:34:00.000Z,44.85545,-1.13786,127.29,N21,N
2026-07-24T01:34:00.000Z,44.8559,-1.14329,127.29,N21,N
2026-07-24T01:34:00.000Z,44.85598,-1.09396,9.08,N21,N
2026-07-24T01:34:00.000Z,44.85604,-1.04489,5.43,N21,N
2026-07-24T01:34:00.000Z,44.85636,-1.14871,22.53,N21,N
2026-07-24T01:34:00.000Z,44.8565,-1.05025,5.97,N21,N
2026-07-24T01:34:00.000Z,44.85826,-1.12094,38.95,N21,N
2026-07-24T01:34:00.000Z,44.85872,-1.12634,79.98,N21,N
2026-07-24T01:34:00.000Z,44.85918,-1.13175,79.98,N21,N
2026-07-24T01:34:00.000Z,44.85963,-1.13716,127.29,N21,N
2026-07-24T01:34:00.000Z,44.8597,-1.08786,9.24,N21,N
2026-07-24T01:34:00.000Z,44.85975,-1.03884,5.43,N21,N
2026-07-24T01:34:00.000Z,44.86009,-1.14259,127.29,N21,N
2026-07-24T01:34:00.000Z,44.86016,-1.09324,4.73,N21,N
2026-07-24T01:34:00.000Z,44.86021,-1.04419,5.43,N21,N
2026-07-24T01:34:00.000Z,44.86055,-1.14801,22.53,N21,N
2026-07-24T01:34:00.000Z,44.86067,-1.04955,5.97,N21,N
2026-07-24T01:34:00.000Z,44.861,-1.15341,22.53,N21,N
2026-07-24T01:34:00.000Z,44.86199,-1.11483,144.41,N21,N
2026-07-24T01:34:00.000Z,44.86245,-1.12023,144.41,N21,N
2026-07-24T01:34:00.000Z,44.8629,-1.12563,1238.64,N21,N
2026-07-24T01:34:00.000Z,44.863,-1.02743,5.79,N21,N
2026-07-24T01:34:00.000Z,44.86346,-1.03278,5.79,N21,N
2026-07-24T01:34:00.000Z,44.86392,-1.03813,4.61,N21,N
2026-07-24T01:34:00.000Z,44.86428,-1.14188,295.98,N21,N
2026-07-24T01:34:00.000Z,44.86434,-1.09255,4.73,N21,N
2026-07-24T01:34:00.000Z,44.86438,-1.04348,4.61,N21,N
2026-07-24T01:34:00.000Z,44.86473,-1.14729,2.59,N21,N
2026-07-24T01:34:00.000Z,44.86483,-1.04884,4.26,N21,N
2026-07-24T01:34:00.000Z,44.86519,-1.15269,2.59,N21,N
2026-07-24T01:34:00.000Z,44.86525,-1.10331,21.38,N21,N
2026-07-24T01:34:00.000Z,44.86571,-1.10872,21.38,N21,N
2026-07-24T01:34:00.000Z,44.86663,-1.11953,144.41,N21,N
2026-07-24T01:34:00.000Z,44.86716,-1.02673,5.79,N21,N
2026-07-24T01:34:00.000Z,44.86759,-1.08108,3.25,N21,N
2026-07-24T01:34:00.000Z,44.86762,-1.03208,5.79,N21,N
2026-07-24T01:34:00.000Z,44.868,-1.13578,295.98,N21,N
2026-07-24T01:34:00.000Z,44.86808,-1.03742,4.61,N21,N
2026-07-24T01:34:00.000Z,44.86846,-1.14118,295.98,N21,N
2026-07-24T01:34:00.000Z,44.86854,-1.04277,4.61,N21,N
2026-07-24T01:34:00.000Z,44.86892,-1.14657,2.59,N21,N
2026-07-24T01:34:00.000Z,44.86897,-1.09723,13.19,N21,N
2026-07-24T01:34:00.000Z,44.86943,-1.10262,67.28,N21,N
2026-07-24T01:34:00.000Z,44.86989,-1.10801,67.28,N21,N
2026-07-24T01:34:00.000Z,44.87035,-1.11342,268.98,N21,N
2026-07-24T01:34:00.000Z,44.87127,-1.12425,118.88,N21,N
2026-07-24T01:34:00.000Z,44.87131,-1.07499,7.4,N21,N
2026-07-24T01:34:00.000Z,44.87132,-1.02604,1.93,N21,N
2026-07-24T01:34:00.000Z,44.87173,-1.12967,118.88,N21,N
2026-07-24T01:34:00.000Z,44.87177,-1.08038,3.25,N21,N
2026-07-24T01:34:00.000Z,44.87178,-1.03138,1.93,N21,N
2026-07-24T01:34:00.000Z,44.87219,-1.13509,1.79,N21,N
2026-07-24T01:34:00.000Z,44.87225,-1.03672,5.12,N21,N
2026-07-24T01:34:00.000Z,44.87265,-1.14048,1.79,N21,N
2026-07-24T01:34:00.000Z,44.87315,-1.09653,13.19,N21,N
2026-07-24T01:34:00.000Z,44.87361,-1.10191,67.28,N21,N
2026-07-24T01:34:00.000Z,44.87407,-1.1073,67.28,N21,N
2026-07-24T01:34:00.000Z,44.87453,-1.11271,268.98,N21,N
2026-07-24T01:34:00.000Z,44.87499,-1.11813,268.98,N21,N
2026-07-24T01:34:00.000Z,44.87545,-1.12355,118.88,N21,N
2026-07-24T01:34:00.000Z,44.87548,-1.07429,6.24,N21,N
2026-07-24T01:34:00.000Z,44.87549,-1.02534,1.93,N21,N
2026-07-24T01:34:00.000Z,44.87592,-1.12897,118.88,N21,N
2026-07-24T01:34:00.000Z,44.87594,-1.07968,24.87,N21,N
2026-07-24T01:34:00.000Z,44.87595,-1.03068,1.93,N21,N
2026-07-24T01:34:00.000Z,44.87637,-1.13439,1.79,N21,N
2026-07-24T01:34:00.000Z,44.8764,-1.08507,24.87,N21,N
2026-07-24T01:34:00.000Z,44.87687,-1.09045,268.42,N21,N
2026-07-24T01:34:00.000Z,44.87732,-1.09582,268.42,N21,N
2026-07-24T01:34:00.000Z,44.87778,-1.10121,169.14,N21,N
2026-07-24T01:34:00.000Z,44.87825,-1.10661,169.14,N21,N
2026-07-24T01:34:00.000Z,44.87871,-1.11202,3.82,N21,N
2026-07-24T01:34:00.000Z,44.87917,-1.11743,3.82,N21,N
2026-07-24T01:34:00.000Z,44.87918,-1.06821,6.24,N21,N
2026-07-24T01:34:00.000Z,44.87963,-1.12284,1.53,N21,N
2026-07-24T01:34:00.000Z,44.87965,-1.07358,6.24,N21,N
2026-07-24T01:34:00.000Z,44.87965,-1.02464,3.06,N21,N
2026-07-24T01:34:00.000Z,44.8801,-1.12827,1.53,N21,N
2026-07-24T01:34:00.000Z,44.88012,-1.07897,24.87,N21,N
2026-07-24T01:34:00.000Z,44.88058,-1.08436,24.87,N21,N
2026-07-24T01:34:00.000Z,44.88196,-1.10051,169.14,N21,N
2026-07-24T01:34:00.000Z,44.88243,-1.10591,169.14,N21,N
2026-07-24T01:34:00.000Z,44.88288,-1.01324,1.18,N21,N
2026-07-24T01:34:00.000Z,44.88289,-1.11132,3.82,N21,N
2026-07-24T01:34:00.000Z,44.88289,-1.06213,4.34,N21,N
2026-07-24T01:34:00.000Z,44.88335,-1.11672,3.82,N21,N
2026-07-24T01:34:00.000Z,44.88335,-1.01858,1.18,N21,N
2026-07-24T01:34:00.000Z,44.88336,-1.0675,29.77,N21,N
2026-07-24T01:34:00.000Z,44.88381,-1.02393,3.06,N21,N
2026-07-24T01:34:00.000Z,44.88382,-1.07286,29.77,N21,N
2026-07-24T01:34:00.000Z,44.88428,-1.07823,246.53,N21,N
2026-07-24T01:34:00.000Z,44.88475,-1.08364,246.53,N21,N
2026-07-24T01:34:00.000Z,44.88568,-1.09442,158.49,N21,N
2026-07-24T01:34:00.000Z,44.88614,-1.0998,2.76,N21,N
2026-07-24T01:34:00.000Z,44.8866,-1.05608,4.34,N21,N
2026-07-24T01:34:00.000Z,44.88661,-1.10521,2.76,N21,N
2026-07-24T01:34:00.000Z,44.88704,-1.01255,6.64,N21,N
2026-07-24T01:34:00.000Z,44.88707,-1.06143,4.34,N21,N
2026-07-24T01:34:00.000Z,44.88751,-1.01787,6.64,N21,N
2026-07-24T01:34:00.000Z,44.88753,-1.06678,29.77,N21,N
2026-07-24T01:34:00.000Z,44.88797,-1.02321,4.77,N21,N
2026-07-24T01:34:00.000Z,44.88799,-1.07214,29.77,N21,N
2026-07-24T01:34:00.000Z,44.88845,-1.07751,246.53,N21,N
2026-07-24T01:34:00.000Z,44.88939,-1.08835,158.49,N21,N
2026-07-24T01:34:00.000Z,44.88985,-1.09372,158.49,N21,N
2026-07-24T01:34:00.000Z,44.89032,-1.09911,2.76,N21,N
2026-07-24T01:34:00.000Z,44.89074,-1.00649,19.5,N21,N
2026-07-24T01:34:00.000Z,44.89077,-1.05537,4.33,N21,N
2026-07-24T01:34:00.000Z,44.8912,-1.01183,6.64,N21,N
2026-07-24T01:34:00.000Z,44.89124,-1.06073,4.33,N21,N
2026-07-24T01:34:00.000Z,44.89167,-1.01715,6.64,N21,N
2026-07-24T01:34:00.000Z,44.8917,-1.06608,124.09,N21,N
2026-07-24T01:34:00.000Z,44.89216,-1.07144,124.09,N21,N
2026-07-24T01:34:00.000Z,44.8931,-1.08224,182.35,N21,N
2026-07-24T01:34:00.000Z,44.89357,-1.08765,1.34,N21,N
2026-07-24T01:34:00.000Z,44.89403,-1.09303,1.34,N21,N
2026-07-24T01:34:00.000Z,44.89489,-1.00578,11.36,N21,N
2026-07-24T01:34:00.000Z,44.89494,-1.05465,4.33,N21,N
2026-07-24T01:34:00.000Z,44.89536,-1.01111,14.34,N21,N
2026-07-24T01:34:00.000Z,44.89541,-1.06002,4.33,N21,N
2026-07-24T01:34:00.000Z,44.89583,-1.01644,14.34,N21,N
2026-07-24T01:34:00.000Z,44.89587,-1.06538,124.09,N21,N
2026-07-24T01:34:00.000Z,44.89629,-1.02177,3.33,N21,N
2026-07-24T01:34:00.000Z,44.89681,-1.07612,182.35,N21,N
2026-07-24T01:34:00.000Z,44.89727,-1.08154,182.35,N21,N
2026-07-24T01:34:00.000Z,44.89774,-1.08695,1.34,N21,N
2026-07-24T01:34:00.000Z,44.89911,-1.05396,13.65,N21,N
2026-07-24T01:34:00.000Z,44.89952,-1.01041,14.34,N21,N
2026-07-24T01:34:00.000Z,44.89958,-1.05933,13.65,N21,N
2026-07-24T01:34:00.000Z,44.89999,-1.01574,14.34,N21,N
2026-07-24T01:34:00.000Z,44.90004,-1.06468,23.64,N21,N
2026-07-24T01:34:00.000Z,44.90051,-1.07003,23.64,N21,N
2026-07-24T01:34:00.000Z,44.90098,-1.07542,0.66,N21,N
2026-07-24T01:34:00.000Z,44.90145,-1.08083,0.66,N21,N
2026-07-24T01:34:00.000Z,44.90234,-1.04254,7.07,N21,N
2026-07-24T01:34:00.000Z,44.90281,-1.0479,7.07,N21,N
2026-07-24T01:34:00.000Z,44.90328,-1.05327,13.65,N21,N
2026-07-24T01:34:00.000Z,44.90375,-1.05862,13.65,N21,N
2026-07-24T01:34:00.000Z,44.90462,-1.02039,1.18,N21,N
2026-07-24T01:34:00.000Z,44.90469,-1.06936,23.64,N21,N
2026-07-24T01:34:00.000Z,44.90516,-1.07474,0.66,N21,N
2026-07-24T01:34:00.000Z,44.90698,-1.04721,14.69,N21,N
2026-07-24T01:34:00.000Z,44.90745,-1.05258,11.99,N21,N
2026-07-24T02:11:00.000Z,44.36427,-1.1629,28.72,N,N
2026-07-24T02:11:00.000Z,44.36616,-1.15221,44.23,N,N
2026-07-24T02:11:00.000Z,44.36687,-1.15708,44.23,N,N
2026-07-24T02:11:00.000Z,44.36759,-1.16194,28.72,N,N
2026-07-24T02:11:00.000Z,44.36876,-1.14639,17.57,N,N
2026-07-24T02:11:00.000Z,44.36947,-1.15126,38.05,N,N
2026-07-24T02:11:00.000Z,44.37018,-1.15612,38.05,N,N
2026-07-24T02:11:00.000Z,44.37064,-1.13572,3.34,N,N
2026-07-24T02:11:00.000Z,44.3709,-1.16099,43.51,N,N
2026-07-24T02:11:00.000Z,44.37135,-1.14058,17.57,N,N
2026-07-24T02:11:00.000Z,44.37161,-1.16586,43.51,N,N
2026-07-24T02:11:00.000Z,44.37207,-1.14544,17.57,N,N
2026-07-24T02:11:00.000Z,44.37232,-1.17073,15.34,N,N
2026-07-24T02:11:00.000Z,44.37278,-1.15031,38.05,N,N
2026-07-24T02:11:00.000Z,44.37323,-1.1299,17.26,N,N
2026-07-24T02:11:00.000Z,44.3735,-1.15517,38.05,N,N
2026-07-24T02:11:00.000Z,44.37395,-1.13476,17.26,N,N
2026-07-24T02:11:00.000Z,44.37421,-1.16004,43.51,N,N
2026-07-24T02:11:00.000Z,44.37466,-1.13963,21.56,N,N
2026-07-24T02:11:00.000Z,44.37492,-1.16491,43.51,N,N
2026-07-24T02:11:00.000Z,44.37538,-1.14449,21.56,N,N
2026-07-24T02:11:00.000Z,44.37564,-1.16978,15.34,N,N
2026-07-24T02:11:00.000Z,44.37583,-1.12408,28.66,N,N
2026-07-24T02:11:00.000Z,44.37609,-1.14936,26.81,N,N
2026-07-24T02:11:00.000Z,44.37635,-1.17465,15.34,N,N
2026-07-24T02:11:00.000Z,44.37654,-1.12895,17.26,N,N
2026-07-24T02:11:00.000Z,44.3768,-1.15422,26.81,N,N
2026-07-24T02:11:00.000Z,44.37725,-1.13381,17.26,N,N
2026-07-24T02:11:00.000Z,44.37752,-1.15909,34.15,N,N
2026-07-24T02:11:00.000Z,44.37797,-1.13868,21.56,N,N
2026-07-24T02:11:00.000Z,44.37823,-1.16396,34.15,N,N
2026-07-24T02:11:00.000Z,44.37842,-1.11827,27.71,N,N
2026-07-24T02:11:00.000Z,44.37868,-1.14354,21.56,N,N
2026-07-24T02:11:00.000Z,44.37895,-1.16883,12.66,N,N
2026-07-24T02:11:00.000Z,44.37914,-1.12313,27.71,N,N
2026-07-24T02:11:00.000Z,44.3794,-1.14841,26.81,N,N
2026-07-24T02:11:00.000Z,44.37967,-1.1737,12.66,N,N
2026-07-24T02:11:00.000Z,44.37985,-1.12799,17.98,N,N
2026-07-24T02:11:00.000Z,44.38012,-1.15327,26.81,N,N
2026-07-24T02:11:00.000Z,44.38057,-1.13286,17.98,N,N
2026-07-24T02:11:00.000Z,44.38083,-1.15814,34.15,N,N
2026-07-24T02:11:00.000Z,44.38128,-1.13773,15.93,N,N
2026-07-24T02:11:00.000Z,44.38155,-1.16301,34.15,N,N
2026-07-24T02:11:00.000Z,44.38173,-1.11732,27.71,N,N
2026-07-24T02:11:00.000Z,44.382,-1.14259,15.93,N,N
2026-07-24T02:11:00.000Z,44.38245,-1.12218,27.71,N,N
2026-07-24T02:11:00.000Z,44.38271,-1.14746,35.08,N,N
2026-07-24T02:11:00.000Z,44.38316,-1.12704,17.98,N,N
2026-07-24T02:11:00.000Z,44.38343,-1.15232,35.08,N,N
2026-07-24T02:11:00.000Z,44.38388,-1.13191,17.98,N,N
2026-07-24T02:11:00.000Z,44.38414,-1.15719,31.15,N,N
2026-07-24T02:11:00.000Z,44.38432,-1.1115,15.52,N,N
2026-07-24T02:11:00.000Z,44.38459,-1.13677,15.93,N,N
2026-07-24T02:11:00.000Z,44.38504,-1.11637,31.52,N,N
2026-07-24T02:11:00.000Z,44.38531,-1.14164,15.93,N,N
2026-07-24T02:11:00.000Z,44.38576,-1.12123,31.52,N,N
2026-07-24T02:11:00.000Z,44.38602,-1.14651,35.08,N,N
2026-07-24T02:11:00.000Z,44.38647,-1.12609,17.06,N,N
2026-07-24T02:11:00.000Z,44.38674,-1.15137,35.08,N,N
2026-07-24T02:11:00.000Z,44.38719,-1.13096,17.06,N,N
2026-07-24T02:11:00.000Z,44.38763,-1.11055,15.52,N,N
2026-07-24T02:11:00.000Z,44.38791,-1.13582,20.81,N,N
2026-07-24T02:11:00.000Z,44.38835,-1.11542,31.52,N,N
2026-07-24T02:11:00.000Z,44.38862,-1.14069,20.81,N,N
2026-07-24T02:11:00.000Z,44.38907,-1.12028,31.52,N,N
2026-07-24T02:11:00.000Z,44.38934,-1.14555,28.15,N,N
2026-07-24T02:11:00.000Z,44.38979,-1.12514,17.06,N,N
2026-07-24T02:11:00.000Z,44.39005,-1.15043,28.15,N,N
2026-07-24T02:11:00.000Z,44.3905,-1.13001,17.06,N,N
2026-07-24T02:11:00.000Z,44.39094,-1.1096,7.93,N,N
2026-07-24T02:11:00.000Z,44.39122,-1.13487,20.81,N,N
2026-07-24T02:11:00.000Z,44.39166,-1.11446,13.83,N,N
2026-07-24T02:11:00.000Z,44.39193,-1.13974,20.81,N,N
2026-07-24T02:11:00.000Z,44.39237,-1.11933,13.83,N,N
2026-07-24T02:11:00.000Z,44.39265,-1.14461,28.15,N,N
2026-07-24T02:11:00.000Z,44.39309,-1.12419,21.92,N,N
2026-07-24T02:11:00.000Z,44.39336,-1.14948,28.15,N,N
2026-07-24T02:11:00.000Z,44.39354,-1.10378,7.93,N,N
2026-07-24T02:11:00.000Z,44.39381,-1.12905,21.92,N,N
2026-07-24T02:11:00.000Z,44.39408,-1.15435,2.19,N,N
2026-07-24T02:11:00.000Z,44.39425,-1.10865,7.93,N,N
2026-07-24T02:11:00.000Z,44.39452,-1.13392,17.15,N,N
2026-07-24T02:11:00.000Z,44.39497,-1.11351,13.83,N,N
2026-07-24T02:11:00.000Z,44.39524,-1.13879,17.15,N,N
2026-07-24T02:11:00.000Z,44.39569,-1.11838,13.83,N,N
2026-07-24T02:11:00.000Z,44.39596,-1.14366,22.29,N,N
2026-07-24T02:11:00.000Z,44.3964,-1.12324,21.92,N,N
2026-07-24T02:11:00.000Z,44.39668,-1.14852,22.29,N,N
2026-07-24T02:11:00.000Z,44.39684,-1.10283,5.98,N,N
2026-07-24T02:11:00.000Z,44.39712,-1.1281,21.92,N,N
2026-07-24T02:11:00.000Z,44.39739,-1.1534,3.12,N,N
2026-07-24T02:11:00.000Z,44.39756,-1.1077,5.98,N,N
2026-07-24T02:11:00.000Z,44.39783,-1.13297,17.15,N,N
2026-07-24T02:11:00.000Z,44.39828,-1.11256,6.37,N,N
2026-07-24T02:11:00.000Z,44.39855,-1.13784,17.15,N,N
2026-07-24T02:11:00.000Z,44.39899,-1.11742,6.37,N,N
2026-07-24T02:11:00.000Z,44.39927,-1.14271,22.29,N,N
2026-07-24T02:11:00.000Z,44.39971,-1.12229,7.36,N,N
2026-07-24T02:11:00.000Z,44.39999,-1.14758,22.29,N,N
2026-07-24T02:11:00.000Z,44.40043,-1.12715,7.36,N,N
2026-07-24T02:11:00.000Z,44.4007,-1.15245,3.12,N,N
2026-07-24T02:11:00.000Z,44.40087,-1.10675,5.98,N,N
2026-07-24T02:11:00.000Z,44.40115,-1.13202,17.47,N,N
2026-07-24T02:11:00.000Z,44.40159,-1.11161,6.37,N,N
2026-07-24T02:11:00.000Z,44.40186,-1.13689,17.47,N,N
2026-07-24T02:11:00.000Z,44.40231,-1.11647,6.37,N,N
2026-07-24T02:11:00.000Z,44.40258,-1.14176,26.13,N,N
2026-07-24T02:11:00.000Z,44.40303,-1.12134,7.36,N,N
2026-07-24T02:11:00.000Z,44.40329,-1.14663,26.13,N,N
2026-07-24T02:11:00.000Z,44.40374,-1.1262,7.36,N,N
2026-07-24T02:11:00.000Z,44.40401,-1.1515,4.89,N,N
2026-07-24T02:11:00.000Z,44.40418,-1.1058,12.72,N,N
2026-07-24T02:11:00.000Z,44.40446,-1.13107,17.47,N,N
2026-07-24T02:11:00.000Z,44.4049,-1.11066,15.4,N,N
2026-07-24T02:11:00.000Z,44.40517,-1.13594,17.47,N,N
2026-07-24T02:11:00.000Z,44.40562,-1.11552,15.4,N,N
2026-07-24T02:11:00.000Z,44.40589,-1.14081,26.13,N,N
2026-07-24T02:11:00.000Z,44.40633,-1.12039,7.81,N,N
2026-07-24T02:11:00.000Z,44.40661,-1.14568,26.13,N,N
2026-07-24T02:11:00.000Z,44.40705,-1.12525,7.81,N,N
2026-07-24T02:11:00.000Z,44.40733,-1.15055,4.89,N,N
2026-07-24T02:11:00.000Z,44.40749,-1.10485,12.72,N,N
2026-07-24T02:11:00.000Z,44.40777,-1.13012,18.22,N,N
2026-07-24T02:11:00.000Z,44.40821,-1.10971,15.4,N,N
2026-07-24T02:11:00.000Z,44.40849,-1.13499,18.22,N,N
2026-07-24T02:11:00.000Z,44.40893,-1.11457,15.4,N,N
2026-07-24T02:11:00.000Z,44.4092,-1.13986,17.23,N,N
2026-07-24T02:11:00.000Z,44.40965,-1.11944,7.81,N,N
2026-07-24T02:11:00.000Z,44.40992,-1.14473,17.23,N,N
2026-07-24T02:11:00.000Z,44.41037,-1.12431,7.81,N,N
2026-07-24T02:11:00.000Z,44.4108,-1.1039,44.68,N,N
2026-07-24T02:11:00.000Z,44.41108,-1.12917,18.22,N,N
2026-07-24T02:11:00.000Z,44.41152,-1.10876,54.97,N,N
2026-07-24T02:11:00.000Z,44.4118,-1.13404,18.22,N,N
2026-07-24T02:11:00.000Z,44.41224,-1.11362,54.97,N,N
2026-07-24T02:11:00.000Z,44.41252,-1.13891,17.23,N,N
2026-07-24T02:11:00.000Z,44.41296,-1.11849,9.8,N,N
2026-07-24T02:11:00.000Z,44.41323,-1.14378,17.23,N,N
2026-07-24T02:11:00.000Z,44.41367,-1.12336,9.8,N,N
2026-07-24T02:11:00.000Z,44.41395,-1.14865,37.56,N,N
2026-07-24T02:11:00.000Z,44.41411,-1.10295,44.68,N,N
2026-07-24T02:11:00.000Z,44.41439,-1.12822,13.72,N,N
2026-07-24T02:11:00.000Z,44.41483,-1.10781,54.97,N,N
2026-07-24T02:11:00.000Z,44.41511,-1.13309,13.72,N,N
2026-07-24T02:11:00.000Z,44.41555,-1.11267,54.97,N,N
2026-07-24T02:11:00.000Z,44.41583,-1.13796,17.02,N,N
2026-07-24T02:11:00.000Z,44.41626,-1.11754,9.8,N,N
2026-07-24T02:11:00.000Z,44.41655,-1.14284,17.02,N,N
2026-07-24T02:11:00.000Z,44.41699,-1.12241,9.8,N,N
2026-07-24T02:11:00.000Z,44.41726,-1.14771,19.39,N,N
2026-07-24T02:11:00.000Z,44.41742,-1.10199,0.98,N,N
2026-07-24T02:11:00.000Z,44.41771,-1.12728,13.72,N,N
2026-07-24T02:11:00.000Z,44.41814,-1.10686,11.9,N,N
2026-07-24T02:11:00.000Z,44.41842,-1.13215,13.72,N,N
2026-07-24T02:11:00.000Z,44.41885,-1.11172,11.9,N,N
2026-07-24T02:11:00.000Z,44.41914,-1.13702,17.02,N,N
2026-07-24T02:11:00.000Z,44.41957,-1.11659,7.82,N,N
2026-07-24T02:11:00.000Z,44.41986,-1.14189,17.02,N,N
2026-07-24T02:11:00.000Z,44.4203,-1.12146,7.82,N,N
2026-07-24T02:11:00.000Z,44.42101,-1.12633,16.19,N,N
2026-07-24T02:11:00.000Z,44.42173,-1.1312,16.19,N,N
2026-07-24T02:11:00.000Z,44.42217,-1.11077,11.9,N,N
2026-07-24T02:11:00.000Z,44.42245,-1.13607,26.77,N,N
2026-07-24T02:11:00.000Z,44.42289,-1.11564,7.82,N,N
2026-07-24T02:11:00.000Z,44.42361,-1.12051,7.82,N,N
2026-07-24T02:11:00.000Z,44.42432,-1.12538,16.19,N,N
2026-07-24T02:11:00.000Z,44.42504,-1.13025,16.19,N,N
2026-07-24T02:11:00.000Z,44.42548,-1.10982,9.1,N,N
2026-07-24T02:11:00.000Z,44.42576,-1.13512,26.77,N,N
2026-07-24T02:11:00.000Z,44.4262,-1.11469,17.48,N,N
2026-07-24T02:11:00.000Z,44.42692,-1.11956,17.48,N,N
2026-07-24T02:11:00.000Z,44.4272,-1.14486,55.56,N,N
2026-07-24T02:11:00.000Z,44.42764,-1.12443,25.7,N,N
2026-07-24T02:11:00.000Z,44.42836,-1.1293,25.7,N,N
2026-07-24T02:11:00.000Z,44.42907,-1.13417,29.33,N,N
2026-07-24T02:11:00.000Z,44.4295,-1.11374,17.48,N,N
2026-07-24T02:11:00.000Z,44.42979,-1.13904,29.33,N,N
2026-07-24T02:11:00.000Z,44.43022,-1.11861,17.48,N,N
2026-07-24T02:11:00.000Z,44.43051,-1.14391,12.24,N,N
2026-07-24T02:11:00.000Z,44.43095,-1.12348,25.7,N,N
2026-07-24T02:11:00.000Z,44.43167,-1.12835,25.7,N,N
2026-07-24T02:11:00.000Z,44.43238,-1.13322,29.33,N,N
2026-07-24T02:11:00.000Z,44.43282,-1.11279,8.63,N,N
2026-07-24T02:11:00.000Z,44.4331,-1.13809,29.33,N,N
2026-07-24T02:11:00.000Z,44.43354,-1.11766,8.63,N,N
2026-07-24T02:11:00.000Z,44.43426,-1.12253,16.58,N,N
2026-07-24T02:11:00.000Z,44.43498,-1.1274,16.58,N,N
2026-07-24T02:11:00.000Z,44.4357,-1.13227,13.0,N,N
2026-07-24T02:11:00.000Z,44.43684,-1.11671,8.63,N,N
2026-07-24T02:11:00.000Z,44.43756,-1.12158,16.58,N,N
2026-07-24T02:11:00.000Z,44.43829,-1.12645,16.58,N,N
2026-07-24T02:11:00.000Z,44.44088,-1.12063,7.66,N,N
2026-07-24T02:11:00.000Z,44.4416,-1.1255,7.66,N,N
2026-07-24T02:11:00.000Z,44.44419,-1.11968,7.66,N,N
2026-07-24T02:11:00.000Z,44.78143,-1.22154,1.41,N,N
2026-07-24T02:11:00.000Z,44.78214,-1.22647,8.78,N,N
2026-07-24T02:11:00.000Z,44.78287,-1.23141,8.78,N,N
2026-07-24T02:11:00.000Z,44.78358,-1.23635,3.94,N,N
2026-07-24T02:11:00.000Z,44.78403,-1.21565,1.41,N,N
2026-07-24T02:11:00.000Z,44.7846,-1.13686,15.27,N,N
2026-07-24T02:11:00.000Z,44.78474,-1.22058,1.41,N,N
2026-07-24T02:11:00.000Z,44.78531,-1.14178,15.27,N,N
2026-07-24T02:11:00.000Z,44.78547,-1.22552,8.78,N,N
2026-07-24T02:11:00.000Z,44.7859,-1.20484,12.53,N,N
2026-07-24T02:11:00.000Z,44.78619,-1.23046,8.78,N,N
2026-07-24T02:11:00.000Z,44.78648,-1.12606,48.37,N,N
2026-07-24T02:11:00.000Z,44.78662,-1.20976,12.53,N,N
2026-07-24T02:11:00.000Z,44.78674,-1.15163,6.25,N,N
2026-07-24T02:11:00.000Z,44.78691,-1.23539,3.94,N,N
2026-07-24T02:11:00.000Z,44.7872,-1.13098,48.37,N,N
2026-07-24T02:11:00.000Z,44.78734,-1.2147,69.13,N,N
2026-07-24T02:11:00.000Z,44.78763,-1.24033,3.94,N,N
2026-07-24T02:11:00.000Z,44.78791,-1.1359,54.26,N,N
2026-07-24T02:11:00.000Z,44.78807,-1.21963,69.13,N,N
2026-07-24T02:11:00.000Z,44.78841,-1.18702,13.53,N,N
2026-07-24T02:11:00.000Z,44.78851,-1.19897,4.63,N,N
2026-07-24T02:11:00.000Z,44.78863,-1.14082,54.26,N,N
2026-07-24T02:11:00.000Z,44.78879,-1.22457,572.07,N,N
2026-07-24T02:11:00.000Z,44.78908,-1.12018,2.29,N,N
2026-07-24T02:11:00.000Z,44.78912,-1.19195,13.53,N,N
2026-07-24T02:11:00.000Z,44.78923,-1.20389,12.53,N,N
2026-07-24T02:11:00.000Z,44.78979,-1.1251,48.37,N,N
2026-07-24T02:11:00.000Z,44.78983,-1.19688,14.44,N,N
2026-07-24T02:11:00.000Z,44.78995,-1.20881,12.53,N,N
2026-07-24T02:11:00.000Z,44.79005,-1.15067,2.6,N,N
2026-07-24T02:11:00.000Z,44.79051,-1.13002,48.37,N,N
2026-07-24T02:11:00.000Z,44.79054,-1.2018,14.44,N,N
2026-07-24T02:11:00.000Z,44.79066,-1.21374,69.13,N,N
2026-07-24T02:11:00.000Z,44.79102,-1.18115,7.02,N,N
2026-07-24T02:11:00.000Z,44.79123,-1.13494,54.26,N,N
2026-07-24T02:11:00.000Z,44.79126,-1.20673,114.15,N,N
2026-07-24T02:11:00.000Z,44.79139,-1.21868,69.13,N,N
2026-07-24T02:11:00.000Z,44.79173,-1.18607,13.53,N,N
2026-07-24T02:11:00.000Z,44.79195,-1.13987,54.26,N,N
2026-07-24T02:11:00.000Z,44.79197,-1.21165,114.15,N,N
2026-07-24T02:11:00.000Z,44.7924,-1.11922,22.34,N,N
2026-07-24T02:11:00.000Z,44.79244,-1.191,13.53,N,N
2026-07-24T02:11:00.000Z,44.79268,-1.21659,0.0,N,N
2026-07-24T02:11:00.000Z,44.79283,-1.22856,572.07,N,N
2026-07-24T02:11:00.000Z,44.79311,-1.12414,23.31,N,N
2026-07-24T02:11:00.000Z,44.79315,-1.19593,14.44,N,N
2026-07-24T02:11:00.000Z,44.79362,-1.17527,8.73,N,N
2026-07-24T02:11:00.000Z,44.79383,-1.12906,23.31,N,N
2026-07-24T02:11:00.000Z,44.79387,-1.20085,14.44,N,N
2026-07-24T02:11:00.000Z,44.79411,-1.22647,65.55,N,N
2026-07-24T02:11:00.000Z,44.79433,-1.18019,8.73,N,N
2026-07-24T02:11:00.000Z,44.79454,-1.13399,15.32,N,N
2026-07-24T02:11:00.000Z,44.79457,-1.20577,114.15,N,N
2026-07-24T02:11:00.000Z,44.79482,-1.23141,65.55,N,N
2026-07-24T02:11:00.000Z,44.795,-1.11335,22.34,N,N
2026-07-24T02:11:00.000Z,44.79505,-1.18512,20.92,N,N
2026-07-24T02:11:00.000Z,44.79526,-1.13891,15.32,N,N
2026-07-24T02:11:00.000Z,44.79553,-1.23635,0.97,N,N
2026-07-24T02:11:00.000Z,44.79572,-1.11826,22.34,N,N
2026-07-24T02:11:00.000Z,44.79576,-1.19005,20.92,N,N
2026-07-24T02:11:00.000Z,44.79623,-1.16939,9.79,N,N
2026-07-24T02:11:00.000Z,44.79624,-1.2413,0.97,N,N
2026-07-24T02:11:00.000Z,44.79643,-1.12318,23.31,N,N
2026-07-24T02:11:00.000Z,44.79647,-1.19498,318.7,N,N
2026-07-24T02:11:00.000Z,44.79671,-1.22057,0.0,N,N
2026-07-24T02:11:00.000Z,44.79694,-1.17431,8.73,N,N
2026-07-24T02:11:00.000Z,44.79715,-1.12811,23.31,N,N
2026-07-24T02:11:00.000Z,44.79718,-1.1999,318.7,N,N
2026-07-24T02:11:00.000Z,44.79743,-1.22551,65.55,N,N
2026-07-24T02:11:00.000Z,44.79766,-1.17924,8.73,N,N
2026-07-24T02:11:00.000Z,44.79786,-1.13303,15.32,N,N
2026-07-24T02:11:00.000Z,44.7979,-1.20482,188.95,N,N
2026-07-24T02:11:00.000Z,44.79812,-1.1586,3.61,N,N
2026-07-24T02:11:00.000Z,44.79814,-1.23046,65.55,N,N
2026-07-24T02:11:00.000Z,44.79832,-1.11239,21.23,N,N
2026-07-24T02:11:00.000Z,44.79837,-1.18416,20.92,N,N
2026-07-24T02:11:00.000Z,44.79861,-1.20974,188.95,N,N
2026-07-24T02:11:00.000Z,44.79885,-1.2354,0.97,N,N
2026-07-24T02:11:00.000Z,44.79903,-1.1173,21.23,N,N
2026-07-24T02:11:00.000Z,44.79908,-1.18909,20.92,N,N
2026-07-24T02:11:00.000Z,44.79929,-1.14288,3.62,N,N
2026-07-24T02:11:00.000Z,44.79932,-1.21468,7.21,N,N
2026-07-24T02:11:00.000Z,44.79955,-1.16844,6.15,N,N
2026-07-24T02:11:00.000Z,44.79975,-1.12223,15.52,N,N
2026-07-24T02:11:00.000Z,44.80001,-1.1478,3.62,N,N
2026-07-24T02:11:00.000Z,44.80004,-1.21962,7.21,N,N
2026-07-24T02:11:00.000Z,44.80026,-1.17336,12.27,N,N
2026-07-24T02:11:00.000Z,44.80046,-1.12715,15.52,N,N
2026-07-24T02:11:00.000Z,44.80072,-1.15272,3.61,N,N
2026-07-24T02:11:00.000Z,44.80075,-1.22456,1.47,N,N
2026-07-24T02:11:00.000Z,44.80092,-1.10651,0.91,N,N
2026-07-24T02:11:00.000Z,44.80098,-1.17828,12.27,N,N
2026-07-24T02:11:00.000Z,44.80118,-1.13207,13.02,N,N
2026-07-24T02:11:00.000Z,44.80122,-1.20386,188.95,N,N
2026-07-24T02:11:00.000Z,44.80144,-1.15764,3.61,N,N
2026-07-24T02:11:00.000Z,44.80146,-1.2295,1.47,N,N
2026-07-24T02:11:00.000Z,44.80163,-1.11143,21.23,N,N
2026-07-24T02:11:00.000Z,44.80169,-1.1832,191.4,N,N
2026-07-24T02:11:00.000Z,44.80193,-1.20879,188.95,N,N
2026-07-24T02:11:00.000Z,44.80235,-1.11635,21.23,N,N
2026-07-24T02:11:00.000Z,44.80261,-1.14192,7.87,N,N
2026-07-24T02:11:00.000Z,44.80265,-1.21372,7.21,N,N
2026-07-24T02:11:00.000Z,44.80287,-1.16748,6.15,N,N
2026-07-24T02:11:00.000Z,44.80307,-1.12127,15.52,N,N
2026-07-24T02:11:00.000Z,44.80333,-1.14684,7.87,N,N
2026-07-24T02:11:00.000Z,44.80336,-1.21866,7.21,N,N
2026-07-24T02:11:00.000Z,44.80352,-1.10064,45.24,N,N
2026-07-24T02:11:00.000Z,44.80358,-1.1724,12.27,N,N
2026-07-24T02:11:00.000Z,44.80378,-1.12619,15.52,N,N
2026-07-24T02:11:00.000Z,44.80383,-1.19798,161.06,N,N
2026-07-24T02:11:00.000Z,44.80404,-1.15177,2.62,N,N
2026-07-24T02:11:00.000Z,44.80407,-1.2236,1.47,N,N
2026-07-24T02:11:00.000Z,44.80423,-1.10556,45.24,N,N
2026-07-24T02:11:00.000Z,44.80429,-1.17732,12.27,N,N
2026-07-24T02:11:00.000Z,44.8045,-1.13111,13.02,N,N
2026-07-24T02:11:00.000Z,44.80454,-1.20291,2.46,N,N
2026-07-24T02:11:00.000Z,44.80476,-1.15669,2.62,N,N
2026-07-24T02:11:00.000Z,44.80478,-1.22855,1.47,N,N
2026-07-24T02:11:00.000Z,44.80495,-1.11047,3.47,N,N
2026-07-24T02:11:00.000Z,44.80501,-1.18225,191.4,N,N
2026-07-24T02:11:00.000Z,44.80521,-1.13604,13.02,N,N
2026-07-24T02:11:00.000Z,44.80525,-1.20784,2.46,N,N
2026-07-24T02:11:00.000Z,44.80566,-1.11539,3.47,N,N
2026-07-24T02:11:00.000Z,44.80572,-1.18717,191.4,N,N
2026-07-24T02:11:00.000Z,44.80593,-1.14096,7.87,N,N
2026-07-24T02:11:00.000Z,44.80597,-1.21277,1.82,N,N
2026-07-24T02:11:00.000Z,44.80611,-1.09477,3.91,N,N
2026-07-24T02:11:00.000Z,44.80619,-1.16652,4.26,N,N
2026-07-24T02:11:00.000Z,44.80638,-1.12031,16.09,N,N
2026-07-24T02:11:00.000Z,44.80643,-1.1921,161.06,N,N
2026-07-24T02:11:00.000Z,44.80664,-1.14588,7.87,N,N
2026-07-24T02:11:00.000Z,44.80683,-1.09968,45.24,N,N
2026-07-24T02:11:00.000Z,44.8069,-1.17144,19.09,N,N
2026-07-24T02:11:00.000Z,44.8071,-1.12523,16.09,N,N
2026-07-24T02:11:00.000Z,44.80715,-1.19703,161.06,N,N
2026-07-24T02:11:00.000Z,44.80736,-1.15081,2.62,N,N
2026-07-24T02:11:00.000Z,44.80755,-1.1046,45.24,N,N
2026-07-24T02:11:00.000Z,44.80761,-1.17637,19.09,N,N
2026-07-24T02:11:00.000Z,44.80782,-1.13016,12.91,N,N
2026-07-24T02:11:00.000Z,44.80786,-1.20196,2.46,N,N
2026-07-24T02:11:00.000Z,44.80807,-1.15573,2.62,N,N
2026-07-24T02:11:00.000Z,44.80827,-1.10951,3.47,N,N
2026-07-24T02:11:00.000Z,44.80833,-1.18129,19.86,N,N
2026-07-24T02:11:00.000Z,44.80853,-1.13508,12.91,N,N
2026-07-24T02:11:00.000Z,44.80898,-1.11443,3.47,N,N
2026-07-24T02:11:00.000Z,44.80904,-1.18622,19.86,N,N
2026-07-24T02:11:00.000Z,44.80925,-1.14001,4.54,N,N
2026-07-24T02:11:00.000Z,44.80943,-1.09381,24.23,N,N
2026-07-24T02:11:00.000Z,44.80951,-1.16557,4.26,N,N
2026-07-24T02:11:00.000Z,44.8097,-1.11935,16.09,N,N
2026-07-24T02:11:00.000Z,44.80976,-1.19114,2.68,N,N
2026-07-24T02:11:00.000Z,44.80996,-1.14493,4.54,N,N
2026-07-24T02:11:00.000Z,44.81015,-1.09872,3.88,N,N
2026-07-24T02:11:00.000Z,44.81022,-1.17049,19.09,N,N
2026-07-24T02:11:00.000Z,44.81042,-1.12428,16.09,N,N
2026-07-24T02:11:00.000Z,44.81068,-1.14985,1.27,N,N
2026-07-24T02:11:00.000Z,44.81086,-1.10364,3.88,N,N
2026-07-24T02:11:00.000Z,44.81093,-1.17541,19.09,N,N
2026-07-24T02:11:00.000Z,44.81113,-1.1292,12.91,N,N
2026-07-24T02:11:00.000Z,44.8114,-1.15478,1.27,N,N
2026-07-24T02:11:00.000Z,44.81165,-1.18034,19.86,N,N
2026-07-24T02:11:00.000Z,44.81185,-1.13412,12.91,N,N
2026-07-24T02:11:00.000Z,44.81236,-1.18526,19.86,N,N
2026-07-24T02:11:00.000Z,44.81257,-1.13905,4.54,N,N
2026-07-24T02:11:00.000Z,44.81274,-1.09285,24.23,N,N
2026-07-24T02:11:00.000Z,44.81283,-1.16462,1.9,N,N
2026-07-24T02:11:00.000Z,44.81302,-1.1184,2.89,N,N
2026-07-24T02:11:00.000Z,44.81328,-1.14397,4.54,N,N
2026-07-24T02:11:00.000Z,44.81346,-1.09776,3.88,N,N
2026-07-24T02:11:00.000Z,44.81354,-1.16954,6.27,N,N
2026-07-24T02:11:00.000Z,44.81374,-1.12332,2.89,N,N
2026-07-24T02:11:00.000Z,44.814,-1.1489,1.27,N,N
2026-07-24T02:11:00.000Z,44.81425,-1.17446,6.27,N,N
2026-07-24T02:11:00.000Z,44.81445,-1.12824,9.83,N,N
2026-07-24T02:11:00.000Z,44.81472,-1.15382,1.27,N,N
2026-07-24T02:11:00.000Z,44.81517,-1.13316,9.83,N,N
2026-07-24T02:11:00.000Z,44.81534,-1.08698,12.89,N,N
2026-07-24T02:11:00.000Z,44.81588,-1.13809,1.93,N,N
2026-07-24T02:11:00.000Z,44.81606,-1.09189,12.89,N,N
2026-07-24T02:11:00.000Z,44.81615,-1.16366,1.9,N,N
2026-07-24T02:11:00.000Z,44.81633,-1.11744,2.89,N,N
2026-07-24T02:11:00.000Z,44.8166,-1.14302,1.93,N,N
2026-07-24T02:11:00.000Z,44.81678,-1.0968,3.78,N,N
2026-07-24T02:11:00.000Z,44.81705,-1.12236,2.89,N,N
2026-07-24T02:11:00.000Z,44.81777,-1.12728,9.83,N,N
2026-07-24T02:11:00.000Z,44.81849,-1.13221,9.83,N,N
2026-07-24T02:11:00.000Z,44.81866,-1.08602,12.89,N,N
2026-07-24T02:11:00.000Z,44.81875,-1.15779,2.86,N,N
2026-07-24T02:11:00.000Z,44.8192,-1.13713,1.93,N,N
2026-07-24T02:11:00.000Z,44.81938,-1.09093,12.89,N,N
2026-07-24T02:11:00.000Z,44.81947,-1.16271,2.86,N,N
2026-07-24T02:11:00.000Z,44.81964,-1.11648,2.33,N,N
2026-07-24T02:11:00.000Z,44.82036,-1.1214,2.33,N,N
2026-07-24T02:11:00.000Z,44.82108,-1.12633,1.95,N,N
2026-07-24T02:11:00.000Z,44.82125,-1.08015,29.08,N,N
2026-07-24T02:11:00.000Z,44.82153,-1.10568,3.2,N,N
2026-07-24T02:11:00.000Z,44.8218,-1.13125,1.95,N,N
2026-07-24T02:11:00.000Z,44.82197,-1.08506,3.09,N,N
2026-07-24T02:11:00.000Z,44.82207,-1.15683,2.86,N,N
2026-07-24T02:11:00.000Z,44.82252,-1.13618,2.7,N,N
2026-07-24T02:11:00.000Z,44.82269,-1.08997,3.09,N,N
2026-07-24T02:11:00.000Z,44.82278,-1.16176,2.86,N,N
2026-07-24T02:11:00.000Z,44.82341,-1.09489,3.78,N,N
2026-07-24T02:11:00.000Z,44.82385,-1.07427,29.08,N,N
2026-07-24T02:11:00.000Z,44.82457,-1.07919,29.08,N,N
2026-07-24T02:11:00.000Z,44.82467,-1.15095,2.88,N,N
2026-07-24T02:11:00.000Z,44.82484,-1.10472,2.12,N,N
2026-07-24T02:11:00.000Z,44.82529,-1.0841,3.09,N,N
2026-07-24T02:11:00.000Z,44.82539,-1.15588,4.34,N,N
2026-07-24T02:11:00.000Z,44.82557,-1.10964,2.12,N,N
2026-07-24T02:11:00.000Z,44.826,-1.08901,3.09,N,N
2026-07-24T02:11:00.000Z,44.82628,-1.11456,4.86,N,N
2026-07-24T02:11:00.000Z,44.82717,-1.07331,25.39,N,N
2026-07-24T02:11:00.000Z,44.82727,-1.14507,2.88,N,N
2026-07-24T02:11:00.000Z,44.82788,-1.07823,25.39,N,N
2026-07-24T02:11:00.000Z,44.82799,-1.14999,2.88,N,N
2026-07-24T02:11:00.000Z,44.82861,-1.08314,1.93,N,N
2026-07-24T02:11:00.000Z,44.8287,-1.15492,4.34,N,N
2026-07-24T02:11:00.000Z,44.82932,-1.08806,1.93,N,N
2026-07-24T02:11:00.000Z,44.82976,-1.06744,6.77,N,N
2026-07-24T02:11:00.000Z,44.83047,-1.07236,25.39,N,N
2026-07-24T02:11:00.000Z,44.83059,-1.14411,2.14,N,N
2026-07-24T02:11:00.000Z,44.83076,-1.09789,3.23,N,N
2026-07-24T02:11:00.000Z,44.8312,-1.07727,25.39,N,N
2026-07-24T02:11:00.000Z,44.83131,-1.14904,2.14,N,N
2026-07-24T02:11:00.000Z,44.83148,-1.10281,4.34,N,N
2026-07-24T02:11:00.000Z,44.83192,-1.08218,1.93,N,N
2026-07-24T02:11:00.000Z,44.83263,-1.0871,1.93,N,N
2026-07-24T02:11:00.000Z,44.83307,-1.06648,4.23,N,N
2026-07-24T02:11:00.000Z,44.83335,-1.09201,3.23,N,N
2026-07-24T02:11:00.000Z,44.83379,-1.0714,13.7,N,N
2026-07-24T02:11:00.000Z,44.83451,-1.07631,13.7,N,N
2026-07-24T02:11:00.000Z,44.83523,-1.08122,2.38,N,N
2026-07-24T02:11:00.000Z,44.83579,-1.13235,2.27,N,N
2026-07-24T02:11:00.000Z,44.83595,-1.08614,2.38,N,N
2026-07-24T02:11:00.000Z,44.83667,-1.09105,3.04,N,N
2026-07-24T02:11:00.000Z,44.83711,-1.07044,13.7,N,N
2026-07-24T02:11:00.000Z,44.83783,-1.07535,13.7,N,N
2026-07-24T02:11:00.000Z,44.83855,-1.08027,2.38,N,N
2026-07-24T02:11:00.000Z,44.83911,-1.13139,2.27,N,N
2026-07-24T02:11:00.000Z,44.83927,-1.08518,2.38,N,N
2026-07-24T02:11:00.000Z,44.8397,-1.06456,32.19,N,N
2026-07-24T02:11:00.000Z,44.83999,-1.0901,3.04,N,N
2026-07-24T02:11:00.000Z,44.84042,-1.06948,21.91,N,N
2026-07-24T02:11:00.000Z,44.84114,-1.07439,21.91,N,N
2026-07-24T02:11:00.000Z,44.84186,-1.07931,2.43,N,N
2026-07-24T02:11:00.000Z,44.8423,-1.05869,32.19,N,N
2026-07-24T02:11:00.000Z,44.84258,-1.08422,2.43,N,N
2026-07-24T02:11:00.000Z,44.84302,-1.0636,32.19,N,N
2026-07-24T02:11:00.000Z,44.84374,-1.06852,21.91,N,N
2026-07-24T02:11:00.000Z,44.84446,-1.07343,21.91,N,N
2026-07-24T02:11:00.000Z,44.84489,-1.05282,25.02,N,N
2026-07-24T02:11:00.000Z,44.84561,-1.05773,21.6,N,N
2026-07-24T02:11:00.000Z,44.84633,-1.06264,21.6,N,N
2026-07-24T02:11:00.000Z,44.84705,-1.06756,3.35,N,N
2026-07-24T02:11:00.000Z,44.84821,-1.05186,25.02,N,N
2026-07-24T02:11:00.000Z,44.84892,-1.05677,21.6,N,N
2026-07-24T02:11:00.000Z,44.84964,-1.06168,21.6,N,N
2026-07-24T02:11:00.000Z,44.85036,-1.0666,3.35,N,N
2026-07-24T02:11:00.000Z,44.85079,-1.04598,23.99,N,N
2026-07-24T02:11:00.000Z,44.85151,-1.0509,23.99,N,N
2026-07-24T02:11:00.000Z,44.85224,-1.05581,6.84,N,N
2026-07-24T02:11:00.000Z,44.85296,-1.06072,6.84,N,N
2026-07-24T02:11:00.000Z,44.85411,-1.04503,23.99,N,N
2026-07-24T02:11:00.000Z,44.85469,-1.0961,4.73,N,N
2026-07-24T02:11:00.000Z,44.85483,-1.04994,23.99,N,N
2026-07-24T02:11:00.000Z,44.85526,-1.14727,3.67,N,N
2026-07-24T02:11:00.000Z,44.85555,-1.05485,6.84,N,N
2026-07-24T02:11:00.000Z,44.85598,-1.1522,3.67,N,N
2026-07-24T02:11:00.000Z,44.85627,-1.05976,6.84,N,N
2026-07-24T02:11:00.000Z,44.85641,-1.13153,56.95,N,N
2026-07-24T02:11:00.000Z,44.85699,-1.06468,2.67,N,N
2026-07-24T02:11:00.000Z,44.85714,-1.13646,106.08,N,N
2026-07-24T02:11:00.000Z,44.85741,-1.16204,1.28,N,N
2026-07-24T02:11:00.000Z,44.85742,-1.04407,4.91,N,N
2026-07-24T02:11:00.000Z,44.85785,-1.14138,106.08,N,N
2026-07-24T02:11:00.000Z,44.85801,-1.09514,3.25,N,N
2026-07-24T02:11:00.000Z,44.85814,-1.04898,4.91,N,N
2026-07-24T02:11:00.000Z,44.85829,-1.12072,9.14,N,N
2026-07-24T02:11:00.000Z,44.85844,-1.07451,1.9,N,N
2026-07-24T02:11:00.000Z,44.85857,-1.14632,83.72,N,N
2026-07-24T02:11:00.000Z,44.85886,-1.05389,3.04,N,N
2026-07-24T02:11:00.000Z,44.85901,-1.12565,56.95,N,N
2026-07-24T02:11:00.000Z,44.85916,-1.07943,1.9,N,N
2026-07-24T02:11:00.000Z,44.85929,-1.15124,83.72,N,N
2026-07-24T02:11:00.000Z,44.85973,-1.13057,56.95,N,N
2026-07-24T02:11:00.000Z,44.86001,-1.15617,2.46,N,N
2026-07-24T02:11:00.000Z,44.86045,-1.1355,106.08,N,N
2026-07-24T02:11:00.000Z,44.8606,-1.08926,4.4,N,N
2026-07-24T02:11:00.000Z,44.86073,-1.04311,4.91,N,N
2026-07-24T02:11:00.000Z,44.86132,-1.09418,3.25,N,N
2026-07-24T02:11:00.000Z,44.86146,-1.04802,4.91,N,N
2026-07-24T02:11:00.000Z,44.86161,-1.11976,28.83,N,N
2026-07-24T02:11:00.000Z,44.86189,-1.14536,83.72,N,N
2026-07-24T02:11:00.000Z,44.86233,-1.12469,142.19,N,N
2026-07-24T02:11:00.000Z,44.86247,-1.07847,2.09,N,N
2026-07-24T02:11:00.000Z,44.86261,-1.15029,83.72,N,N
2026-07-24T02:11:00.000Z,44.86333,-1.03724,6.18,N,N
2026-07-24T02:11:00.000Z,44.86377,-1.13455,91.25,N,N
2026-07-24T02:11:00.000Z,44.86392,-1.0883,4.83,N,N
2026-07-24T02:11:00.000Z,44.86405,-1.04215,4.86,N,N
2026-07-24T02:11:00.000Z,44.86421,-1.11388,28.83,N,N
2026-07-24T02:11:00.000Z,44.86434,-1.06768,2.92,N,N
2026-07-24T02:11:00.000Z,44.86449,-1.13947,91.25,N,N
2026-07-24T02:11:00.000Z,44.86464,-1.09322,5.06,N,N
2026-07-24T02:11:00.000Z,44.86477,-1.04706,4.86,N,N
2026-07-24T02:11:00.000Z,44.86493,-1.11881,28.83,N,N
2026-07-24T02:11:00.000Z,44.86519,-1.02645,3.25,N,N
2026-07-24T02:11:00.000Z,44.86521,-1.1444,8.88,N,N
2026-07-24T02:11:00.000Z,44.86565,-1.12373,142.19,N,N
2026-07-24T02:11:00.000Z,44.86579,-1.07751,2.09,N,N
2026-07-24T02:11:00.000Z,44.86591,-1.03136,6.18,N,N
2026-07-24T02:11:00.000Z,44.86593,-1.14933,8.88,N,N
2026-07-24T02:11:00.000Z,44.86608,-1.10307,150.81,N,N
2026-07-24T02:11:00.000Z,44.86637,-1.12866,142.19,N,N
2026-07-24T02:11:00.000Z,44.86664,-1.03628,6.18,N,N
2026-07-24T02:11:00.000Z,44.86681,-1.10799,150.81,N,N
2026-07-24T02:11:00.000Z,44.86709,-1.13359,91.25,N,N
2026-07-24T02:11:00.000Z,44.86736,-1.04119,4.86,N,N
2026-07-24T02:11:00.000Z,44.86753,-1.11292,142.89,N,N
2026-07-24T02:11:00.000Z,44.86781,-1.13852,91.25,N,N
2026-07-24T02:11:00.000Z,44.86825,-1.11785,142.89,N,N
2026-07-24T02:11:00.000Z,44.86851,-1.0255,1.98,N,N
2026-07-24T02:11:00.000Z,44.86853,-1.14345,8.88,N,N
2026-07-24T02:11:00.000Z,44.86868,-1.09719,5.06,N,N
2026-07-24T02:11:00.000Z,44.86897,-1.12278,191.23,N,N
2026-07-24T02:11:00.000Z,44.8691,-1.07655,2.7,N,N
2026-07-24T02:11:00.000Z,44.86923,-1.0304,2.59,N,N
2026-07-24T02:11:00.000Z,44.86982,-1.08147,2.73,N,N
2026-07-24T02:11:00.000Z,44.86995,-1.03531,2.59,N,N
2026-07-24T02:11:00.000Z,44.87012,-1.10704,150.81,N,N
2026-07-24T02:11:00.000Z,44.87041,-1.13264,22.31,N,N
2026-07-24T02:11:00.000Z,44.87067,-1.04023,5.34,N,N
2026-07-24T02:11:00.000Z,44.87084,-1.11196,142.89,N,N
2026-07-24T02:11:00.000Z,44.87113,-1.13757,22.31,N,N
2026-07-24T02:11:00.000Z,44.87185,-1.14249,1.31,N,N
2026-07-24T02:11:00.000Z,44.87199,-1.09623,7.18,N,N
2026-07-24T02:11:00.000Z,44.87229,-1.12182,191.23,N,N
2026-07-24T02:11:00.000Z,44.87242,-1.07559,2.7,N,N
2026-07-24T02:11:00.000Z,44.87254,-1.02945,2.59,N,N
2026-07-24T02:11:00.000Z,44.87271,-1.10115,45.83,N,N
2026-07-24T02:11:00.000Z,44.87301,-1.12675,191.23,N,N
2026-07-24T02:11:00.000Z,44.87314,-1.08051,2.73,N,N
2026-07-24T02:11:00.000Z,44.87327,-1.03436,2.59,N,N
2026-07-24T02:11:00.000Z,44.87344,-1.10608,45.83,N,N
2026-07-24T02:11:00.000Z,44.8736,-1.02757,1.84,N,N
2026-07-24T02:11:00.000Z,44.87373,-1.13168,22.31,N,N
2026-07-24T02:11:00.000Z,44.87416,-1.111,120.11,N,N
2026-07-24T02:11:00.000Z,44.87432,-1.03248,2.63,N,N
2026-07-24T02:11:00.000Z,44.87445,-1.13661,22.31,N,N
2026-07-24T02:11:00.000Z,44.87488,-1.11593,120.11,N,N
2026-07-24T02:11:00.000Z,44.87531,-1.09527,7.18,N,N
2026-07-24T02:11:00.000Z,44.8756,-1.12086,9.24,N,N
2026-07-24T02:11:00.000Z,44.87574,-1.07463,4.18,N,N
2026-07-24T02:11:00.000Z,44.87603,-1.10019,45.83,N,N
2026-07-24T02:11:00.000Z,44.87632,-1.12579,9.24,N,N
2026-07-24T02:11:00.000Z,44.87646,-1.07955,12.39,N,N
2026-07-24T02:11:00.000Z,44.87675,-1.10512,45.83,N,N
2026-07-24T02:11:00.000Z,44.87692,-1.02661,1.84,N,N
2026-07-24T02:11:00.000Z,44.87705,-1.13072,1.19,N,N
2026-07-24T02:11:00.000Z,44.87718,-1.08447,12.39,N,N
2026-07-24T02:11:00.000Z,44.87764,-1.03152,2.63,N,N
2026-07-24T02:11:00.000Z,44.8779,-1.08939,117.75,N,N
2026-07-24T02:11:00.000Z,44.8782,-1.11498,120.11,N,N
2026-07-24T02:11:00.000Z,44.87862,-1.09431,117.75,N,N
2026-07-24T02:11:00.000Z,44.87892,-1.11991,9.24,N,N
2026-07-24T02:11:00.000Z,44.87905,-1.07367,4.18,N,N
2026-07-24T02:11:00.000Z,44.87934,-1.09924,404.96,N,N
2026-07-24T02:11:00.000Z,44.87934,-1.06691,3.23,N,N
2026-07-24T02:11:00.000Z,44.87977,-1.07859,12.39,N,N
2026-07-24T02:11:00.000Z,44.88005,-1.07184,22.17,N,N
2026-07-24T02:11:00.000Z,44.88023,-1.02565,2.55,N,N
2026-07-24T02:11:00.000Z,44.8805,-1.08351,12.39,N,N
2026-07-24T02:11:00.000Z,44.88077,-1.07676,22.17,N,N
2026-07-24T02:11:00.000Z,44.88079,-1.10909,28.04,N,N
2026-07-24T02:11:00.000Z,44.88149,-1.08169,56.5,N,N
2026-07-24T02:11:00.000Z,44.88152,-1.11402,28.04,N,N
2026-07-24T02:11:00.000Z,44.88194,-1.09335,117.75,N,N
2026-07-24T02:11:00.000Z,44.8822,-1.08662,56.5,N,N
2026-07-24T02:11:00.000Z,44.88266,-1.06595,3.23,N,N
2026-07-24T02:11:00.000Z,44.88292,-1.09154,173.4,N,N
2026-07-24T02:11:00.000Z,44.88337,-1.07088,22.17,N,N
2026-07-24T02:11:00.000Z,44.88338,-1.10321,404.96,N,N
2026-07-24T02:11:00.000Z,44.88354,-1.02468,2.55,N,N
2026-07-24T02:11:00.000Z,44.88409,-1.0758,22.17,N,N
2026-07-24T02:11:00.000Z,44.88411,-1.10813,28.04,N,N
2026-07-24T02:11:00.000Z,44.88435,-1.10139,75.67,N,N
2026-07-24T02:11:00.000Z,44.8848,-1.08073,56.5,N,N
2026-07-24T02:11:00.000Z,44.88506,-1.10632,75.67,N,N
2026-07-24T02:11:00.000Z,44.88525,-1.06007,6.49,N,N
2026-07-24T02:11:00.000Z,44.88543,-1.01389,2.02,N,N
2026-07-24T02:11:00.000Z,44.88552,-1.08565,56.5,N,N
2026-07-24T02:11:00.000Z,44.88597,-1.06499,6.49,N,N
2026-07-24T02:11:00.000Z,44.88614,-1.0188,1.77,N,N
2026-07-24T02:11:00.000Z,44.88623,-1.09058,173.4,N,N
2026-07-24T02:11:00.000Z,44.88668,-1.06991,34.13,N,N
2026-07-24T02:11:00.000Z,44.88686,-1.02372,1.77,N,N
2026-07-24T02:11:00.000Z,44.88695,-1.09551,173.4,N,N
2026-07-24T02:11:00.000Z,44.8874,-1.07484,34.13,N,N
2026-07-24T02:11:00.000Z,44.88766,-1.10043,75.67,N,N
2026-07-24T02:11:00.000Z,44.88785,-1.05419,2.9,N,N
2026-07-24T02:11:00.000Z,44.88802,-1.00801,2.02,N,N
2026-07-24T02:11:00.000Z,44.88812,-1.07976,285.4,N,N
2026-07-24T02:11:00.000Z,44.88857,-1.05911,6.49,N,N
2026-07-24T02:11:00.000Z,44.88874,-1.01293,2.02,N,N
2026-07-24T02:11:00.000Z,44.88929,-1.06403,6.49,N,N
2026-07-24T02:11:00.000Z,44.88945,-1.01784,1.77,N,N
2026-07-24T02:11:00.000Z,44.88955,-1.08962,42.62,N,N
2026-07-24T02:11:00.000Z,44.89,-1.06895,34.13,N,N
2026-07-24T02:11:00.000Z,44.89017,-1.02276,1.77,N,N
2026-07-24T02:11:00.000Z,44.89027,-1.09455,42.62,N,N
2026-07-24T02:11:00.000Z,44.89072,-1.07388,34.13,N,N
2026-07-24T02:11:00.000Z,44.89098,-1.09948,1.6,N,N
2026-07-24T02:11:00.000Z,44.89133,-1.00705,16.25,N,N
2026-07-24T02:11:00.000Z,44.89188,-1.05815,4.75,N,N
2026-07-24T02:11:00.000Z,44.89205,-1.01196,16.25,N,N
2026-07-24T02:11:00.000Z,44.89215,-1.08374,285.4,N,N
2026-07-24T02:11:00.000Z,44.8926,-1.06307,4.75,N,N
2026-07-24T02:11:00.000Z,44.89277,-1.01688,3.92,N,N
2026-07-24T02:11:00.000Z,44.89287,-1.08866,42.62,N,N
2026-07-24T02:11:00.000Z,44.89331,-1.06799,52.27,N,N
2026-07-24T02:11:00.000Z,44.89349,-1.02179,3.92,N,N
2026-07-24T02:11:00.000Z,44.89359,-1.09359,42.62,N,N
2026-07-24T02:11:00.000Z,44.89403,-1.07292,52.27,N,N
2026-07-24T02:11:00.000Z,44.89464,-1.00609,16.25,N,N
2026-07-24T02:11:00.000Z,44.89475,-1.07785,48.58,N,N
2026-07-24T02:11:00.000Z,44.8952,-1.05719,4.75,N,N
2026-07-24T02:11:00.000Z,44.89536,-1.011,16.25,N,N
2026-07-24T02:11:00.000Z,44.89547,-1.08278,48.58,N,N
2026-07-24T02:11:00.000Z,44.89592,-1.06211,4.75,N,N
2026-07-24T02:11:00.000Z,44.89608,-1.01591,3.92,N,N
2026-07-24T02:11:00.000Z,44.89619,-1.08771,1.64,N,N
2026-07-24T02:11:00.000Z,44.89663,-1.06703,52.27,N,N
2026-07-24T02:11:00.000Z,44.8968,-1.02083,3.92,N,N
2026-07-24T02:11:00.000Z,44.89735,-1.07196,52.27,N,N
2026-07-24T02:11:00.000Z,44.89806,-1.07688,48.58,N,N
2026-07-24T02:11:00.000Z,44.89851,-1.05623,13.94,N,N
2026-07-24T02:11:00.000Z,44.89867,-1.01004,29.58,N,N
2026-07-24T02:11:00.000Z,44.89878,-1.08182,48.58,N,N
2026-07-24T02:11:00.000Z,44.89923,-1.06115,13.94,N,N
2026-07-24T02:11:00.000Z,44.89939,-1.01495,12.59,N,N
2026-07-24T02:11:00.000Z,44.89994,-1.06607,15.51,N,N
2026-07-24T02:11:00.000Z,44.90066,-1.071,15.51,N,N
2026-07-24T02:11:00.000Z,44.90111,-1.05035,3.81,N,N
2026-07-24T02:11:00.000Z,44.90183,-1.05527,13.94,N,N
2026-07-24T02:11:00.000Z,44.90255,-1.06019,13.94,N,N
2026-07-24T02:11:00.000Z,44.90326,-1.06511,15.51,N,N
2026-07-24T02:11:00.000Z,44.90343,-1.01891,12.59,N,N
2026-07-24T02:11:00.000Z,44.90371,-1.04447,9.61,N,N
2026-07-24T02:11:00.000Z,44.90442,-1.04939,9.61,N,N
2026-07-24T02:11:00.000Z,44.90514,-1.05431,10.75,N,N
2026-07-24T02:11:00.000Z,44.90586,-1.05923,10.75,N,N
2026-07-24T02:11:00.000Z,44.90702,-1.04351,9.61,N,N
2026-07-24T02:11:00.000Z,44.90774,-1.04843,9.61,N,N
2026-07-24T02:11:00.000Z,44.90846,-1.05335,10.75,N,N
2026-07-24T02:28:00.000Z,44.36511,-1.15372,32.49,N20,N
2026-07-24T02:28:00.000Z,44.36631,-1.15963,32.49,N20,N
2026-07-24T02:28:00.000Z,44.36749,-1.14639,16.47,N20,N
2026-07-24T02:28:00.000Z,44.36751,-1.16554,11.53,N20,N
2026-07-24T02:28:00.000Z,44.36869,-1.15232,47.3,N20,N
2026-07-24T02:28:00.000Z,44.36987,-1.13905,16.47,N20,N
2026-07-24T02:28:00.000Z,44.36989,-1.15822,47.3,N20,N
2026-07-24T02:28:00.000Z,44.37007,-1.14402,23.73,N20,N
2026-07-24T02:28:00.000Z,44.37107,-1.14498,16.47,N20,N
2026-07-24T02:28:00.000Z,44.37109,-1.16412,37.21,N20,N
2026-07-24T02:28:00.000Z,44.3713,-1.14992,23.73,N20,N
2026-07-24T02:28:00.000Z,44.37225,-1.13172,14.87,N20,N
2026-07-24T02:28:00.000Z,44.37227,-1.1509,47.3,N20,N
2026-07-24T02:28:00.000Z,44.37228,-1.17001,37.21,N20,N
2026-07-24T02:28:00.000Z,44.37243,-1.13669,20.19,N20,N
2026-07-24T02:28:00.000Z,44.37252,-1.15582,38.54,N20,N
2026-07-24T02:28:00.000Z,44.37345,-1.13763,23.64,N20,N
2026-07-24T02:28:00.000Z,44.37347,-1.15681,47.3,N20,N
2026-07-24T02:28:00.000Z,44.37356,-1.12347,27.68,N20,N
2026-07-24T02:28:00.000Z,44.37366,-1.1426,23.73,N20,N
2026-07-24T02:28:00.000Z,44.37375,-1.16171,38.54,N20,N
2026-07-24T02:28:00.000Z,44.37463,-1.12438,14.87,N20,N
2026-07-24T02:28:00.000Z,44.37465,-1.14356,23.64,N20,N
2026-07-24T02:28:00.000Z,44.37467,-1.16271,37.21,N20,N
2026-07-24T02:28:00.000Z,44.37479,-1.12938,24.6,N20,N
2026-07-24T02:28:00.000Z,44.37488,-1.14851,23.73,N20,N
2026-07-24T02:28:00.000Z,44.37497,-1.16759,22.35,N20,N
2026-07-24T02:28:00.000Z,44.37584,-1.1303,14.87,N20,N
2026-07-24T02:28:00.000Z,44.37585,-1.14948,44.07,N20,N
2026-07-24T02:28:00.000Z,44.37587,-1.16861,37.21,N20,N
2026-07-24T02:28:00.000Z,44.37601,-1.13528,24.6,N20,N
2026-07-24T02:28:00.000Z,44.37611,-1.15441,38.54,N20,N
2026-07-24T02:28:00.000Z,44.37619,-1.17347,22.35,N20,N
2026-07-24T02:28:00.000Z,44.37703,-1.13621,23.64,N20,N
2026-07-24T02:28:00.000Z,44.37705,-1.15539,44.07,N20,N
2026-07-24T02:28:00.000Z,44.37706,-1.1745,9.87,N20,N
2026-07-24T02:28:00.000Z,44.37715,-1.12206,27.68,N20,N
2026-07-24T02:28:00.000Z,44.37724,-1.14118,21.58,N20,N
2026-07-24T02:28:00.000Z,44.37732,-1.16029,38.54,N20,N
2026-07-24T02:28:00.000Z,44.37823,-1.14214,23.64,N20,N
2026-07-24T02:28:00.000Z,44.37825,-1.16129,27.77,N20,N
2026-07-24T02:28:00.000Z,44.37837,-1.12797,24.6,N20,N
2026-07-24T02:28:00.000Z,44.37846,-1.14709,21.58,N20,N
2026-07-24T02:28:00.000Z,44.37854,-1.16618,22.35,N20,N
2026-07-24T02:28:00.000Z,44.37943,-1.14806,44.07,N20,N
2026-07-24T02:28:00.000Z,44.37944,-1.16719,27.77,N20,N
2026-07-24T02:28:00.000Z,44.37959,-1.13387,24.6,N20,N
2026-07-24T02:28:00.000Z,44.37968,-1.15299,55.01,N20,N
2026-07-24T02:28:00.000Z,44.37976,-1.17206,22.35,N20,N
2026-07-24T02:28:00.000Z,44.38063,-1.15397,44.07,N20,N
2026-07-24T02:28:00.000Z,44.38073,-1.12064,35.42,N20,N
2026-07-24T02:28:00.000Z,44.38082,-1.13977,21.58,N20,N
2026-07-24T02:28:00.000Z,44.3809,-1.15888,55.01,N20,N
2026-07-24T02:28:00.000Z,44.38182,-1.15987,27.77,N20,N
2026-07-24T02:28:00.000Z,44.38195,-1.12655,14.25,N20,N
2026-07-24T02:28:00.000Z,44.38204,-1.14568,21.58,N20,N
2026-07-24T02:28:00.000Z,44.38309,-1.1133,35.42,N20,N
2026-07-24T02:28:00.000Z,44.38318,-1.13245,14.25,N20,N
2026-07-24T02:28:00.000Z,44.38326,-1.15157,55.01,N20,N
2026-07-24T02:28:00.000Z,44.38432,-1.11922,35.42,N20,N
2026-07-24T02:28:00.000Z,44.3844,-1.13835,21.65,N20,N
2026-07-24T02:28:00.000Z,44.38448,-1.15746,55.01,N20,N
2026-07-24T02:28:00.000Z,44.38545,-1.10597,3.57,N20,N
2026-07-24T02:28:00.000Z,44.38554,-1.12513,14.25,N20,N
2026-07-24T02:28:00.000Z,44.38562,-1.14426,21.65,N20,N
2026-07-24T02:28:00.000Z,44.38667,-1.11188,22.33,N20,N
2026-07-24T02:28:00.000Z,44.38676,-1.13103,14.25,N20,N
2026-07-24T02:28:00.000Z,44.38684,-1.15015,21.44,N20,N
2026-07-24T02:28:00.000Z,44.3879,-1.11779,22.33,N20,N
2026-07-24T02:28:00.000Z,44.38798,-1.13694,21.65,N20,N
2026-07-24T02:28:00.000Z,44.38903,-1.10455,3.57,N20,N
2026-07-24T02:28:00.000Z,44.38912,-1.12371,24.88,N20,N
2026-07-24T02:28:00.000Z,44.3892,-1.14284,21.65,N20,N
2026-07-24T02:28:00.000Z,44.39025,-1.11046,22.33,N20,N
2026-07-24T02:28:00.000Z,44.39034,-1.12962,24.88,N20,N
2026-07-24T02:28:00.000Z,44.39042,-1.14873,21.44,N20,N
2026-07-24T02:28:00.000Z,44.39148,-1.11637,22.33,N20,N
2026-07-24T02:28:00.000Z,44.39156,-1.13552,21.5,N20,N
2026-07-24T02:28:00.000Z,44.39262,-1.10313,5.59,N20,N
2026-07-24T02:28:00.000Z,44.3927,-1.12229,24.88,N20,N
2026-07-24T02:28:00.000Z,44.39278,-1.14142,21.5,N20,N
2026-07-24T02:28:00.000Z,44.39384,-1.10904,9.28,N20,N
2026-07-24T02:28:00.000Z,44.39392,-1.1282,24.88,N20,N
2026-07-24T02:28:00.000Z,44.394,-1.14732,12.68,N20,N
2026-07-24T02:28:00.000Z,44.39506,-1.11495,9.28,N20,N
2026-07-24T02:28:00.000Z,44.39515,-1.13411,21.5,N20,N
2026-07-24T02:28:00.000Z,44.39521,-1.1532,12.68,N20,N
2026-07-24T02:28:00.000Z,44.3962,-1.1017,5.59,N20,N
2026-07-24T02:28:00.000Z,44.39629,-1.12087,11.17,N20,N
2026-07-24T02:28:00.000Z,44.39636,-1.14001,21.5,N20,N
2026-07-24T02:28:00.000Z,44.39743,-1.10761,9.28,N20,N
2026-07-24T02:28:00.000Z,44.3975,-1.12678,11.17,N20,N
2026-07-24T02:28:00.000Z,44.39758,-1.1459,12.68,N20,N
2026-07-24T02:28:00.000Z,44.39865,-1.11353,9.28,N20,N
2026-07-24T02:28:00.000Z,44.39873,-1.13268,19.74,N20,N
2026-07-24T02:28:00.000Z,44.39879,-1.15178,12.68,N20,N
2026-07-24T02:28:00.000Z,44.39986,-1.11944,11.17,N20,N
2026-07-24T02:28:00.000Z,44.39994,-1.13859,19.74,N20,N
2026-07-24T02:28:00.000Z,44.40101,-1.10618,8.13,N20,N
2026-07-24T02:28:00.000Z,44.40108,-1.12535,11.17,N20,N
2026-07-24T02:28:00.000Z,44.40115,-1.14448,21.75,N20,N
2026-07-24T02:28:00.000Z,44.40223,-1.1121,8.13,N20,N
2026-07-24T02:28:00.000Z,44.40231,-1.13126,19.74,N20,N
2026-07-24T02:28:00.000Z,44.40237,-1.15036,21.75,N20,N
2026-07-24T02:28:00.000Z,44.40345,-1.11802,7.83,N20,N
2026-07-24T02:28:00.000Z,44.40352,-1.13716,19.74,N20,N
2026-07-24T02:28:00.000Z,44.40459,-1.10475,8.13,N20,N
2026-07-24T02:28:00.000Z,44.40466,-1.12393,7.83,N20,N
2026-07-24T02:28:00.000Z,44.40473,-1.14305,21.75,N20,N
2026-07-24T02:28:00.000Z,44.40581,-1.11067,8.13,N20,N
2026-07-24T02:28:00.000Z,44.40588,-1.12983,19.61,N20,N
2026-07-24T02:28:00.000Z,44.40594,-1.14894,21.75,N20,N
2026-07-24T02:28:00.000Z,44.40703,-1.11659,7.83,N20,N
2026-07-24T02:28:00.000Z,44.4071,-1.13573,19.61,N20,N
2026-07-24T02:28:00.000Z,44.40817,-1.10331,40.33,N20,N
2026-07-24T02:28:00.000Z,44.40825,-1.1225,7.83,N20,N
2026-07-24T02:28:00.000Z,44.40831,-1.14162,16.4,N20,N
2026-07-24T02:28:00.000Z,44.40939,-1.10924,40.33,N20,N
2026-07-24T02:28:00.000Z,44.40946,-1.1284,19.61,N20,N
2026-07-24T02:28:00.000Z,44.40952,-1.14751,16.4,N20,N
2026-07-24T02:28:00.000Z,44.41061,-1.11516,26.51,N20,N
2026-07-24T02:28:00.000Z,44.41067,-1.1343,19.61,N20,N
2026-07-24T02:28:00.000Z,44.41175,-1.10188,40.33,N20,N
2026-07-24T02:28:00.000Z,44.41183,-1.12107,26.51,N20,N
2026-07-24T02:28:00.000Z,44.41189,-1.14019,16.4,N20,N
2026-07-24T02:28:00.000Z,44.41297,-1.10781,40.33,N20,N
2026-07-24T02:28:00.000Z,44.41304,-1.12697,17.12,N20,N
2026-07-24T02:28:00.000Z,44.4131,-1.14608,16.4,N20,N
2026-07-24T02:28:00.000Z,44.41419,-1.11373,26.51,N20,N
2026-07-24T02:28:00.000Z,44.41425,-1.13287,17.12,N20,N
2026-07-24T02:28:00.000Z,44.41431,-1.15198,7.03,N20,N
2026-07-24T02:28:00.000Z,44.41533,-1.10045,29.24,N20,N
2026-07-24T02:28:00.000Z,44.41541,-1.11964,26.51,N20,N
2026-07-24T02:28:00.000Z,44.41546,-1.13876,18.36,N20,N
2026-07-24T02:28:00.000Z,44.41655,-1.10638,29.24,N20,N
2026-07-24T02:28:00.000Z,44.41662,-1.12554,17.12,N20,N
2026-07-24T02:28:00.000Z,44.41668,-1.14466,18.36,N20,N
2026-07-24T02:28:00.000Z,44.41777,-1.1123,12.19,N20,N
2026-07-24T02:28:00.000Z,44.41783,-1.13144,17.12,N20,N
2026-07-24T02:28:00.000Z,44.41898,-1.11821,12.19,N20,N
2026-07-24T02:28:00.000Z,44.41904,-1.13733,18.36,N20,N
2026-07-24T02:28:00.000Z,44.4202,-1.12411,15.98,N20,N
2026-07-24T02:28:00.000Z,44.42025,-1.14322,18.36,N20,N
2026-07-24T02:28:00.000Z,44.42135,-1.11087,12.19,N20,N
2026-07-24T02:28:00.000Z,44.42141,-1.13,15.98,N20,N
2026-07-24T02:28:00.000Z,44.42256,-1.11677,12.19,N20,N
2026-07-24T02:28:00.000Z,44.42262,-1.1359,20.15,N20,N
2026-07-24T02:28:00.000Z,44.42377,-1.12267,15.98,N20,N
2026-07-24T02:28:00.000Z,44.42383,-1.1418,20.15,N20,N
2026-07-24T02:28:00.000Z,44.42493,-1.10943,20.65,N20,N
2026-07-24T02:28:00.000Z,44.42498,-1.12857,15.98,N20,N
2026-07-24T02:28:00.000Z,44.42504,-1.1477,50.59,N20,N
2026-07-24T02:28:00.000Z,44.42614,-1.11533,20.65,N20,N
2026-07-24T02:28:00.000Z,44.42619,-1.13447,20.15,N20,N
2026-07-24T02:28:00.000Z,44.42735,-1.12123,22.31,N20,N
2026-07-24T02:28:00.000Z,44.42741,-1.14037,20.15,N20,N
2026-07-24T02:28:00.000Z,44.42856,-1.12714,22.31,N20,N
2026-07-24T02:28:00.000Z,44.42862,-1.14627,50.59,N20,N
2026-07-24T02:28:00.000Z,44.42972,-1.1139,20.65,N20,N
2026-07-24T02:28:00.000Z,44.42977,-1.13304,47.03,N20,N
2026-07-24T02:28:00.000Z,44.43093,-1.1198,22.31,N20,N
2026-07-24T02:28:00.000Z,44.43098,-1.13894,47.03,N20,N
2026-07-24T02:28:00.000Z,44.43214,-1.12571,22.31,N20,N
2026-07-24T02:28:00.000Z,44.43219,-1.14485,2.49,N20,N
2026-07-24T02:28:00.000Z,44.4333,-1.11247,4.81,N20,N
2026-07-24T02:28:00.000Z,44.43335,-1.13161,47.03,N20,N
2026-07-24T02:28:00.000Z,44.43451,-1.11838,9.57,N20,N
2026-07-24T02:28:00.000Z,44.43572,-1.12428,9.57,N20,N
2026-07-24T02:28:00.000Z,44.43692,-1.13018,7.09,N20,N
2026-07-24T02:28:00.000Z,44.43809,-1.11695,9.57,N20,N
2026-07-24T02:28:00.000Z,44.43929,-1.12285,9.57,N20,N
2026-07-24T02:28:00.000Z,44.44167,-1.11552,6.1,N20,N
2026-07-24T02:28:00.000Z,44.44287,-1.12141,6.1,N20,N
2026-07-24T02:28:00.000Z,44.78246,-1.22477,25.72,N20,N
2026-07-24T02:28:00.000Z,44.78359,-1.13579,10.35,N20,N
2026-07-24T02:28:00.000Z,44.78363,-1.23058,25.72,N20,N
2026-07-24T02:28:00.000Z,44.78365,-1.21175,3.02,N20,N
2026-07-24T02:28:00.000Z,44.78477,-1.14165,10.35,N20,N
2026-07-24T02:28:00.000Z,44.78481,-1.23636,6.02,N20,N
2026-07-24T02:28:00.000Z,44.78482,-1.21756,3.02,N20,N
2026-07-24T02:28:00.000Z,44.78595,-1.12851,65.8,N20,N
2026-07-24T02:28:00.000Z,44.78596,-1.1475,2.73,N20,N
2026-07-24T02:28:00.000Z,44.786,-1.22336,25.72,N20,N
2026-07-24T02:28:00.000Z,44.78601,-1.2045,6.52,N20,N
2026-07-24T02:28:00.000Z,44.78714,-1.13437,51.45,N20,N
2026-07-24T02:28:00.000Z,44.78717,-1.22917,25.72,N20,N
2026-07-24T02:28:00.000Z,44.78719,-1.21034,43.31,N20,N
2026-07-24T02:28:00.000Z,44.78833,-1.14022,51.45,N20,N
2026-07-24T02:28:00.000Z,44.78835,-1.23495,6.02,N20,N
2026-07-24T02:28:00.000Z,44.78837,-1.21615,43.31,N20,N
2026-07-24T02:28:00.000Z,44.78837,-1.19722,6.52,N20,N
2026-07-24T02:28:00.000Z,44.78951,-1.12708,65.8,N20,N
2026-07-24T02:28:00.000Z,44.78952,-1.24075,6.02,N20,N
2026-07-24T02:28:00.000Z,44.78955,-1.22195,285.64,N20,N
2026-07-24T02:28:00.000Z,44.78955,-1.20307,6.52,N20,N
2026-07-24T02:28:00.000Z,44.78955,-1.18411,19.29,N20,N
2026-07-24T02:28:00.000Z,44.7907,-1.13295,51.45,N20,N
2026-07-24T02:28:00.000Z,44.79072,-1.22775,285.64,N20,N
2026-07-24T02:28:00.000Z,44.79073,-1.20891,43.31,N20,N
2026-07-24T02:28:00.000Z,44.79073,-1.18995,19.29,N20,N
2026-07-24T02:28:00.000Z,44.79188,-1.11979,28.23,N20,N
2026-07-24T02:28:00.000Z,44.79189,-1.1388,51.45,N20,N
2026-07-24T02:28:00.000Z,44.79191,-1.19578,23.94,N20,N
2026-07-24T02:28:00.000Z,44.79192,-1.21474,43.31,N20,N
2026-07-24T02:28:00.000Z,44.79307,-1.12566,28.23,N20,N
2026-07-24T02:28:00.000Z,44.79309,-1.18269,19.29,N20,N
2026-07-24T02:28:00.000Z,44.7931,-1.20165,23.94,N20,N
2026-07-24T02:28:00.000Z,44.79425,-1.13152,10.25,N20,N
2026-07-24T02:28:00.000Z,44.79425,-1.11249,21.18,N20,N
2026-07-24T02:28:00.000Z,44.79427,-1.22634,285.64,N20,N
2026-07-24T02:28:00.000Z,44.79428,-1.2075,451.97,N20,N
2026-07-24T02:28:00.000Z,44.79428,-1.18853,19.29,N20,N
2026-07-24T02:28:00.000Z,44.79543,-1.11836,28.23,N20,N
2026-07-24T02:28:00.000Z,44.79544,-1.23213,138.83,N20,N
2026-07-24T02:28:00.000Z,44.79544,-1.13738,10.25,N20,N
2026-07-24T02:28:00.000Z,44.79546,-1.19435,23.94,N20,N
2026-07-24T02:28:00.000Z,44.79546,-1.17541,11.47,N20,N
2026-07-24T02:28:00.000Z,44.79662,-1.12423,28.23,N20,N
2026-07-24T02:28:00.000Z,44.79664,-1.20021,23.94,N20,N
2026-07-24T02:28:00.000Z,44.79665,-1.18127,23.12,N20,N
2026-07-24T02:28:00.000Z,44.7978,-1.11106,20.18,N20,N
2026-07-24T02:28:00.000Z,44.79781,-1.22493,127.44,N20,N
2026-07-24T02:28:00.000Z,44.79781,-1.14909,4.67,N20,N
2026-07-24T02:28:00.000Z,44.79781,-1.13009,10.25,N20,N
2026-07-24T02:28:00.000Z,44.79782,-1.16813,11.47,N20,N
2026-07-24T02:28:00.000Z,44.79783,-1.20608,451.97,N20,N
2026-07-24T02:28:00.000Z,44.79783,-1.18712,23.12,N20,N
2026-07-24T02:28:00.000Z,44.79898,-1.23072,1.92,N20,N
2026-07-24T02:28:00.000Z,44.79899,-1.11693,19.48,N20,N
2026-07-24T02:28:00.000Z,44.799,-1.15495,3.03,N20,N
2026-07-24T02:28:00.000Z,44.799,-1.13595,10.25,N20,N
2026-07-24T02:28:00.000Z,44.79901,-1.21192,451.97,N20,N
2026-07-24T02:28:00.000Z,44.79901,-1.19294,284.6,N20,N
2026-07-24T02:28:00.000Z,44.79901,-1.174,11.47,N20,N
2026-07-24T02:28:00.000Z,44.80015,-1.2365,1.92,N20,N
2026-07-24T02:28:00.000Z,44.80018,-1.21773,127.44,N20,N
2026-07-24T02:28:00.000Z,44.80018,-1.16082,3.03,N20,N
2026-07-24T02:28:00.000Z,44.80018,-1.14181,4.67,N20,N
2026-07-24T02:28:00.000Z,44.80018,-1.1228,19.48,N20,N
2026-07-24T02:28:00.000Z,44.80019,-1.1988,284.6,N20,N
2026-07-24T02:28:00.000Z,44.80019,-1.17986,23.12,N20,N
2026-07-24T02:28:00.000Z,44.80135,-1.22352,127.44,N20,N
2026-07-24T02:28:00.000Z,44.80136,-1.14767,4.67,N20,N
2026-07-24T02:28:00.000Z,44.80136,-1.12867,11.31,N20,N
2026-07-24T02:28:00.000Z,44.80136,-1.10963,20.18,N20,N
2026-07-24T02:28:00.000Z,44.80137,-1.16671,6.14,N20,N
2026-07-24T02:28:00.000Z,44.80138,-1.18571,23.12,N20,N
2026-07-24T02:28:00.000Z,44.80253,-1.22931,1.92,N20,N
2026-07-24T02:28:00.000Z,44.80255,-1.15353,3.03,N20,N
2026-07-24T02:28:00.000Z,44.80255,-1.13452,11.31,N20,N
2026-07-24T02:28:00.000Z,44.80255,-1.11551,19.48,N20,N
2026-07-24T02:28:00.000Z,44.80256,-1.2105,164.06,N20,N
2026-07-24T02:28:00.000Z,44.80256,-1.17259,6.14,N20,N
2026-07-24T02:28:00.000Z,44.80373,-1.21631,2.72,N20,N
2026-07-24T02:28:00.000Z,44.80373,-1.1594,3.03,N20,N
2026-07-24T02:28:00.000Z,44.80373,-1.12138,19.48,N20,N
2026-07-24T02:28:00.000Z,44.80374,-1.19739,284.6,N20,N
2026-07-24T02:28:00.000Z,44.80374,-1.14039,7.58,N20,N
2026-07-24T02:28:00.000Z,44.80375,-1.17844,151.71,N20,N
2026-07-24T02:28:00.000Z,44.8049,-1.22211,2.72,N20,N
2026-07-24T02:28:00.000Z,44.80492,-1.20324,164.06,N20,N
2026-07-24T02:28:00.000Z,44.80492,-1.16527,6.14,N20,N
2026-07-24T02:28:00.000Z,44.80492,-1.14625,7.58,N20,N
2026-07-24T02:28:00.000Z,44.80492,-1.12724,11.31,N20,N
2026-07-24T02:28:00.000Z,44.80492,-1.1082,50.62,N20,N
2026-07-24T02:28:00.000Z,44.80493,-1.1843,151.71,N20,N
2026-07-24T02:28:00.000Z,44.80569,-1.09377,23.65,N20,N
2026-07-24T02:28:00.000Z,44.8061,-1.20909,164.06,N20,N
2026-07-24T02:28:00.000Z,44.8061,-1.15211,2.78,N20,N
2026-07-24T02:28:00.000Z,44.8061,-1.1331,11.31,N20,N
2026-07-24T02:28:00.000Z,44.8061,-1.09501,13.7,N20,N
2026-07-24T02:28:00.000Z,44.80611,-1.19014,96.01,N20,N
2026-07-24T02:28:00.000Z,44.80611,-1.17116,6.14,N20,N
2026-07-24T02:28:00.000Z,44.80611,-1.11408,10.24,N20,N
2026-07-24T02:28:00.000Z,44.8069,-1.09964,23.65,N20,N
2026-07-24T02:28:00.000Z,44.80727,-1.21491,2.72,N20,N
2026-07-24T02:28:00.000Z,44.80729,-1.19598,96.01,N20,N
2026-07-24T02:28:00.000Z,44.80729,-1.17702,151.71,N20,N
2026-07-24T02:28:00.000Z,44.80729,-1.15797,2.78,N20,N
2026-07-24T02:28:00.000Z,44.80729,-1.13897,7.58,N20,N
2026-07-24T02:28:00.000Z,44.80729,-1.11995,10.24,N20,N
2026-07-24T02:28:00.000Z,44.80729,-1.1009,50.62,N20,N
2026-07-24T02:28:00.000Z,44.80811,-1.10551,6.16,N20,N
2026-07-24T02:28:00.000Z,44.80846,-1.20183,1.41,N20,N
2026-07-24T02:28:00.000Z,44.80847,-1.18288,151.71,N20,N
2026-07-24T02:28:00.000Z,44.80847,-1.16385,9.32,N20,N
2026-07-24T02:28:00.000Z,44.80847,-1.14483,7.58,N20,N
2026-07-24T02:28:00.000Z,44.80848,-1.12582,11.51,N20,N
2026-07-24T02:28:00.000Z,44.80848,-1.10678,50.62,N20,N
2026-07-24T02:28:00.000Z,44.80925,-1.09235,23.65,N20,N
2026-07-24T02:28:00.000Z,44.80933,-1.11137,6.16,N20,N
2026-07-24T02:28:00.000Z,44.80964,-1.20767,1.41,N20,N
2026-07-24T02:28:00.000Z,44.80965,-1.18872,96.01,N20,N
2026-07-24T02:28:00.000Z,44.80965,-1.15068,2.78,N20,N
2026-07-24T02:28:00.000Z,44.80966,-1.16974,9.32,N20,N
2026-07-24T02:28:00.000Z,44.80966,-1.13168,11.51,N20,N
2026-07-24T02:28:00.000Z,44.80966,-1.11266,10.24,N20,N
2026-07-24T02:28:00.000Z,44.80966,-1.09358,34.15,N20,N
2026-07-24T02:28:00.000Z,44.81046,-1.09822,23.65,N20,N
2026-07-24T02:28:00.000Z,44.81053,-1.11723,5.78,N20,N
2026-07-24T02:28:00.000Z,44.81084,-1.19457,96.01,N20,N
2026-07-24T02:28:00.000Z,44.81084,-1.1756,9.91,N20,N
2026-07-24T02:28:00.000Z,44.81084,-1.13754,4.88,N20,N
2026-07-24T02:28:00.000Z,44.81084,-1.11852,10.24,N20,N
2026-07-24T02:28:00.000Z,44.81084,-1.09947,2.23,N20,N
2026-07-24T02:28:00.000Z,44.81174,-1.12308,5.78,N20,N
2026-07-24T02:28:00.000Z,44.81202,-1.2004,1.41,N20,N
2026-07-24T02:28:00.000Z,44.81202,-1.18145,9.91,N20,N
2026-07-24T02:28:00.000Z,44.81202,-1.1434,4.88,N20,N
2026-07-24T02:28:00.000Z,44.81203,-1.12439,11.51,N20,N
2026-07-24T02:28:00.000Z,44.81281,-1.09093,14.56,N20,N
2026-07-24T02:28:00.000Z,44.81295,-1.12893,9.33,N20,N
2026-07-24T02:28:00.000Z,44.8132,-1.1873,0.87,N20,N
2026-07-24T02:28:00.000Z,44.8132,-1.14925,3.88,N20,N
2026-07-24T02:28:00.000Z,44.81321,-1.16831,9.32,N20,N
2026-07-24T02:28:00.000Z,44.81321,-1.13026,11.51,N20,N
2026-07-24T02:28:00.000Z,44.81322,-1.09216,34.15,N20,N
2026-07-24T02:28:00.000Z,44.81402,-1.0968,14.56,N20,N
2026-07-24T02:28:00.000Z,44.81409,-1.1158,5.78,N20,N
2026-07-24T02:28:00.000Z,44.81416,-1.13478,9.33,N20,N
2026-07-24T02:28:00.000Z,44.81438,-1.19315,0.87,N20,N
2026-07-24T02:28:00.000Z,44.81439,-1.17417,9.91,N20,N
2026-07-24T02:28:00.000Z,44.8144,-1.13612,4.88,N20,N
2026-07-24T02:28:00.000Z,44.8144,-1.1171,5.79,N20,N
2026-07-24T02:28:00.000Z,44.81441,-1.09805,2.23,N20,N
2026-07-24T02:28:00.000Z,44.8153,-1.12165,5.78,N20,N
2026-07-24T02:28:00.000Z,44.81536,-1.14062,2.29,N20,N
2026-07-24T02:28:00.000Z,44.81557,-1.18001,9.91,N20,N
2026-07-24T02:28:00.000Z,44.81557,-1.16099,3.8,N20,N
2026-07-24T02:28:00.000Z,44.81557,-1.14197,4.88,N20,N
2026-07-24T02:28:00.000Z,44.81558,-1.12296,5.17,N20,N
2026-07-24T02:28:00.000Z,44.81637,-1.08951,14.56,N20,N
2026-07-24T02:28:00.000Z,44.81651,-1.12751,9.33,N20,N
2026-07-24T02:28:00.000Z,44.81675,-1.18587,0.87,N20,N
2026-07-24T02:28:00.000Z,44.81677,-1.12883,5.17,N20,N
2026-07-24T02:28:00.000Z,44.81758,-1.09538,14.56,N20,N
2026-07-24T02:28:00.000Z,44.81771,-1.13336,9.33,N20,N
2026-07-24T02:28:00.000Z,44.81793,-1.17272,0.63,N20,N
2026-07-24T02:28:00.000Z,44.81794,-1.15369,3.88,N20,N
2026-07-24T02:28:00.000Z,44.81795,-1.1347,4.34,N20,N
2026-07-24T02:28:00.000Z,44.81872,-1.0822,15.51,N20,N
2026-07-24T02:28:00.000Z,44.81885,-1.12023,2.33,N20,N
2026-07-24T02:28:00.000Z,44.81891,-1.1392,2.29,N20,N
2026-07-24T02:28:00.000Z,44.81897,-1.15816,4.22,N20,N
2026-07-24T02:28:00.000Z,44.81911,-1.17856,0.63,N20,N
2026-07-24T02:28:00.000Z,44.81912,-1.15956,3.8,N20,N
2026-07-24T02:28:00.000Z,44.81914,-1.12153,5.17,N20,N
2026-07-24T02:28:00.000Z,44.81993,-1.08808,5.42,N20,N
2026-07-24T02:28:00.000Z,44.82006,-1.12609,2.71,N20,N
2026-07-24T02:28:00.000Z,44.82018,-1.16401,3.52,N20,N
2026-07-24T02:28:00.000Z,44.8203,-1.16542,3.8,N20,N
2026-07-24T02:28:00.000Z,44.82032,-1.12741,5.17,N20,N
2026-07-24T02:28:00.000Z,44.82107,-1.07489,15.51,N20,N
2026-07-24T02:28:00.000Z,44.82114,-1.09395,5.42,N20,N
2026-07-24T02:28:00.000Z,44.82127,-1.13194,2.71,N20,N
2026-07-24T02:28:00.000Z,44.82149,-1.15227,2.43,N20,N
2026-07-24T02:28:00.000Z,44.8215,-1.13327,4.34,N20,N
2026-07-24T02:28:00.000Z,44.82228,-1.08077,15.51,N20,N
2026-07-24T02:28:00.000Z,44.82241,-1.11881,2.33,N20,N
2026-07-24T02:28:00.000Z,44.82252,-1.15674,4.22,N20,N
2026-07-24T02:28:00.000Z,44.82267,-1.15814,3.24,N20,N
2026-07-24T02:28:00.000Z,44.82349,-1.08666,5.42,N20,N
2026-07-24T02:28:00.000Z,44.82372,-1.16259,3.52,N20,N
2026-07-24T02:28:00.000Z,44.82463,-1.07346,27.75,N20,N
2026-07-24T02:28:00.000Z,44.8247,-1.09252,5.42,N20,N
2026-07-24T02:28:00.000Z,44.82476,-1.11154,5.27,N20,N
2026-07-24T02:28:00.000Z,44.82504,-1.15085,2.43,N20,N
2026-07-24T02:28:00.000Z,44.82584,-1.07934,27.75,N20,N
2026-07-24T02:28:00.000Z,44.82607,-1.15532,4.5,N20,N
2026-07-24T02:28:00.000Z,44.82622,-1.15672,3.24,N20,N
2026-07-24T02:28:00.000Z,44.82705,-1.08522,2.27,N20,N
2026-07-24T02:28:00.000Z,44.82722,-1.14221,5.54,N20,N
2026-07-24T02:28:00.000Z,44.82819,-1.07203,27.75,N20,N
2026-07-24T02:28:00.000Z,44.82842,-1.14806,4.5,N20,N
2026-07-24T02:28:00.000Z,44.8294,-1.0779,27.75,N20,N
2026-07-24T02:28:00.000Z,44.82962,-1.15391,4.5,N20,N
2026-07-24T02:28:00.000Z,44.8306,-1.08378,2.27,N20,N
2026-07-24T02:28:00.000Z,44.83175,-1.0706,17.78,N20,N
2026-07-24T02:28:00.000Z,44.83181,-1.08966,2.27,N20,N
2026-07-24T02:28:00.000Z,44.83295,-1.07647,17.78,N20,N
2026-07-24T02:28:00.000Z,44.83416,-1.08235,2.38,N20,N
2026-07-24T02:28:00.000Z,44.83531,-1.06917,17.78,N20,N
2026-07-24T02:28:00.000Z,44.83537,-1.08823,2.38,N20,N
2026-07-24T02:28:00.000Z,44.83651,-1.07504,17.78,N20,N
2026-07-24T02:28:00.000Z,44.83667,-1.13208,3.01,N20,N
2026-07-24T02:28:00.000Z,44.83772,-1.08092,2.38,N20,N
2026-07-24T02:28:00.000Z,44.83887,-1.06773,31.17,N20,N
2026-07-24T02:28:00.000Z,44.83893,-1.0868,2.38,N20,N
2026-07-24T02:28:00.000Z,44.84007,-1.07361,31.17,N20,N
2026-07-24T02:28:00.000Z,44.84013,-1.09267,5.26,N20,N
2026-07-24T02:28:00.000Z,44.84122,-1.06042,24.2,N20,N
2026-07-24T02:28:00.000Z,44.84128,-1.07948,5.58,N20,N
2026-07-24T02:28:00.000Z,44.84243,-1.0663,31.17,N20,N
2026-07-24T02:28:00.000Z,44.84363,-1.07218,31.17,N20,N
2026-07-24T02:28:00.000Z,44.84374,-1.11026,3.68,N20,N
2026-07-24T02:28:00.000Z,44.84478,-1.05898,33.06,N20,N
2026-07-24T02:28:00.000Z,44.84599,-1.06486,6.72,N20,N
2026-07-24T02:28:00.000Z,44.84714,-1.05167,33.06,N20,N
2026-07-24T02:28:00.000Z,44.84834,-1.05755,33.06,N20,N
2026-07-24T02:28:00.000Z,44.84954,-1.06343,6.72,N20,N
2026-07-24T02:28:00.000Z,44.8507,-1.05023,19.05,N20,N
2026-07-24T02:28:00.000Z,44.85075,-1.06931,6.72,N20,N
2026-07-24T02:28:00.000Z,44.8519,-1.05612,19.05,N20,N
2026-07-24T02:28:00.000Z,44.85426,-1.0488,19.05,N20,N
2026-07-24T02:28:00.000Z,44.85546,-1.05468,19.05,N20,N
2026-07-24T02:28:00.000Z,44.85556,-1.09282,5.78,N20,N
2026-07-24T02:28:00.000Z,44.85564,-1.13083,10.63,N20,N
2026-07-24T02:28:00.000Z,44.85567,-1.14979,18.8,N20,N
2026-07-24T02:28:00.000Z,44.85662,-1.04146,2.94,N20,N
2026-07-24T02:28:00.000Z,44.85666,-1.06057,4.09,N20,N
2026-07-24T02:28:00.000Z,44.85675,-1.09868,4.57,N20,N
2026-07-24T02:28:00.000Z,44.85683,-1.13668,29.17,N20,N
2026-07-24T02:28:00.000Z,44.85686,-1.15565,18.8,N20,N
2026-07-24T02:28:00.000Z,44.85782,-1.04735,4.45,N20,N
2026-07-24T02:28:00.000Z,44.85802,-1.14253,29.17,N20,N
2026-07-24T02:28:00.000Z,44.85806,-1.16153,1.2,N20,N
2026-07-24T02:28:00.000Z,44.85902,-1.05325,4.45,N20,N
2026-07-24T02:28:00.000Z,44.85911,-1.09139,3.52,N20,N
2026-07-24T02:28:00.000Z,44.85919,-1.12941,131.99,N20,N
2026-07-24T02:28:00.000Z,44.85921,-1.14837,18.8,N20,N
2026-07-24T02:28:00.000Z,44.86017,-1.04002,2.94,N20,N
2026-07-24T02:28:00.000Z,44.86027,-1.07821,5.4,N20,N
2026-07-24T02:28:00.000Z,44.86031,-1.09726,6.22,N20,N
2026-07-24T02:28:00.000Z,44.86034,-1.11627,16.24,N20,N
2026-07-24T02:28:00.000Z,44.86038,-1.13525,70.09,N20,N
2026-07-24T02:28:00.000Z,44.8604,-1.15422,18.8,N20,N
2026-07-24T02:28:00.000Z,44.86138,-1.04591,4.45,N20,N
2026-07-24T02:28:00.000Z,44.86147,-1.08409,3.52,N20,N
2026-07-24T02:28:00.000Z,44.86154,-1.12212,131.99,N20,N
2026-07-24T02:28:00.000Z,44.86157,-1.1411,70.09,N20,N
2026-07-24T02:28:00.000Z,44.86267,-1.08996,3.52,N20,N
2026-07-24T02:28:00.000Z,44.86274,-1.12798,131.99,N20,N
2026-07-24T02:28:00.000Z,44.86276,-1.14694,38.69,N20,N
2026-07-24T02:28:00.000Z,44.86374,-1.03858,6.18,N20,N
2026-07-24T02:28:00.000Z,44.86383,-1.07678,3.29,N20,N
2026-07-24T02:28:00.000Z,44.8639,-1.11484,59.12,N20,N
2026-07-24T02:28:00.000Z,44.86393,-1.13382,70.09,N20,N
2026-07-24T02:28:00.000Z,44.86489,-1.02534,3.52,N20,N
2026-07-24T02:28:00.000Z,44.86494,-1.04448,3.81,N20,N
2026-07-24T02:28:00.000Z,44.86502,-1.08265,2.75,N20,N
2026-07-24T02:28:00.000Z,44.86509,-1.12069,116.48,N20,N
2026-07-24T02:28:00.000Z,44.86512,-1.13967,70.09,N20,N
2026-07-24T02:28:00.000Z,44.8661,-1.03124,6.18,N20,N
2026-07-24T02:28:00.000Z,44.86626,-1.10755,59.12,N20,N
2026-07-24T02:28:00.000Z,44.86628,-1.12654,116.48,N20,N
2026-07-24T02:28:00.000Z,44.86631,-1.14553,38.69,N20,N
2026-07-24T02:28:00.000Z,44.8673,-1.03714,6.18,N20,N
2026-07-24T02:28:00.000Z,44.86738,-1.07534,3.29,N20,N
2026-07-24T02:28:00.000Z,44.86745,-1.11341,59.12,N20,N
2026-07-24T02:28:00.000Z,44.86748,-1.13239,83.14,N20,N
2026-07-24T02:28:00.000Z,44.86845,-1.02389,1.6,N20,N
2026-07-24T02:28:00.000Z,44.8685,-1.04304,3.81,N20,N
2026-07-24T02:28:00.000Z,44.86858,-1.08121,2.75,N20,N
2026-07-24T02:28:00.000Z,44.86861,-1.10026,94.09,N20,N
2026-07-24T02:28:00.000Z,44.86864,-1.11926,116.48,N20,N
2026-07-24T02:28:00.000Z,44.86867,-1.13824,83.14,N20,N
2026-07-24T02:28:00.000Z,44.86966,-1.02979,2.23,N20,N
2026-07-24T02:28:00.000Z,44.86981,-1.10613,107.96,N20,N
2026-07-24T02:28:00.000Z,44.86983,-1.12511,116.48,N20,N
2026-07-24T02:28:00.000Z,44.87086,-1.0357,2.23,N20,N
2026-07-24T02:28:00.000Z,44.87094,-1.07391,3.2,N20,N
2026-07-24T02:28:00.000Z,44.871,-1.11198,107.96,N20,N
2026-07-24T02:28:00.000Z,44.87103,-1.13096,83.14,N20,N
2026-07-24T02:28:00.000Z,44.87214,-1.07978,5.82,N20,N
2026-07-24T02:28:00.000Z,44.87217,-1.09883,94.09,N20,N
2026-07-24T02:28:00.000Z,44.87219,-1.11783,54.24,N20,N
2026-07-24T02:28:00.000Z,44.87221,-1.1368,83.14,N20,N
2026-07-24T02:28:00.000Z,44.87321,-1.02835,2.23,N20,N
2026-07-24T02:28:00.000Z,44.87336,-1.1047,107.96,N20,N
2026-07-24T02:28:00.000Z,44.87339,-1.12368,54.24,N20,N
2026-07-24T02:28:00.000Z,44.87442,-1.03425,2.23,N20,N
2026-07-24T02:28:00.000Z,44.8745,-1.07247,3.2,N20,N
2026-07-24T02:28:00.000Z,44.87455,-1.11055,107.96,N20,N
2026-07-24T02:28:00.000Z,44.87458,-1.12953,0.94,N20,N
2026-07-24T02:28:00.000Z,44.87569,-1.07834,5.82,N20,N
2026-07-24T02:28:00.000Z,44.87572,-1.0974,55.33,N20,N
2026-07-24T02:28:00.000Z,44.87574,-1.1164,54.24,N20,N
2026-07-24T02:28:00.000Z,44.87576,-1.13537,0.94,N20,N
2026-07-24T02:28:00.000Z,44.87678,-1.0269,1.93,N20,N
2026-07-24T02:28:00.000Z,44.87688,-1.08421,5.82,N20,N
2026-07-24T02:28:00.000Z,44.87691,-1.10326,127.35,N20,N
2026-07-24T02:28:00.000Z,44.87693,-1.12225,54.24,N20,N
2026-07-24T02:28:00.000Z,44.87798,-1.0328,1.93,N20,N
2026-07-24T02:28:00.000Z,44.87805,-1.07103,8.76,N20,N
2026-07-24T02:28:00.000Z,44.87808,-1.09008,55.33,N20,N
2026-07-24T02:28:00.000Z,44.87811,-1.10912,127.35,N20,N
2026-07-24T02:28:00.000Z,44.87812,-1.1281,0.94,N20,N
2026-07-24T02:28:00.000Z,44.87925,-1.07691,38.68,N20,N
2026-07-24T02:28:00.000Z,44.87927,-1.09597,55.33,N20,N
2026-07-24T02:28:00.000Z,44.8793,-1.11498,5.18,N20,N
2026-07-24T02:28:00.000Z,44.88034,-1.02546,1.93,N20,N
2026-07-24T02:28:00.000Z,44.88044,-1.08278,38.68,N20,N
2026-07-24T02:28:00.000Z,44.88047,-1.10183,127.35,N20,N
2026-07-24T02:28:00.000Z,44.88049,-1.12083,5.18,N20,N
2026-07-24T02:28:00.000Z,44.88161,-1.0696,8.76,N20,N
2026-07-24T02:28:00.000Z,44.88163,-1.08865,132.74,N20,N
2026-07-24T02:28:00.000Z,44.88166,-1.10769,127.35,N20,N
2026-07-24T02:28:00.000Z,44.8828,-1.07549,38.68,N20,N
2026-07-24T02:28:00.000Z,44.88283,-1.09453,132.74,N20,N
2026-07-24T02:28:00.000Z,44.88285,-1.11354,5.18,N20,N
2026-07-24T02:28:00.000Z,44.8839,-1.02402,2.18,N20,N
2026-07-24T02:28:00.000Z,44.88397,-1.06228,15.66,N20,N
2026-07-24T02:28:00.000Z,44.884,-1.08136,38.68,N20,N
2026-07-24T02:28:00.000Z,44.88402,-1.1004,100.73,N20,N
2026-07-24T02:28:00.000Z,44.88517,-1.06817,15.66,N20,N
2026-07-24T02:28:00.000Z,44.88519,-1.08722,132.74,N20,N
2026-07-24T02:28:00.000Z,44.88521,-1.10626,100.73,N20,N
2026-07-24T02:28:00.000Z,44.88626,-1.01667,2.89,N20,N
2026-07-24T02:28:00.000Z,44.88636,-1.07406,74.08,N20,N
2026-07-24T02:28:00.000Z,44.88638,-1.0931,132.74,N20,N
2026-07-24T02:28:00.000Z,44.8864,-1.11211,8.13,N20,N
2026-07-24T02:28:00.000Z,44.88746,-1.02258,2.18,N20,N
2026-07-24T02:28:00.000Z,44.88752,-1.06084,15.66,N20,N
2026-07-24T02:28:00.000Z,44.88755,-1.07994,74.08,N20,N
2026-07-24T02:28:00.000Z,44.88757,-1.09896,100.73,N20,N
2026-07-24T02:28:00.000Z,44.88863,-1.00932,9.85,N20,N
2026-07-24T02:28:00.000Z,44.88872,-1.06674,15.66,N20,N
2026-07-24T02:28:00.000Z,44.88874,-1.08579,111.59,N20,N
2026-07-24T02:28:00.000Z,44.88876,-1.10482,100.73,N20,N
2026-07-24T02:28:00.000Z,44.88983,-1.01523,9.85,N20,N
2026-07-24T02:28:00.000Z,44.88988,-1.05351,4.53,N20,N
2026-07-24T02:28:00.000Z,44.88992,-1.07263,74.08,N20,N
2026-07-24T02:28:00.000Z,44.88993,-1.09165,111.59,N20,N
2026-07-24T02:28:00.000Z,44.89103,-1.02115,1.97,N20,N
2026-07-24T02:28:00.000Z,44.89108,-1.0594,13.28,N20,N
2026-07-24T02:28:00.000Z,44.89111,-1.0785,74.08,N20,N
2026-07-24T02:28:00.000Z,44.89112,-1.09753,4.67,N20,N
2026-07-24T02:28:00.000Z,44.89219,-1.00788,9.85,N20,N
2026-07-24T02:28:00.000Z,44.89228,-1.06529,13.28,N20,N
2026-07-24T02:28:00.000Z,44.8923,-1.08435,111.59,N20,N
2026-07-24T02:28:00.000Z,44.89339,-1.01379,9.85,N20,N
2026-07-24T02:28:00.000Z,44.89347,-1.0712,78.17,N20,N
2026-07-24T02:28:00.000Z,44.89349,-1.09022,111.59,N20,N
2026-07-24T02:28:00.000Z,44.89459,-1.01971,1.97,N20,N
2026-07-24T02:28:00.000Z,44.89464,-1.05797,13.28,N20,N
2026-07-24T02:28:00.000Z,44.89466,-1.07706,78.17,N20,N
2026-07-24T02:28:00.000Z,44.89467,-1.09609,4.67,N20,N
2026-07-24T02:28:00.000Z,44.89575,-1.00644,17.42,N20,N
2026-07-24T02:28:00.000Z,44.89583,-1.06385,13.28,N20,N
2026-07-24T02:28:00.000Z,44.89585,-1.08292,5.72,N20,N
2026-07-24T02:28:00.000Z,44.89695,-1.01235,17.42,N20,N
2026-07-24T02:28:00.000Z,44.89703,-1.06976,78.17,N20,N
2026-07-24T02:28:00.000Z,44.89704,-1.08878,5.72,N20,N
2026-07-24T02:28:00.000Z,44.89815,-1.01827,3.82,N20,N
2026-07-24T02:28:00.000Z,44.89819,-1.05652,20.03,N20,N
2026-07-24T02:28:00.000Z,44.89822,-1.07563,78.17,N20,N
2026-07-24T02:28:00.000Z,44.89932,-1.00499,17.42,N20,N
2026-07-24T02:28:00.000Z,44.89939,-1.06242,20.03,N20,N
2026-07-24T02:28:00.000Z,44.8994,-1.08149,5.72,N20,N
2026-07-24T02:28:00.000Z,44.89986,-1.01035,10.47,N20,N
2026-07-24T02:28:00.000Z,44.90051,-1.01091,17.42,N20,N
2026-07-24T02:28:00.000Z,44.90056,-1.04918,4.31,N20,N
2026-07-24T02:28:00.000Z,44.90059,-1.06832,3.51,N20,N
2026-07-24T02:28:00.000Z,44.90108,-1.01624,10.47,N20,N
2026-07-24T02:28:00.000Z,44.90171,-1.01682,3.82,N20,N
2026-07-24T02:28:00.000Z,44.90175,-1.05508,20.03,N20,N
2026-07-24T02:28:00.000Z,44.90177,-1.07419,3.51,N20,N
2026-07-24T02:28:00.000Z,44.90292,-1.04185,10.48,N20,N
2026-07-24T02:28:00.000Z,44.90294,-1.06098,20.03,N20,N
2026-07-24T02:28:00.000Z,44.90296,-1.08006,0.45,N20,N
2026-07-24T02:28:00.000Z,44.90411,-1.04774,10.48,N20,N
2026-07-24T02:28:00.000Z,44.90414,-1.06686,3.51,N20,N
2026-07-24T02:28:00.000Z,44.9053,-1.05363,12.07,N20,N
2026-07-24T02:28:00.000Z,44.90716,-1.04566,11.85,N20,N
2026-07-24T02:28:00.000Z,44.90767,-1.0463,10.48,N20,N
2026-07-24T02:28:00.000Z,44.90838,-1.05153,11.85,N20,N
2026-07-24T02:28:00.000Z,44.90886,-1.05218,12.07,N20,N
2026-07-24T03:13:00.000Z,44.36251,-1.15358,8.03,N21,N
2026-07-24T03:13:00.000Z,44.36306,-1.16205,5.6,N21,N
2026-07-24T03:13:00.000Z,44.36479,-1.16039,9.37,N21,N
2026-07-24T03:13:00.000Z,44.36613,-1.14296,15.32,N21,N
2026-07-24T03:13:00.000Z,44.36672,-1.15144,26.28,N21,N
2026-07-24T03:13:00.000Z,44.36706,-1.16719,9.37,N21,N
2026-07-24T03:13:00.000Z,44.36842,-1.14981,15.32,N21,N
2026-07-24T03:13:00.000Z,44.36897,-1.15829,26.28,N21,N
2026-07-24T03:13:00.000Z,44.37035,-1.14073,23.93,N21,N
2026-07-24T03:13:00.000Z,44.37069,-1.15664,27.45,N21,N
2026-07-24T03:13:00.000Z,44.37119,-1.16508,19.11,N21,N
2026-07-24T03:13:00.000Z,44.37202,-1.13913,15.32,N21,N
2026-07-24T03:13:00.000Z,44.37261,-1.1476,26.28,N21,N
2026-07-24T03:13:00.000Z,44.37296,-1.16343,27.45,N21,N
2026-07-24T03:13:00.000Z,44.37338,-1.12172,13.8,N21,N
2026-07-24T03:13:00.000Z,44.37341,-1.17185,19.11,N21,N
2026-07-24T03:13:00.000Z,44.374,-1.13005,12.67,N21,N
2026-07-24T03:13:00.000Z,44.37431,-1.146,15.32,N21,N
2026-07-24T03:13:00.000Z,44.37485,-1.15445,26.28,N21,N
2026-07-24T03:13:00.000Z,44.37522,-1.17018,22.41,N21,N
2026-07-24T03:13:00.000Z,44.37565,-1.12854,13.8,N21,N
2026-07-24T03:13:00.000Z,44.37624,-1.13687,12.67,N21,N
2026-07-24T03:13:00.000Z,44.37659,-1.15284,27.45,N21,N
2026-07-24T03:13:00.000Z,44.37708,-1.16125,19.11,N21,N
2026-07-24T03:13:00.000Z,44.37747,-1.17692,22.41,N21,N
2026-07-24T03:13:00.000Z,44.37766,-1.11937,20.68,N21,N
2026-07-24T03:13:00.000Z,44.37792,-1.13532,15.22,N21,N
2026-07-24T03:13:00.000Z,44.37848,-1.14373,22.52,N21,N
2026-07-24T03:13:00.000Z,44.37885,-1.1596,27.45,N21,N
2026-07-24T03:13:00.000Z,44.37928,-1.1179,13.8,N21,N
2026-07-24T03:13:00.000Z,44.3793,-1.16804,19.11,N21,N
2026-07-24T03:13:00.000Z,44.3799,-1.12623,12.67,N21,N
2026-07-24T03:13:00.000Z,44.38019,-1.14216,15.22,N21,N
2026-07-24T03:13:00.000Z,44.38073,-1.15059,22.52,N21,N
2026-07-24T03:13:00.000Z,44.38155,-1.12473,13.8,N21,N
2026-07-24T03:13:00.000Z,44.38213,-1.13304,12.67,N21,N
2026-07-24T03:13:00.000Z,44.38247,-1.14898,21.09,N21,N
2026-07-24T03:13:00.000Z,44.38289,-1.10723,8.4,N21,N
2026-07-24T03:13:00.000Z,44.38295,-1.15739,22.01,N21,N
2026-07-24T03:13:00.000Z,44.38381,-1.13152,15.22,N21,N
2026-07-24T03:13:00.000Z,44.38436,-1.13987,22.52,N21,N
2026-07-24T03:13:00.000Z,44.38473,-1.15576,21.09,N21,N
2026-07-24T03:13:00.000Z,44.38515,-1.11402,13.28,N21,N
2026-07-24T03:13:00.000Z,44.38608,-1.13834,15.22,N21,N
2026-07-24T03:13:00.000Z,44.3866,-1.14671,22.52,N21,N
2026-07-24T03:13:00.000Z,44.38743,-1.12086,13.28,N21,N
2026-07-24T03:13:00.000Z,44.38835,-1.14515,21.09,N21,N
2026-07-24T03:13:00.000Z,44.38882,-1.15349,22.01,N21,N
2026-07-24T03:13:00.000Z,44.3897,-1.12768,15.69,N21,N
2026-07-24T03:13:00.000Z,44.3906,-1.15191,21.09,N21,N
2026-07-24T03:13:00.000Z,44.39104,-1.11017,13.28,N21,N
2026-07-24T03:13:00.000Z,44.39197,-1.13451,15.69,N21,N
2026-07-24T03:13:00.000Z,44.39332,-1.117,13.28,N21,N
2026-07-24T03:13:00.000Z,44.39423,-1.14131,16.37,N21,N
2026-07-24T03:13:00.000Z,44.39559,-1.12384,15.69,N21,N
2026-07-24T03:13:00.000Z,44.39648,-1.14808,16.37,N21,N
2026-07-24T03:13:00.000Z,44.39693,-1.10632,6.78,N21,N
2026-07-24T03:13:00.000Z,44.39785,-1.13066,15.69,N21,N
2026-07-24T03:13:00.000Z,44.39919,-1.11314,6.78,N21,N
2026-07-24T03:13:00.000Z,44.40011,-1.13746,16.37,N21,N
2026-07-24T03:13:00.000Z,44.40147,-1.11998,8.86,N21,N
2026-07-24T03:13:00.000Z,44.40235,-1.14422,16.37,N21,N
2026-07-24T03:13:00.000Z,44.40372,-1.12678,8.86,N21,N
2026-07-24T03:13:00.000Z,44.40459,-1.15095,17.8,N21,N
2026-07-24T03:13:00.000Z,44.40506,-1.10924,6.78,N21,N
2026-07-24T03:13:00.000Z,44.40597,-1.13356,16.17,N21,N
2026-07-24T03:13:00.000Z,44.40733,-1.11608,8.86,N21,N
2026-07-24T03:13:00.000Z,44.40822,-1.14032,16.17,N21,N
2026-07-24T03:13:00.000Z,44.40864,-1.09842,20.99,N21,N
2026-07-24T03:13:00.000Z,44.40959,-1.12287,8.86,N21,N
2026-07-24T03:13:00.000Z,44.41045,-1.14707,14.7,N21,N
2026-07-24T03:13:00.000Z,44.41093,-1.10531,20.99,N21,N
2026-07-24T03:13:00.000Z,44.41183,-1.12966,16.17,N21,N
2026-07-24T03:13:00.000Z,44.4127,-1.15385,14.7,N21,N
2026-07-24T03:13:00.000Z,44.4132,-1.11218,20.22,N21,N
2026-07-24T03:13:00.000Z,44.41407,-1.13641,16.17,N21,N
2026-07-24T03:13:00.000Z,44.41545,-1.11898,20.22,N21,N
2026-07-24T03:13:00.000Z,44.41631,-1.14316,14.7,N21,N
2026-07-24T03:13:00.000Z,44.41679,-1.10141,20.99,N21,N
2026-07-24T03:13:00.000Z,44.41769,-1.12574,12.43,N21,N
2026-07-24T03:13:00.000Z,44.41855,-1.14993,14.7,N21,N
2026-07-24T03:13:00.000Z,44.41906,-1.10827,20.22,N21,N
2026-07-24T03:13:00.000Z,44.41992,-1.13249,12.43,N21,N
2026-07-24T03:13:00.000Z,44.42131,-1.11508,20.22,N21,N
2026-07-24T03:13:00.000Z,44.42216,-1.13924,84.24,N21,N
2026-07-24T03:13:00.000Z,44.42354,-1.1218,12.43,N21,N
2026-07-24T03:13:00.000Z,44.42441,-1.14603,84.24,N21,N
2026-07-24T03:13:00.000Z,44.42578,-1.12856,12.43,N21,N
2026-07-24T03:13:00.000Z,44.42665,-1.15282,74.0,N21,N
2026-07-24T03:13:00.000Z,44.42716,-1.1111,10.73,N21,N
2026-07-24T03:13:00.000Z,44.42802,-1.13535,84.24,N21,N
2026-07-24T03:13:00.000Z,44.42939,-1.11786,8.24,N21,N
2026-07-24T03:13:00.000Z,44.43027,-1.14215,84.24,N21,N
2026-07-24T03:13:00.000Z,44.43163,-1.12465,8.24,N21,N
2026-07-24T03:13:00.000Z,44.43251,-1.14893,74.0,N21,N
2026-07-24T03:13:00.000Z,44.43388,-1.13144,7.64,N21,N
2026-07-24T03:13:00.000Z,44.43527,-1.11401,8.24,N21,N
2026-07-24T03:13:00.000Z,44.43749,-1.12075,8.24,N21,N
2026-07-24T03:13:00.000Z,44.43973,-1.12753,7.64,N21,N
2026-07-24T03:13:00.000Z,44.44336,-1.11685,1.69,N21,N
2026-07-24T03:13:00.000Z,44.78132,-1.14363,3.07,N21,N
2026-07-24T03:13:00.000Z,44.78276,-1.1265,37.33,N21,N
2026-07-24T03:13:00.000Z,44.78375,-1.21537,12.32,N21,N
2026-07-24T03:13:00.000Z,44.78495,-1.13316,37.33,N21,N
2026-07-24T03:13:00.000Z,44.7859,-1.22189,39.21,N21,N
2026-07-24T03:13:00.000Z,44.78713,-1.13979,52.83,N21,N
2026-07-24T03:13:00.000Z,44.78736,-1.2049,12.32,N21,N
2026-07-24T03:13:00.000Z,44.78804,-1.2284,39.21,N21,N
2026-07-24T03:13:00.000Z,44.78856,-1.12262,37.33,N21,N
2026-07-24T03:13:00.000Z,44.78876,-1.18771,9.04,N21,N
2026-07-24T03:13:00.000Z,44.78956,-1.2116,12.32,N21,N
2026-07-24T03:13:00.000Z,44.79017,-1.23488,26.62,N21,N
2026-07-24T03:13:00.000Z,44.79076,-1.1293,37.33,N21,N
2026-07-24T03:13:00.000Z,44.79092,-1.19429,9.04,N21,N
2026-07-24T03:13:00.000Z,44.7917,-1.2181,39.21,N21,N
2026-07-24T03:13:00.000Z,44.79218,-1.11209,10.35,N21,N
2026-07-24T03:13:00.000Z,44.79233,-1.17711,7.92,N21,N
2026-07-24T03:13:00.000Z,44.79294,-1.13594,52.83,N21,N
2026-07-24T03:13:00.000Z,44.79312,-1.20097,31.9,N21,N
2026-07-24T03:13:00.000Z,44.79384,-1.22461,39.21,N21,N
2026-07-24T03:13:00.000Z,44.79438,-1.11878,16.9,N21,N
2026-07-24T03:13:00.000Z,44.79454,-1.18381,9.04,N21,N
2026-07-24T03:13:00.000Z,44.79534,-1.20772,31.9,N21,N
2026-07-24T03:13:00.000Z,44.79545,-1.11185,14.02,N21,N
2026-07-24T03:13:00.000Z,44.79592,-1.16652,4.15,N21,N
2026-07-24T03:13:00.000Z,44.79597,-1.23108,26.62,N21,N
2026-07-24T03:13:00.000Z,44.79656,-1.12544,16.9,N21,N
2026-07-24T03:13:00.000Z,44.79671,-1.19042,9.04,N21,N
2026-07-24T03:13:00.000Z,44.79751,-1.21433,57.7,N21,N
2026-07-24T03:13:00.000Z,44.79768,-1.11852,14.02,N21,N
2026-07-24T03:13:00.000Z,44.79799,-1.10822,10.35,N21,N
2026-07-24T03:13:00.000Z,44.79814,-1.1733,4.15,N21,N
2026-07-24T03:13:00.000Z,44.79874,-1.13207,6.68,N21,N
2026-07-24T03:13:00.000Z,44.7989,-1.19707,31.9,N21,N
2026-07-24T03:13:00.000Z,44.79965,-1.22082,57.7,N21,N
2026-07-24T03:13:00.000Z,44.79989,-1.12515,10.21,N21,N
2026-07-24T03:13:00.000Z,44.80018,-1.1149,16.9,N21,N
2026-07-24T03:13:00.000Z,44.80034,-1.17999,26.6,N21,N
2026-07-24T03:13:00.000Z,44.80092,-1.13871,6.68,N21,N
2026-07-24T03:13:00.000Z,44.80113,-1.20388,31.9,N21,N
2026-07-24T03:13:00.000Z,44.80127,-1.10802,14.02,N21,N
2026-07-24T03:13:00.000Z,44.80159,-1.09763,25.22,N21,N
2026-07-24T03:13:00.000Z,44.8021,-1.13176,10.21,N21,N
2026-07-24T03:13:00.000Z,44.80237,-1.12157,16.9,N21,N
2026-07-24T03:13:00.000Z,44.80253,-1.18668,26.6,N21,N
2026-07-24T03:13:00.000Z,44.8031,-1.14537,5.68,N21,N
2026-07-24T03:13:00.000Z,44.80331,-1.21051,57.7,N21,N
2026-07-24T03:13:00.000Z,44.80349,-1.11467,14.02,N21,N
2026-07-24T03:13:00.000Z,44.80379,-1.10435,25.22,N21,N
2026-07-24T03:13:00.000Z,44.80393,-1.16942,4.15,N21,N
2026-07-24T03:13:00.000Z,44.80432,-1.13838,5.03,N21,N
2026-07-24T03:13:00.000Z,44.80455,-1.12822,6.68,N21,N
2026-07-24T03:13:00.000Z,44.80471,-1.19332,33.93,N21,N
2026-07-24T03:13:00.000Z,44.80485,-1.09749,33.07,N21,N
2026-07-24T03:13:00.000Z,44.80571,-1.12131,10.21,N21,N
2026-07-24T03:13:00.000Z,44.80598,-1.11104,18.61,N21,N
2026-07-24T03:13:00.000Z,44.80614,-1.17616,26.6,N21,N
2026-07-24T03:13:00.000Z,44.80653,-1.14503,5.03,N21,N
2026-07-24T03:13:00.000Z,44.80672,-1.13487,6.68,N21,N
2026-07-24T03:13:00.000Z,44.8069,-1.19999,33.93,N21,N
2026-07-24T03:13:00.000Z,44.80709,-1.10419,71.8,N21,N
2026-07-24T03:13:00.000Z,44.8074,-1.09377,25.22,N21,N
2026-07-24T03:13:00.000Z,44.80792,-1.12794,10.21,N21,N
2026-07-24T03:13:00.000Z,44.80817,-1.1177,18.61,N21,N
2026-07-24T03:13:00.000Z,44.80833,-1.18283,26.6,N21,N
2026-07-24T03:13:00.000Z,44.8089,-1.1415,5.68,N21,N
2026-07-24T03:13:00.000Z,44.80909,-1.20666,2.99,N21,N
2026-07-24T03:13:00.000Z,44.8096,-1.10049,25.22,N21,N
2026-07-24T03:13:00.000Z,44.8097,-1.1655,7.59,N21,N
2026-07-24T03:13:00.000Z,44.81013,-1.13458,5.03,N21,N
2026-07-24T03:13:00.000Z,44.81035,-1.12436,7.43,N21,N
2026-07-24T03:13:00.000Z,44.81051,-1.18948,33.93,N21,N
2026-07-24T03:13:00.000Z,44.81068,-1.09367,33.07,N21,N
2026-07-24T03:13:00.000Z,44.81152,-1.11748,5.8,N21,N
2026-07-24T03:13:00.000Z,44.81192,-1.17226,12.46,N21,N
2026-07-24T03:13:00.000Z,44.81234,-1.14119,5.03,N21,N
2026-07-24T03:13:00.000Z,44.81253,-1.13103,7.43,N21,N
2026-07-24T03:13:00.000Z,44.81323,-1.08993,11.98,N21,N
2026-07-24T03:13:00.000Z,44.81372,-1.1241,5.8,N21,N
2026-07-24T03:13:00.000Z,44.8147,-1.13765,5.0,N21,N
2026-07-24T03:13:00.000Z,44.81542,-1.09663,11.98,N21,N
2026-07-24T03:13:00.000Z,44.81546,-1.17178,2.93,N21,N
2026-07-24T03:13:00.000Z,44.81594,-1.13075,12.35,N21,N
2026-07-24T03:13:00.000Z,44.81651,-1.08986,11.14,N21,N
2026-07-24T03:13:00.000Z,44.81683,-1.07931,10.43,N21,N
2026-07-24T03:13:00.000Z,44.81833,-1.12715,7.43,N21,N
2026-07-24T03:13:00.000Z,44.81898,-1.16112,2.93,N21,N
2026-07-24T03:13:00.000Z,44.81903,-1.08606,11.98,N21,N
2026-07-24T03:13:00.000Z,44.82009,-1.07929,11.14,N21,N
2026-07-24T03:13:00.000Z,44.8205,-1.13379,5.0,N21,N
2026-07-24T03:13:00.000Z,44.82232,-1.08603,11.14,N21,N
2026-07-24T03:13:00.000Z,44.82263,-1.07541,27.31,N21,N
2026-07-24T03:13:00.000Z,44.82367,-1.06874,14.04,N21,N
2026-07-24T03:13:00.000Z,44.82478,-1.15729,4.39,N21,N
2026-07-24T03:13:00.000Z,44.82483,-1.08213,13.99,N21,N
2026-07-24T03:13:00.000Z,44.82589,-1.07541,13.8,N21,N
2026-07-24T03:13:00.000Z,44.82703,-1.15377,5.63,N21,N
2026-07-24T03:13:00.000Z,44.82811,-1.08209,13.8,N21,N
2026-07-24T03:13:00.000Z,44.82837,-1.14682,6.22,N21,N
2026-07-24T03:13:00.000Z,44.82844,-1.0715,27.31,N21,N
2026-07-24T03:13:00.000Z,44.8295,-1.06491,14.04,N21,N
2026-07-24T03:13:00.000Z,44.83062,-1.0782,13.99,N21,N
2026-07-24T03:13:00.000Z,44.83064,-1.1432,3.17,N21,N
2026-07-24T03:13:00.000Z,44.83171,-1.07155,13.8,N21,N
2026-07-24T03:13:00.000Z,44.83391,-1.0782,13.8,N21,N
2026-07-24T03:13:00.000Z,44.83424,-1.13263,3.71,N21,N
2026-07-24T03:13:00.000Z,44.83751,-1.06767,27.72,N21,N
2026-07-24T03:13:00.000Z,44.83774,-1.13243,2.52,N21,N
2026-07-24T03:13:00.000Z,44.83971,-1.0743,27.72,N21,N
2026-07-24T03:13:00.000Z,44.8411,-1.05709,27.56,N21,N
2026-07-24T03:13:00.000Z,44.84332,-1.06378,27.72,N21,N
2026-07-24T03:13:00.000Z,44.84471,-1.04656,12.94,N21,N
2026-07-24T03:13:00.000Z,44.84691,-1.05322,12.94,N21,N
2026-07-24T03:13:00.000Z,44.84912,-1.05989,9.13,N21,N
2026-07-24T03:13:00.000Z,44.85051,-1.04264,12.94,N21,N
2026-07-24T03:13:00.000Z,44.85273,-1.04935,12.94,N21,N
2026-07-24T03:13:00.000Z,44.85375,-1.13804,7.61,N21,N
2026-07-24T03:13:00.000Z,44.8545,-1.15153,5.61,N21,N
2026-07-24T03:13:00.000Z,44.8546,-1.16195,6.21,N21,N
2026-07-24T03:13:00.000Z,44.85493,-1.05602,9.13,N21,N
2026-07-24T03:13:00.000Z,44.85515,-1.1209,36.93,N21,N
2026-07-24T03:13:00.000Z,44.85594,-1.14464,7.61,N21,N
2026-07-24T03:13:00.000Z,44.85669,-1.15826,4.3,N21,N
2026-07-24T03:13:00.000Z,44.85735,-1.12754,36.93,N21,N
2026-07-24T03:13:00.000Z,44.85813,-1.15126,6.21,N21,N
2026-07-24T03:13:00.000Z,44.85851,-1.0454,4.02,N21,N
2026-07-24T03:13:00.000Z,44.8589,-1.16507,4.3,N21,N
2026-07-24T03:13:00.000Z,44.85955,-1.13418,67.92,N21,N
2026-07-24T03:13:00.000Z,44.86015,-1.09324,7.29,N21,N
2026-07-24T03:13:00.000Z,44.86036,-1.15799,6.21,N21,N
2026-07-24T03:13:00.000Z,44.86072,-1.05209,5.76,N21,N
2026-07-24T03:13:00.000Z,44.86094,-1.11703,36.93,N21,N
2026-07-24T03:13:00.000Z,44.86173,-1.14078,67.92,N21,N
2026-07-24T03:13:00.000Z,44.86314,-1.12368,36.93,N21,N
2026-07-24T03:13:00.000Z,44.86392,-1.14741,46.88,N21,N
2026-07-24T03:13:00.000Z,44.86431,-1.04149,4.02,N21,N
2026-07-24T03:13:00.000Z,44.86455,-1.10654,71.38,N21,N
2026-07-24T03:13:00.000Z,44.86532,-1.13029,67.92,N21,N
2026-07-24T03:13:00.000Z,44.86673,-1.11317,107.52,N21,N
2026-07-24T03:13:00.000Z,44.8675,-1.13688,67.92,N21,N
2026-07-24T03:13:00.000Z,44.8679,-1.03086,2.5,N21,N
2026-07-24T03:13:00.000Z,44.86813,-1.09598,71.38,N21,N
2026-07-24T03:13:00.000Z,44.86892,-1.11978,107.52,N21,N
2026-07-24T03:13:00.000Z,44.86953,-1.07878,9.0,N21,N
2026-07-24T03:13:00.000Z,44.86971,-1.14356,46.88,N21,N
2026-07-24T03:13:00.000Z,44.87011,-1.03758,2.5,N21,N
2026-07-24T03:13:00.000Z,44.87033,-1.10265,71.38,N21,N
2026-07-24T03:13:00.000Z,44.87109,-1.12637,54.28,N21,N
2026-07-24T03:13:00.000Z,44.87253,-1.1093,107.52,N21,N
2026-07-24T03:13:00.000Z,44.87328,-1.13297,54.28,N21,N
2026-07-24T03:13:00.000Z,44.87392,-1.09206,57.8,N21,N
2026-07-24T03:13:00.000Z,44.87471,-1.1159,107.52,N21,N
2026-07-24T03:13:00.000Z,44.87533,-1.07487,9.0,N21,N
2026-07-24T03:13:00.000Z,44.87612,-1.09876,57.8,N21,N
2026-07-24T03:13:00.000Z,44.87688,-1.12249,54.28,N21,N
2026-07-24T03:13:00.000Z,44.87751,-1.08151,9.0,N21,N
2026-07-24T03:13:00.000Z,44.87831,-1.1054,93.53,N21,N
2026-07-24T03:13:00.000Z,44.8797,-1.08816,57.8,N21,N
2026-07-24T03:13:00.000Z,44.88049,-1.11202,93.53,N21,N
2026-07-24T03:13:00.000Z,44.88113,-1.071,28.13,N21,N
2026-07-24T03:13:00.000Z,44.88191,-1.09485,57.8,N21,N
2026-07-24T03:13:00.000Z,44.88268,-1.11864,25.35,N21,N
2026-07-24T03:13:00.000Z,44.88308,-1.01233,3.59,N21,N
2026-07-24T03:13:00.000Z,44.88332,-1.07768,28.13,N21,N
2026-07-24T03:13:00.000Z,44.8841,-1.10151,93.53,N21,N
2026-07-24T03:13:00.000Z,44.88472,-1.0604,9.07,N21,N
2026-07-24T03:13:00.000Z,44.88528,-1.01906,6.01,N21,N
2026-07-24T03:13:00.000Z,44.88551,-1.08431,90.59,N21,N
2026-07-24T03:13:00.000Z,44.88628,-1.10814,93.53,N21,N
2026-07-24T03:13:00.000Z,44.88692,-1.06712,28.13,N21,N
2026-07-24T03:13:00.000Z,44.88739,-1.01424,15.16,N21,N
2026-07-24T03:13:00.000Z,44.88768,-1.09093,90.59,N21,N
2026-07-24T03:13:00.000Z,44.88846,-1.11474,25.35,N21,N
2026-07-24T03:13:00.000Z,44.88887,-1.0084,7.84,N21,N
2026-07-24T03:13:00.000Z,44.88913,-1.07383,28.13,N21,N
2026-07-24T03:13:00.000Z,44.88988,-1.0976,38.59,N21,N
2026-07-24T03:13:00.000Z,44.89096,-1.00367,6.57,N21,N
2026-07-24T03:13:00.000Z,44.89108,-1.01514,7.72,N21,N
2026-07-24T03:13:00.000Z,44.8913,-1.08042,90.59,N21,N
2026-07-24T03:13:00.000Z,44.8927,-1.06317,18.16,N21,N
2026-07-24T03:13:00.000Z,44.8932,-1.01037,5.36,N21,N
2026-07-24T03:13:00.000Z,44.89347,-1.08702,90.59,N21,N
2026-07-24T03:13:00.000Z,44.89468,-1.0045,7.84,N21,N
2026-07-24T03:13:00.000Z,44.89492,-1.06994,18.16,N21,N
2026-07-24T03:13:00.000Z,44.89499,-1.05819,7.56,N21,N
2026-07-24T03:13:00.000Z,44.89545,-1.0171,5.36,N21,N
2026-07-24T03:13:00.000Z,44.89565,-1.09366,38.59,N21,N
2026-07-24T03:13:00.000Z,44.89689,-1.01123,7.72,N21,N
2026-07-24T03:13:00.000Z,44.8971,-1.07655,53.08,N21,N
2026-07-24T03:13:00.000Z,44.89722,-1.06487,7.56,N21,N
2026-07-24T03:13:00.000Z,44.89849,-1.05924,18.16,N21,N
2026-07-24T03:13:00.000Z,44.89901,-1.00647,5.36,N21,N
2026-07-24T03:13:00.000Z,44.8991,-1.01797,7.72,N21,N
2026-07-24T03:13:00.000Z,44.89946,-1.07157,17.33,N21,N
2026-07-24T03:13:00.000Z,44.9007,-1.06599,18.16,N21,N
2026-07-24T03:13:00.000Z,44.90077,-1.05428,7.56,N21,N
2026-07-24T03:13:00.000Z,44.90125,-1.01317,5.36,N21,N
2026-07-24T03:13:00.000Z,44.90207,-1.0486,4.91,N21,N
2026-07-24T03:13:00.000Z,44.90301,-1.06097,7.56,N21,N
2026-07-24T03:13:00.000Z,44.90427,-1.0553,5.03,N21,N
2026-07-24T03:13:00.000Z,44.90434,-1.04369,4.35,N21,N
2026-07-24T03:13:00.000Z,44.90646,-1.062,5.03,N21,N
2026-07-24T03:13:00.000Z,44.90655,-1.05033,5.17,N21,N
2026-07-24T03:13:00.000Z,44.90785,-1.04465,4.91,N21,N
2026-07-24T03:13:00.000Z,44.90878,-1.05699,5.17,N21,N
2026-07-24T03:13:00.000Z,44.91003,-1.05132,5.03,N21,N
2026-07-24T03:47:00.000Z,44.78643,-1.11043,42.64,Aqua,N
2026-07-24T03:47:00.000Z,44.78823,-1.12899,253.16,Aqua,N
2026-07-24T03:47:00.000Z,44.79004,-1.14762,66.13,Aqua,N
2026-07-24T03:47:00.000Z,44.79184,-1.16621,8.41,Aqua,N
2026-07-24T03:47:00.000Z,44.79364,-1.18482,62.88,Aqua,N
2026-07-24T03:47:00.000Z,44.79544,-1.2035,170.86,Aqua,N
2026-07-24T03:47:00.000Z,44.79703,-1.1084,130.49,Aqua,N
2026-07-24T03:47:00.000Z,44.79726,-1.22228,258.85,Aqua,N
2026-07-24T03:47:00.000Z,44.79885,-1.12697,132.79,Aqua,N
2026-07-24T03:47:00.000Z,44.80247,-1.16415,34.63,Aqua,N
2026-07-24T03:47:00.000Z,44.80429,-1.18276,399.52,Aqua,N
2026-07-24T03:47:00.000Z,44.80581,-1.08785,83.65,Aqua,N
2026-07-24T03:47:00.000Z,44.8061,-1.20145,859.49,Aqua,N
2026-07-24T03:47:00.000Z,44.80763,-1.10635,134.68,Aqua,N
2026-07-24T03:47:00.000Z,44.80793,-1.22026,161.54,Aqua,N
2026-07-24T03:47:00.000Z,44.80946,-1.12492,73.38,Aqua,N
2026-07-24T03:47:00.000Z,44.81129,-1.14354,19.23,Aqua,N
2026-07-24T03:47:00.000Z,44.81311,-1.16212,44.93,Aqua,N
2026-07-24T03:47:00.000Z,44.81494,-1.18074,521.72,Aqua,N
2026-07-24T03:47:00.000Z,44.81639,-1.0858,76.6,Aqua,N
2026-07-24T03:47:00.000Z,44.81676,-1.19944,100.6,Aqua,N
2026-07-24T03:47:00.000Z,44.82007,-1.12289,30.8,Aqua,N
2026-07-24T03:47:00.000Z,44.82375,-1.16011,27.27,Aqua,N
2026-07-24T03:47:00.000Z,44.82514,-1.06529,90.21,Aqua,N
2026-07-24T03:47:00.000Z,44.82698,-1.08376,57.76,Aqua,N
2026-07-24T03:47:00.000Z,44.83572,-1.06327,124.55,Aqua,N
2026-07-24T03:47:00.000Z,44.83758,-1.08175,19.97,Aqua,N
2026-07-24T03:47:00.000Z,44.84443,-1.0428,48.12,Aqua,N
2026-07-24T03:47:00.000Z,44.8463,-1.06125,224.14,Aqua,N
2026-07-24T03:47:00.000Z,44.855,-1.0408,104.97,Aqua,N
2026-07-24T03:47:00.000Z,44.85566,-1.15405,86.2,Aqua,N
2026-07-24T03:47:00.000Z,44.85753,-1.17263,35.03,Aqua,N
2026-07-24T03:47:00.000Z,44.85862,-1.03325,43.03,Aqua,N
2026-07-24T03:47:00.000Z,44.8604,-1.0517,34.18,Aqua,N
2026-07-24T03:47:00.000Z,44.86253,-1.11479,328.55,Aqua,N
2026-07-24T03:47:00.000Z,44.86399,-1.08873,18.36,Aqua,N
2026-07-24T03:47:00.000Z,44.86442,-1.13341,345.8,Aqua,N
2026-07-24T03:47:00.000Z,44.86578,-1.10733,298.51,Aqua,N
2026-07-24T03:47:00.000Z,44.8663,-1.15203,135.98,Aqua,N
2026-07-24T03:47:00.000Z,44.86758,-1.12597,672.88,Aqua,N
2026-07-24T03:47:00.000Z,44.86818,-1.17063,21.32,Aqua,N
2026-07-24T03:47:00.000Z,44.86937,-1.14462,292.85,Aqua,N
2026-07-24T03:47:00.000Z,44.87125,-1.09422,219.0,Aqua,N
2026-07-24T03:47:00.000Z,44.87315,-1.11278,470.36,Aqua,N
2026-07-24T03:47:00.000Z,44.87459,-1.08673,184.08,Aqua,N
2026-07-24T03:47:00.000Z,44.87505,-1.13141,363.82,Aqua,N
2026-07-24T03:47:00.000Z,44.8764,-1.1053,963.74,Aqua,N
2026-07-24T03:47:00.000Z,44.87694,-1.15002,33.0,Aqua,N
2026-07-24T03:47:00.000Z,44.8782,-1.12396,426.21,Aqua,N
2026-07-24T03:47:00.000Z,44.88001,-1.14262,12.21,Aqua,N
2026-07-24T03:47:00.000Z,44.88338,-1.06614,112.4,Aqua,N
2026-07-24T03:47:00.000Z,44.88519,-1.08469,647.03,Aqua,N
2026-07-24T03:47:00.000Z,44.88701,-1.10328,1563.51,Aqua,N
2026-07-24T03:47:00.000Z,44.8885,-1.00878,39.35,Aqua,N
2026-07-24T03:47:00.000Z,44.88883,-1.12193,106.88,Aqua,N
2026-07-24T03:47:00.000Z,44.89397,-1.06412,544.37,Aqua,N
2026-07-24T03:47:00.000Z,44.8958,-1.08267,1080.4,Aqua,N
2026-07-24T03:47:00.000Z,44.89762,-1.10128,112.3,Aqua,N
2026-07-24T03:47:00.000Z,44.89906,-1.00675,59.14,Aqua,N
2026-07-24T03:47:00.000Z,44.90273,-1.04363,43.31,Aqua,N
2026-07-24T03:47:00.000Z,44.90456,-1.0621,232.61,Aqua,N
2026-07-24T03:47:00.000Z,44.9064,-1.08067,82.12,Aqua,N
2026-07-24T03:47:00.000Z,44.91331,-1.04162,28.07,Aqua,N
2026-07-24T03:49:00.000Z,44.37356,-1.12615,28.18,Aqua,N
2026-07-24T03:49:00.000Z,44.37539,-1.14435,199.69,Aqua,N
2026-07-24T03:49:00.000Z,44.38225,-1.10594,64.47,Aqua,N
2026-07-24T03:49:00.000Z,44.3841,-1.12411,135.08,Aqua,N
2026-07-24T03:49:00.000Z,44.38595,-1.14233,186.84,Aqua,N
2026-07-24T03:49:00.000Z,44.3878,-1.16061,84.57,Aqua,N
2026-07-24T03:49:00.000Z,44.39278,-1.10391,84.59,Aqua,N
2026-07-24T03:49:00.000Z,44.39465,-1.12209,139.31,Aqua,N
2026-07-24T03:49:00.000Z,44.3965,-1.14031,133.9,Aqua,N
2026-07-24T03:49:00.000Z,44.39837,-1.1586,11.26,Aqua,N
2026-07-24T03:49:00.000Z,44.40332,-1.10194,38.62,Aqua,N
2026-07-24T03:49:00.000Z,44.40519,-1.12008,76.37,Aqua,N
2026-07-24T03:49:00.000Z,44.40706,-1.13832,123.75,Aqua,N
2026-07-24T03:49:00.000Z,44.40894,-1.15661,10.54,Aqua,N
2026-07-24T03:49:00.000Z,44.40898,-1.09535,72.4,Aqua,N
2026-07-24T03:49:00.000Z,44.41076,-1.1135,97.96,Aqua,N
2026-07-24T03:49:00.000Z,44.41198,-1.08181,15.86,Aqua,N
2026-07-24T03:49:00.000Z,44.41254,-1.13175,137.27,Aqua,N
2026-07-24T03:49:00.000Z,44.41386,-1.09994,159.62,Aqua,N
2026-07-24T03:49:00.000Z,44.41433,-1.15005,91.6,Aqua,N
2026-07-24T03:49:00.000Z,44.41574,-1.1181,84.71,Aqua,N
2026-07-24T03:49:00.000Z,44.41763,-1.13634,104.55,Aqua,N
2026-07-24T03:49:00.000Z,44.41951,-1.15461,43.11,Aqua,N
2026-07-24T03:49:00.000Z,44.41951,-1.09332,116.31,Aqua,N
2026-07-24T03:49:00.000Z,44.4213,-1.1115,124.72,Aqua,N
2026-07-24T03:49:00.000Z,44.4231,-1.12977,214.19,Aqua,N
2026-07-24T03:49:00.000Z,44.4249,-1.14805,262.14,Aqua,N
2026-07-24T03:49:00.000Z,44.43185,-1.10951,88.5,Aqua,N
2026-07-24T03:49:00.000Z,44.43366,-1.12778,367.18,Aqua,N
2026-07-24T03:49:00.000Z,44.43546,-1.14605,407.23,Aqua,N
2026-07-24T03:49:00.000Z,44.4424,-1.10752,21.66,Aqua,N
2026-07-24T03:49:00.000Z,44.44421,-1.12577,19.42,Aqua,N
2026-07-24T03:49:00.000Z,44.78325,-1.13558,64.36,Aqua,N
2026-07-24T03:49:00.000Z,44.78479,-1.20551,27.36,Aqua,N
2026-07-24T03:49:00.000Z,44.78659,-1.22432,88.55,Aqua,N
2026-07-24T03:49:00.000Z,44.78893,-1.19131,23.75,Aqua,N
2026-07-24T03:49:00.000Z,44.79082,-1.20998,99.82,Aqua,N
2026-07-24T10:06:00.000Z,44.38591,-1.11183,145.89,Terra,D
2026-07-24T10:06:00.000Z,44.38644,-1.11664,148.03,Terra,D
2026-07-24T10:06:00.000Z,44.42361,-1.13464,264.98,Terra,D
2026-07-24T10:06:00.000Z,44.42393,-1.13944,271.58,Terra,D
2026-07-24T10:06:00.000Z,44.79699,-1.21053,207.1,Terra,D
2026-07-24T10:06:00.000Z,44.80075,-1.17298,114.92,Terra,D
2026-07-24T10:06:00.000Z,44.80975,-1.20902,298.19,Terra,D
2026-07-24T10:06:00.000Z,44.81088,-1.20367,287.33,Terra,D
2026-07-24T10:06:00.000Z,44.81465,-1.16596,117.19,Terra,D
2026-07-24T10:06:00.000Z,44.82983,-1.03108,189.79,Terra,D
2026-07-24T10:06:00.000Z,44.83904,-1.06747,474.84,Terra,D
2026-07-24T10:06:00.000Z,44.8573,-1.13978,160.42,Terra,D
2026-07-24T10:06:00.000Z,44.86213,-1.09671,342.68,Terra,D
2026-07-24T10:06:00.000Z,44.86225,-1.08926,290.0,Terra,D
2026-07-24T10:06:00.000Z,44.87119,-1.13278,295.4,Terra,D
2026-07-24T10:06:00.000Z,44.8715,-1.12524,455.86,Terra,D
2026-07-24T10:06:00.000Z,44.87605,-1.08964,285.39,Terra,D
2026-07-24T10:06:00.000Z,44.87618,-1.08223,261.32,Terra,D
2026-07-24T10:06:00.000Z,44.88508,-1.12572,170.68,Terra,D
2026-07-24T10:06:00.000Z,44.88541,-1.11825,301.41,Terra,D
2026-07-24T10:06:00.000Z,44.88997,-1.0826,648.5,Terra,D
2026-07-24T10:06:00.000Z,44.89012,-1.07527,589.7,Terra,D
2026-07-24T10:06:00.000Z,44.89896,-1.11865,155.63,Terra,D
2026-07-24T10:06:00.000Z,44.8993,-1.11122,309.19,Terra,D
2026-07-24T10:06:00.000Z,44.90388,-1.07551,260.45,Terra,D
2026-07-24T10:06:00.000Z,44.90404,-1.0682,260.36,Terra,D
2026-07-24T11:53:00.000Z,44.36713,-1.15713,7.79,N,D
2026-07-24T11:53:00.000Z,44.36955,-1.14994,7.79,N,D
2026-07-24T11:53:00.000Z,44.37073,-1.12468,19.71,N,D
2026-07-24T11:53:00.000Z,44.37314,-1.11751,19.71,N,D
2026-07-24T11:53:00.000Z,44.37318,-1.16095,7.79,N,D
2026-07-24T11:53:00.000Z,44.37558,-1.15379,7.79,N,D
2026-07-24T11:53:00.000Z,44.37676,-1.1285,16.73,N,D
2026-07-24T11:53:00.000Z,44.37917,-1.12136,16.73,N,D
2026-07-24T11:53:00.000Z,44.3792,-1.16486,11.35,N,D
2026-07-24T11:53:00.000Z,44.38155,-1.11424,16.41,N,D
2026-07-24T11:53:00.000Z,44.38396,-1.1071,16.41,N,D
2026-07-24T11:53:00.000Z,44.38401,-1.15053,14.2,N,D
2026-07-24T11:53:00.000Z,44.3912,-1.1291,19.76,N,D
2026-07-24T11:53:00.000Z,44.40671,-1.10463,14.47,N,D
2026-07-24T11:53:00.000Z,44.40907,-1.0976,13.04,N,D
2026-07-24T11:53:00.000Z,44.40997,-1.13451,23.23,N,D
2026-07-24T11:53:00.000Z,44.41118,-1.10942,11.51,N,D
2026-07-24T11:53:00.000Z,44.41159,-1.13372,22.28,N,D
2026-07-24T11:53:00.000Z,44.41272,-1.10848,17.67,N,D
2026-07-24T11:53:00.000Z,44.4128,-1.15196,12.5,N,D
2026-07-24T11:53:00.000Z,44.41356,-1.10241,11.51,N,D
2026-07-24T11:53:00.000Z,44.41507,-1.10145,10.84,N,D
2026-07-24T11:53:00.000Z,44.41715,-1.15652,13.79,N,D
2026-07-24T11:53:00.000Z,44.41954,-1.14947,13.91,N,D
2026-07-24T11:53:00.000Z,44.42117,-1.1488,12.5,N,D
2026-07-24T11:53:00.000Z,44.42194,-1.1424,13.91,N,D
2026-07-24T11:53:00.000Z,44.42355,-1.14168,13.6,N,D
2026-07-24T11:53:00.000Z,44.42435,-1.13532,19.88,N,D
2026-07-24T11:53:00.000Z,44.42555,-1.15337,17.49,N,D
2026-07-24T11:53:00.000Z,44.42557,-1.11017,17.43,N,D
2026-07-24T11:53:00.000Z,44.42592,-1.13456,13.6,N,D
2026-07-24T11:53:00.000Z,44.42717,-1.15273,23.3,N,D
2026-07-24T11:53:00.000Z,44.42796,-1.14629,17.49,N,D
2026-07-24T11:53:00.000Z,44.42829,-1.12746,20.85,N,D
2026-07-24T11:53:00.000Z,44.42955,-1.1456,29.19,N,D
2026-07-24T11:53:00.000Z,44.43036,-1.13921,23.17,N,D
2026-07-24T11:53:00.000Z,44.43192,-1.1385,29.19,N,D
2026-07-24T11:53:00.000Z,44.43274,-1.13216,23.17,N,D
2026-07-24T11:53:00.000Z,44.43396,-1.15019,17.49,N,D
2026-07-24T11:53:00.000Z,44.43635,-1.14312,23.17,N,D
2026-07-24T11:53:00.000Z,44.43791,-1.14243,29.19,N,D
2026-07-24T11:53:00.000Z,44.43876,-1.13603,23.17,N,D
2026-07-24T11:53:00.000Z,44.44028,-1.1353,46.66,N,D
2026-07-24T11:53:00.000Z,44.78164,-1.22136,11.25,N,D
2026-07-24T11:53:00.000Z,44.78508,-1.18959,11.02,N,D
2026-07-24T11:53:00.000Z,44.78577,-1.18535,4.29,N,D
2026-07-24T11:53:00.000Z,44.78588,-1.12272,16.15,N,D
2026-07-24T11:53:00.000Z,44.78633,-1.11822,12.8,N,D
2026-07-24T11:53:00.000Z,44.78822,-1.1158,16.15,N,D
2026-07-24T11:53:00.000Z,44.78863,-1.11128,12.8,N,D
2026-07-24T11:53:00.000Z,44.78996,-1.12904,14.15,N,D
2026-07-24T11:53:00.000Z,44.79102,-1.19353,11.06,N,D
2026-07-24T11:53:00.000Z,44.79227,-1.12208,12.8,N,D
2026-07-24T11:53:00.000Z,44.79417,-1.11963,16.15,N,D
2026-07-24T11:53:00.000Z,44.79457,-1.11513,12.8,N,D
2026-07-24T11:53:00.000Z,44.80051,-1.11902,12.67,N,D
2026-07-24T11:53:00.000Z,44.80066,-1.20805,11.41,N,D
2026-07-24T11:53:00.000Z,44.80423,-1.21904,11.41,N,D
2026-07-24T11:53:00.000Z,44.80661,-1.21193,11.41,N,D
2026-07-24T11:53:00.000Z,44.80895,-1.20497,26.6,N,D
2026-07-24T11:53:00.000Z,44.80967,-1.0913,19.5,N,D
2026-07-24T11:53:00.000Z,44.81129,-1.19802,26.6,N,D
2026-07-24T11:53:00.000Z,44.81174,-1.08893,27.02,N,D
2026-07-24T11:53:00.000Z,44.81196,-1.08438,23.51,N,D
2026-07-24T11:53:00.000Z,44.81361,-1.19109,34.1,N,D
2026-07-24T11:53:00.000Z,44.81406,-1.08206,27.02,N,D
2026-07-24T11:53:00.000Z,44.81425,-1.07746,23.51,N,D
2026-07-24T11:53:00.000Z,44.81637,-1.07517,37.47,N,D
2026-07-24T11:53:00.000Z,44.81868,-1.06832,37.47,N,D
2026-07-24T11:53:00.000Z,44.82017,-1.08132,23.51,N,D
2026-07-24T11:53:00.000Z,44.82244,-1.07443,32.63,N,D
2026-07-24T11:53:00.000Z,44.82284,-1.16361,11.36,N,D
2026-07-24T11:53:00.000Z,44.82473,-1.06752,32.63,N,D
2026-07-24T11:53:00.000Z,44.82516,-1.15669,11.36,N,D
2026-07-24T11:53:00.000Z,44.82692,-1.06526,31.54,N,D
2026-07-24T11:53:00.000Z,44.82701,-1.06059,33.67,N,D
2026-07-24T11:53:00.000Z,44.82748,-1.14976,12.6,N,D
2026-07-24T11:53:00.000Z,44.82923,-1.05838,31.54,N,D
2026-07-24T11:53:00.000Z,44.82979,-1.14287,12.6,N,D
2026-07-24T11:53:00.000Z,44.8321,-1.13597,22.75,N,D
2026-07-24T11:53:00.000Z,44.83343,-1.15362,87.18,N,D
2026-07-24T11:53:00.000Z,44.83442,-1.12905,22.75,N,D
2026-07-24T11:53:00.000Z,44.83743,-1.05545,54.35,N,D
2026-07-24T11:53:00.000Z,44.83803,-1.13988,139.69,N,D
2026-07-24T11:53:00.000Z,44.83943,-1.1573,87.18,N,D
2026-07-24T11:53:00.000Z,44.83973,-1.0486,54.35,N,D
2026-07-24T11:53:00.000Z,44.84035,-1.13293,139.69,N,D
2026-07-24T11:53:00.000Z,44.84167,-1.15059,87.18,N,D
2026-07-24T11:53:00.000Z,44.84203,-1.04173,13.59,N,D
2026-07-24T11:53:00.000Z,44.84399,-1.14368,139.69,N,D
2026-07-24T11:53:00.000Z,44.84565,-1.05243,54.35,N,D
2026-07-24T11:53:00.000Z,44.84795,-1.04553,13.59,N,D
2026-07-24T11:53:00.000Z,44.85022,-1.03875,13.59,N,D
2026-07-24T11:53:00.000Z,44.85454,-1.13372,25.73,N,D
2026-07-24T11:53:00.000Z,44.85685,-1.1268,25.73,N,D
2026-07-24T11:53:00.000Z,44.85704,-1.1702,74.8,N,D
2026-07-24T11:53:00.000Z,44.85727,-1.16886,166.21,N,D
2026-07-24T11:53:00.000Z,44.85915,-1.11991,24.11,N,D
2026-07-24T11:53:00.000Z,44.85935,-1.16339,176.56,N,D
2026-07-24T11:53:00.000Z,44.85955,-1.16205,166.21,N,D
2026-07-24T11:53:00.000Z,44.86145,-1.11301,24.11,N,D
2026-07-24T11:53:00.000Z,44.86162,-1.1567,176.56,N,D
2026-07-24T11:53:00.000Z,44.8618,-1.15529,144.7,N,D
2026-07-24T11:53:00.000Z,44.86243,-1.08848,12.68,N,D
2026-07-24T11:53:00.000Z,44.863,-1.17401,74.8,N,D
2026-07-24T11:53:00.000Z,44.86375,-1.1061,44.28,N,D
2026-07-24T11:53:00.000Z,44.86394,-1.14986,114.64,N,D
2026-07-24T11:53:00.000Z,44.86409,-1.14841,144.7,N,D
2026-07-24T11:53:00.000Z,44.86605,-1.09922,44.28,N,D
2026-07-24T11:53:00.000Z,44.86627,-1.14299,114.64,N,D
2026-07-24T11:53:00.000Z,44.86737,-1.11691,24.11,N,D
2026-07-24T11:53:00.000Z,44.86761,-1.1604,176.56,N,D
2026-07-24T11:53:00.000Z,44.86777,-1.15904,144.7,N,D
2026-07-24T11:53:00.000Z,44.86832,-1.09239,28.75,N,D
2026-07-24T11:53:00.000Z,44.86967,-1.10999,44.28,N,D
2026-07-24T11:53:00.000Z,44.86993,-1.15356,114.64,N,D
2026-07-24T11:53:00.000Z,44.87006,-1.15216,144.7,N,D
2026-07-24T11:53:00.000Z,44.87092,-1.12928,21.6,N,D
2026-07-24T11:53:00.000Z,44.87097,-1.12774,15.86,N,D
2026-07-24T11:53:00.000Z,44.87123,-1.17111,19.96,N,D
2026-07-24T11:53:00.000Z,44.87142,-1.16979,34.51,N,D
2026-07-24T11:53:00.000Z,44.87196,-1.10311,44.28,N,D
2026-07-24T11:53:00.000Z,44.87223,-1.14678,114.64,N,D
2026-07-24T11:53:00.000Z,44.87233,-1.14534,92.67,N,D
2026-07-24T11:53:00.000Z,44.87355,-1.16428,19.96,N,D
2026-07-24T11:53:00.000Z,44.8737,-1.16293,32.15,N,D
2026-07-24T11:53:00.000Z,44.87425,-1.09626,28.75,N,D
2026-07-24T11:53:00.000Z,44.87452,-1.14001,21.6,N,D
2026-07-24T11:53:00.000Z,44.87459,-1.13856,92.67,N,D
2026-07-24T11:53:00.000Z,44.87558,-1.11392,19.83,N,D
2026-07-24T11:53:00.000Z,44.87559,-1.1155,21.59,N,D
2026-07-24T11:53:00.000Z,44.87585,-1.15746,40.12,N,D
2026-07-24T11:53:00.000Z,44.87598,-1.15609,32.15,N,D
2026-07-24T11:53:00.000Z,44.87683,-1.13318,21.6,N,D
2026-07-24T11:53:00.000Z,44.87688,-1.13168,15.86,N,D
2026-07-24T11:53:00.000Z,44.87787,-1.10701,19.83,N,D
2026-07-24T11:53:00.000Z,44.87792,-1.10861,36.55,N,D
2026-07-24T11:53:00.000Z,44.87916,-1.12629,21.59,N,D
2026-07-24T11:53:00.000Z,44.87918,-1.12475,15.86,N,D
2026-07-24T11:53:00.000Z,44.88016,-1.10013,24.69,N,D
2026-07-24T11:53:00.000Z,44.88025,-1.10173,36.55,N,D
2026-07-24T11:53:00.000Z,44.8811,-1.07566,12.91,N,D
2026-07-24T11:53:00.000Z,44.88148,-1.11782,19.83,N,D
2026-07-24T11:53:00.000Z,44.88151,-1.11936,21.59,N,D
2026-07-24T11:53:00.000Z,44.88243,-1.09328,24.69,N,D
2026-07-24T11:53:00.000Z,44.88256,-1.09489,37.41,N,D
2026-07-24T11:53:00.000Z,44.88276,-1.13703,45.97,N,D
2026-07-24T11:53:00.000Z,44.88279,-1.13558,134.06,N,D
2026-07-24T11:53:00.000Z,44.88338,-1.0688,12.04,N,D
2026-07-24T11:53:00.000Z,44.88377,-1.11093,19.83,N,D
2026-07-24T11:53:00.000Z,44.88383,-1.1125,36.55,N,D
2026-07-24T11:53:00.000Z,44.88472,-1.08644,24.51,N,D
2026-07-24T11:53:00.000Z,44.88486,-1.08808,37.41,N,D
2026-07-24T11:53:00.000Z,44.88508,-1.13018,59.96,N,D
2026-07-24T11:53:00.000Z,44.88607,-1.10403,24.69,N,D
2026-07-24T11:53:00.000Z,44.88615,-1.10562,36.55,N,D
2026-07-24T11:53:00.000Z,44.88702,-1.07949,24.51,N,D
2026-07-24T11:53:00.000Z,44.88721,-1.08115,26.32,N,D
2026-07-24T11:53:00.000Z,44.8874,-1.12172,71.66,N,D
2026-07-24T11:53:00.000Z,44.88742,-1.12326,59.96,N,D
2026-07-24T11:53:00.000Z,44.88834,-1.09717,24.69,N,D
2026-07-24T11:53:00.000Z,44.88848,-1.09876,37.41,N,D
2026-07-24T11:53:00.000Z,44.88931,-1.07262,13.8,N,D
2026-07-24T11:53:00.000Z,44.88953,-1.07429,26.32,N,D
2026-07-24T11:53:00.000Z,44.88967,-1.11487,71.66,N,D
2026-07-24T11:53:00.000Z,44.88974,-1.1164,163.66,N,D
2026-07-24T11:53:00.000Z,44.89061,-1.09035,24.51,N,D
2026-07-24T11:53:00.000Z,44.89078,-1.09194,37.41,N,D
2026-07-24T11:53:00.000Z,44.89157,-1.06582,13.8,N,D
2026-07-24T11:53:00.000Z,44.89183,-1.0675,15.04,N,D
2026-07-24T11:53:00.000Z,44.89196,-1.10798,306.14,N,D
2026-07-24T11:53:00.000Z,44.89206,-1.10953,163.66,N,D
2026-07-24T11:53:00.000Z,44.8929,-1.08347,24.51,N,D
2026-07-24T11:53:00.000Z,44.8931,-1.0851,26.32,N,D
2026-07-24T11:53:00.000Z,44.89328,-1.12573,71.66,N,D
2026-07-24T11:53:00.000Z,44.89331,-1.12721,59.96,N,D
2026-07-24T11:53:00.000Z,44.89425,-1.10109,306.14,N,D
2026-07-24T11:53:00.000Z,44.89438,-1.10266,380.5,N,D
2026-07-24T11:53:00.000Z,44.8952,-1.07655,13.8,N,D
2026-07-24T11:53:00.000Z,44.89542,-1.07822,26.32,N,D
2026-07-24T11:53:00.000Z,44.89556,-1.11884,71.66,N,D
2026-07-24T11:53:00.000Z,44.89564,-1.12034,163.66,N,D
2026-07-24T11:53:00.000Z,44.89651,-1.09425,267.18,N,D
2026-07-24T11:53:00.000Z,44.89669,-1.09582,380.5,N,D
2026-07-24T11:53:00.000Z,44.8975,-1.06963,13.8,N,D
2026-07-24T11:53:00.000Z,44.89775,-1.07132,15.04,N,D
2026-07-24T11:53:00.000Z,44.89785,-1.11193,306.14,N,D
2026-07-24T11:53:00.000Z,44.89788,-1.00357,18.95,N,D
2026-07-24T11:53:00.000Z,44.89796,-1.11344,163.66,N,D
2026-07-24T11:53:00.000Z,44.89879,-1.0874,267.18,N,D
2026-07-24T11:53:00.000Z,44.899,-1.08899,302.47,N,D
2026-07-24T11:53:00.000Z,44.89919,-1.12965,20.87,N,D
2026-07-24T11:53:00.000Z,44.89923,-1.13108,26.21,N,D
2026-07-24T11:53:00.000Z,44.90003,-1.06456,15.04,N,D
2026-07-24T11:53:00.000Z,44.90014,-1.10505,306.14,N,D
2026-07-24T11:53:00.000Z,44.90015,-0.99674,11.58,N,D
2026-07-24T11:53:00.000Z,44.90028,-1.10657,380.5,N,D
2026-07-24T11:53:00.000Z,44.90108,-1.08047,217.51,N,D
2026-07-24T11:53:00.000Z,44.90132,-1.08209,302.47,N,D
2026-07-24T11:53:00.000Z,44.90146,-1.12277,20.87,N,D
2026-07-24T11:53:00.000Z,44.90152,-1.01422,18.95,N,D
2026-07-24T11:53:00.000Z,44.90154,-1.12424,44.98,N,D
2026-07-24T11:53:00.000Z,44.90232,-1.0578,10.26,N,D
2026-07-24T11:53:00.000Z,44.90242,-1.09817,267.18,N,D
2026-07-24T11:53:00.000Z,44.90259,-1.09971,380.5,N,D
2026-07-24T11:53:00.000Z,44.90337,-1.07358,217.51,N,D
2026-07-24T11:53:00.000Z,44.90364,-1.07523,175.35,N,D
2026-07-24T11:53:00.000Z,44.90375,-1.11587,197.86,N,D
2026-07-24T11:53:00.000Z,44.90386,-1.11736,44.98,N,D
2026-07-24T11:53:00.000Z,44.90459,-1.05104,10.26,N,D
2026-07-24T11:53:00.000Z,44.90469,-1.0913,267.18,N,D
2026-07-24T11:53:00.000Z,44.9049,-1.09286,302.47,N,D
2026-07-24T11:53:00.000Z,44.90563,-1.06677,86.15,N,D
2026-07-24T11:53:00.000Z,44.90593,-1.06845,175.35,N,D
2026-07-24T11:53:00.000Z,44.90603,-1.10898,197.86,N,D
2026-07-24T11:53:00.000Z,44.90618,-1.11047,507.06,N,D
2026-07-24T11:53:00.000Z,44.90688,-1.04427,8.84,N,D
2026-07-24T11:53:00.000Z,44.90697,-1.08442,217.51,N,D
2026-07-24T11:53:00.000Z,44.90722,-1.08601,302.47,N,D
2026-07-24T11:53:00.000Z,44.90788,-1.05998,86.15,N,D
2026-07-24T11:53:00.000Z,44.90821,-1.06168,62.37,N,D
2026-07-24T11:53:00.000Z,44.90831,-1.1021,403.52,N,D
2026-07-24T11:53:00.000Z,44.90923,-1.07758,217.51,N,D
2026-07-24T11:53:00.000Z,44.90951,-1.0792,175.35,N,D
2026-07-24T11:53:00.000Z,44.91012,-1.05321,18.94,N,D
2026-07-24T11:53:00.000Z,44.91048,-1.05494,62.37,N,D
2026-07-24T11:53:00.000Z,44.91057,-1.09525,403.52,N,D
2026-07-24T11:53:00.000Z,44.91148,-1.07079,86.15,N,D
2026-07-24T11:53:00.000Z,44.91179,-1.07244,175.35,N,D
2026-07-24T11:53:00.000Z,44.91238,-1.04639,18.94,N,D
2026-07-24T11:53:00.000Z,44.91277,-1.04815,10.24,N,D
2026-07-24T11:53:00.000Z,44.91284,-1.0884,285.01,N,D
2026-07-24T11:53:00.000Z,44.9131,-1.08995,629.84,N,D
2026-07-24T11:53:00.000Z,44.91374,-1.06397,86.15,N,D
2026-07-24T11:53:00.000Z,44.91408,-1.06564,62.37,N,D
2026-07-24T11:53:00.000Z,44.91511,-1.08155,285.01,N,D
2026-07-24T11:53:00.000Z,44.91539,-1.08313,204.17,N,D
2026-07-24T12:14:00.000Z,44.36636,-1.15394,11.12,N20,D
2026-07-24T12:14:00.000Z,44.36737,-1.15014,11.12,N20,D
2026-07-24T12:14:00.000Z,44.36837,-1.14635,30.94,N20,D
2026-07-24T12:14:00.000Z,44.37008,-1.16016,8.83,N20,D
2026-07-24T12:14:00.000Z,44.3729,-1.12931,42.74,N20,D
2026-07-24T12:14:00.000Z,44.37481,-1.1626,8.83,N20,D
2026-07-24T12:14:00.000Z,44.3749,-1.12174,173.25,N20,D
2026-07-24T12:14:00.000Z,44.375,-1.16571,16.13,N20,D
2026-07-24T12:14:00.000Z,44.37581,-1.15881,18.4,N20,D
2026-07-24T12:14:00.000Z,44.3763,-1.12122,322.15,N20,D
2026-07-24T12:14:00.000Z,44.37691,-1.11418,173.25,N20,D
2026-07-24T12:14:00.000Z,44.37835,-1.11369,51.05,N20,D
2026-07-24T12:14:00.000Z,44.38162,-1.11663,16.72,N20,D
2026-07-24T12:14:00.000Z,44.38363,-1.10908,36.0,N20,D
2026-07-24T12:14:00.000Z,44.38511,-1.10861,51.05,N20,D
2026-07-24T12:14:00.000Z,44.38633,-1.11907,16.72,N20,D
2026-07-24T12:14:00.000Z,44.39105,-1.12152,27.92,N20,D
2026-07-24T12:14:00.000Z,44.4046,-1.13582,25.19,N20,D
2026-07-24T12:14:00.000Z,44.40642,-1.10385,14.3,N20,D
2026-07-24T12:14:00.000Z,44.40839,-1.09637,14.3,N20,D
2026-07-24T12:14:00.000Z,44.41,-1.09592,15.74,N20,D
2026-07-24T12:14:00.000Z,44.41113,-1.10629,14.3,N20,D
2026-07-24T12:14:00.000Z,44.41134,-1.13077,29.52,N20,D
2026-07-24T12:14:00.000Z,44.4127,-1.1058,25.01,N20,D
2026-07-24T12:14:00.000Z,44.4131,-1.09881,14.3,N20,D
2026-07-24T12:14:00.000Z,44.41604,-1.13325,9.47,N20,D
2026-07-24T12:14:00.000Z,44.41669,-1.15078,81.02,N20,D
2026-07-24T12:14:00.000Z,44.42074,-1.13574,9.47,N20,D
2026-07-24T12:14:00.000Z,44.42141,-1.15324,26.41,N20,D
2026-07-24T12:14:00.000Z,44.42211,-1.11068,13.11,N20,D
2026-07-24T12:14:00.000Z,44.42276,-1.1282,9.47,N20,D
2026-07-24T12:14:00.000Z,44.42342,-1.14573,26.41,N20,D
2026-07-24T12:14:00.000Z,44.42545,-1.13819,44.92,N20,D
2026-07-24T12:14:00.000Z,44.42611,-1.15571,26.41,N20,D
2026-07-24T12:14:00.000Z,44.4268,-1.11318,13.11,N20,D
2026-07-24T12:14:00.000Z,44.42814,-1.14818,26.41,N20,D
2026-07-24T12:14:00.000Z,44.42948,-1.12316,13.94,N20,D
2026-07-24T12:14:00.000Z,44.43016,-1.14065,44.92,N20,D
2026-07-24T12:14:00.000Z,44.43217,-1.13314,44.92,N20,D
2026-07-24T12:14:00.000Z,44.43419,-1.12563,13.94,N20,D
2026-07-24T12:14:00.000Z,44.43486,-1.14312,81.05,N20,D
2026-07-24T12:14:00.000Z,44.43688,-1.13559,81.05,N20,D
2026-07-24T12:14:00.000Z,44.4409,-1.12057,6.1,N20,D
2026-07-24T12:14:00.000Z,44.77932,-0.18586,7.36,N20,D
2026-07-24T12:14:00.000Z,44.78099,-0.17934,7.36,N20,D
2026-07-24T12:14:00.000Z,44.78231,-1.22092,14.17,N20,D
2026-07-24T12:14:00.000Z,44.78431,-1.2134,11.93,N20,D
2026-07-24T12:14:00.000Z,44.78498,-1.23095,11.6,N20,D
2026-07-24T12:14:00.000Z,44.78556,-1.18868,19.69,N20,D
2026-07-24T12:14:00.000Z,44.7873,-1.1222,44.71,N20,D
2026-07-24T12:14:00.000Z,44.78826,-1.19856,19.69,N20,D
2026-07-24T12:14:00.000Z,44.78926,-1.11483,48.94,N20,D
2026-07-24T12:14:00.000Z,44.78999,-1.13204,17.05,N20,D
2026-07-24T12:14:00.000Z,44.79024,-1.19113,19.69,N20,D
2026-07-24T12:14:00.000Z,44.79123,-1.10745,48.94,N20,D
2026-07-24T12:14:00.000Z,44.7922,-1.18372,32.85,N20,D
2026-07-24T12:14:00.000Z,44.79393,-1.11724,11.74,N20,D
2026-07-24T12:14:00.000Z,44.79588,-1.10988,11.74,N20,D
2026-07-24T12:14:00.000Z,44.79833,-1.22083,15.42,N20,D
2026-07-24T12:14:00.000Z,44.79858,-1.11969,11.74,N20,D
2026-07-24T12:14:00.000Z,44.80032,-1.21331,15.42,N20,D
2026-07-24T12:14:00.000Z,44.8023,-1.20584,37.62,N20,D
2026-07-24T12:14:00.000Z,44.80445,-1.09759,12.78,N20,D
2026-07-24T12:14:00.000Z,44.805,-1.21578,15.42,N20,D
2026-07-24T12:14:00.000Z,44.80665,-1.21756,15.73,N20,D
2026-07-24T12:14:00.000Z,44.80698,-1.2083,37.62,N20,D
2026-07-24T12:14:00.000Z,44.8082,-1.18358,24.96,N20,D
2026-07-24T12:14:00.000Z,44.80867,-1.21008,15.73,N20,D
2026-07-24T12:14:00.000Z,44.80894,-1.20087,37.62,N20,D
2026-07-24T12:14:00.000Z,44.81068,-1.20269,35.04,N20,D
2026-07-24T12:14:00.000Z,44.81091,-1.19343,24.96,N20,D
2026-07-24T12:14:00.000Z,44.81105,-1.09265,42.89,N20,D
2026-07-24T12:14:00.000Z,44.81268,-1.19527,35.04,N20,D
2026-07-24T12:14:00.000Z,44.81287,-1.18603,24.96,N20,D
2026-07-24T12:14:00.000Z,44.813,-1.08529,42.89,N20,D
2026-07-24T12:14:00.000Z,44.81404,-1.16148,25.59,N20,D
2026-07-24T12:14:00.000Z,44.81468,-1.1879,17.42,N20,D
2026-07-24T12:14:00.000Z,44.81495,-1.07795,43.53,N20,D
2026-07-24T12:14:00.000Z,44.81677,-1.17129,25.32,N20,D
2026-07-24T12:14:00.000Z,44.81689,-1.07061,43.53,N20,D
2026-07-24T12:14:00.000Z,44.81865,-1.17324,12.48,N20,D
2026-07-24T12:14:00.000Z,44.8196,-1.08037,43.53,N20,D
2026-07-24T12:14:00.000Z,44.82063,-1.16589,12.48,N20,D
2026-07-24T12:14:00.000Z,44.82154,-1.07304,43.53,N20,D
2026-07-24T12:14:00.000Z,44.82262,-1.15854,26.84,N20,D
2026-07-24T12:14:00.000Z,44.82338,-1.16637,20.7,N20,D
2026-07-24T12:14:00.000Z,44.82347,-1.0657,39.18,N20,D
2026-07-24T12:14:00.000Z,44.82542,-1.05835,39.18,N20,D
2026-07-24T12:14:00.000Z,44.82728,-1.15157,37.14,N20,D
2026-07-24T12:14:00.000Z,44.82812,-1.06812,69.45,N20,D
2026-07-24T12:14:00.000Z,44.82859,-1.13645,48.73,N20,D
2026-07-24T12:14:00.000Z,44.82923,-1.14418,37.14,N20,D
2026-07-24T12:14:00.000Z,44.82928,-1.15359,26.84,N20,D
2026-07-24T12:14:00.000Z,44.83007,-1.06077,69.45,N20,D
2026-07-24T12:14:00.000Z,44.83117,-1.13681,97.28,N20,D
2026-07-24T12:14:00.000Z,44.83126,-1.14623,48.73,N20,D
2026-07-24T12:14:00.000Z,44.83312,-1.12943,97.28,N20,D
2026-07-24T12:14:00.000Z,44.83324,-1.13889,48.73,N20,D
2026-07-24T12:14:00.000Z,44.83389,-1.14664,37.14,N20,D
2026-07-24T12:14:00.000Z,44.83471,-1.0632,69.45,N20,D
2026-07-24T12:14:00.000Z,44.83582,-1.13928,97.28,N20,D
2026-07-24T12:14:00.000Z,44.83592,-1.14868,174.89,N20,D
2026-07-24T12:14:00.000Z,44.83663,-1.05591,127.22,N20,D
2026-07-24T12:14:00.000Z,44.83789,-1.14135,174.89,N20,D
2026-07-24T12:14:00.000Z,44.83855,-1.14908,157.12,N20,D
2026-07-24T12:14:00.000Z,44.83855,-1.0486,127.22,N20,D
2026-07-24T12:14:00.000Z,44.83934,-1.06566,9.96,N20,D
2026-07-24T12:14:00.000Z,44.84048,-1.14171,106.4,N20,D
2026-07-24T12:14:00.000Z,44.84048,-1.04127,24.83,N20,D
2026-07-24T12:14:00.000Z,44.84127,-1.05833,21.98,N20,D
2026-07-24T12:14:00.000Z,44.8432,-1.05102,21.98,N20,D
2026-07-24T12:14:00.000Z,44.84513,-1.04367,18.01,N20,D
2026-07-24T12:14:00.000Z,44.84977,-1.0461,18.01,N20,D
2026-07-24T12:14:00.000Z,44.85168,-1.03882,18.01,N20,D
2026-07-24T12:14:00.000Z,44.85316,-1.12408,42.22,N20,D
2026-07-24T12:14:00.000Z,44.85368,-1.13181,63.82,N20,D
2026-07-24T12:14:00.000Z,44.85513,-1.11673,42.22,N20,D
2026-07-24T12:14:00.000Z,44.85561,-1.12444,63.82,N20,D
2026-07-24T12:14:00.000Z,44.85729,-1.16803,45.6,N20,D
2026-07-24T12:14:00.000Z,44.85754,-1.11708,44.66,N20,D
2026-07-24T12:14:00.000Z,44.85978,-1.11916,42.22,N20,D
2026-07-24T12:14:00.000Z,44.86141,-1.10233,80.25,N20,D
2026-07-24T12:14:00.000Z,44.86219,-1.11952,44.66,N20,D
2026-07-24T12:14:00.000Z,44.86372,-1.10445,189.19,N20,D
2026-07-24T12:14:00.000Z,44.86412,-1.11215,44.66,N20,D
2026-07-24T12:14:00.000Z,44.86525,-1.08765,45.67,N20,D
2026-07-24T12:14:00.000Z,44.86587,-1.15583,248.22,N20,D
2026-07-24T12:14:00.000Z,44.86605,-1.10477,80.25,N20,D
2026-07-24T12:14:00.000Z,44.8664,-1.11424,55.78,N20,D
2026-07-24T12:14:00.000Z,44.86797,-1.09744,80.25,N20,D
2026-07-24T12:14:00.000Z,44.86836,-1.1069,55.78,N20,D
2026-07-24T12:14:00.000Z,44.87033,-1.09958,46.99,N20,D
2026-07-24T12:14:00.000Z,44.87054,-1.15823,248.22,N20,D
2026-07-24T12:14:00.000Z,44.87301,-1.10933,55.78,N20,D
2026-07-24T12:14:00.000Z,44.8764,-1.13631,62.07,N20,D
2026-07-24T12:14:00.000Z,44.87693,-1.09469,46.99,N20,D
2026-07-24T12:14:00.000Z,44.87765,-1.11179,59.04,N20,D
2026-07-24T12:14:00.000Z,44.87961,-1.10445,38.28,N20,D
2026-07-24T12:14:00.000Z,44.88084,-1.08007,35.83,N20,D
2026-07-24T12:14:00.000Z,44.88157,-1.09712,38.28,N20,D
2026-07-24T12:14:00.000Z,44.88229,-1.11424,59.04,N20,D
2026-07-24T12:14:00.000Z,44.88279,-1.07274,30.79,N20,D
2026-07-24T12:14:00.000Z,44.88425,-1.10689,38.28,N20,D
2026-07-24T12:14:00.000Z,44.88443,-1.00734,9.25,N20,D
2026-07-24T12:14:00.000Z,44.88621,-1.09955,38.28,N20,D
2026-07-24T12:14:00.000Z,44.88625,-1.00729,8.29,N20,D
2026-07-24T12:14:00.000Z,44.88744,-1.07514,19.84,N20,D
2026-07-24T12:14:00.000Z,44.88816,-1.09225,61.23,N20,D
2026-07-24T12:14:00.000Z,44.88889,-1.10934,231.5,N20,D
2026-07-24T12:14:00.000Z,44.88938,-1.06786,19.84,N20,D
2026-07-24T12:14:00.000Z,44.89011,-1.08494,61.23,N20,D
2026-07-24T12:14:00.000Z,44.89085,-1.10201,231.5,N20,D
2026-07-24T12:14:00.000Z,44.89206,-1.07759,19.84,N20,D
2026-07-24T12:14:00.000Z,44.89277,-1.00244,16.31,N20,D
2026-07-24T12:14:00.000Z,44.8928,-1.0947,135.35,N20,D
2026-07-24T12:14:00.000Z,44.89352,-1.11181,231.5,N20,D
2026-07-24T12:14:00.000Z,44.89402,-1.07026,19.84,N20,D
2026-07-24T12:14:00.000Z,44.89474,-1.0874,135.35,N20,D
2026-07-24T12:14:00.000Z,44.89548,-1.10448,231.5,N20,D
2026-07-24T12:14:00.000Z,44.89561,-1.00493,35.12,N20,D
2026-07-24T12:14:00.000Z,44.89621,-1.12163,243.89,N20,D
2026-07-24T12:14:00.000Z,44.89669,-1.08005,99.98,N20,D
2026-07-24T12:14:00.000Z,44.89743,-1.09715,135.35,N20,D
2026-07-24T12:14:00.000Z,44.89754,-0.99767,19.96,N20,D
2026-07-24T12:14:00.000Z,44.89816,-1.11427,0.0,N20,D
2026-07-24T12:14:00.000Z,44.89865,-1.0727,99.98,N20,D
2026-07-24T12:14:00.000Z,44.89938,-1.08984,135.35,N20,D
2026-07-24T12:14:00.000Z,44.90012,-1.10693,0.0,N20,D
2026-07-24T12:14:00.000Z,44.90023,-1.00734,35.12,N20,D
2026-07-24T12:14:00.000Z,44.90059,-1.06543,48.24,N20,D
2026-07-24T12:14:00.000Z,44.90084,-1.12409,243.89,N20,D
2026-07-24T12:14:00.000Z,44.90133,-1.08249,99.98,N20,D
2026-07-24T12:14:00.000Z,44.90206,-1.0996,394.96,N20,D
2026-07-24T12:14:00.000Z,44.90252,-1.05817,48.24,N20,D
2026-07-24T12:14:00.000Z,44.9028,-1.11674,0.0,N20,D
2026-07-24T12:14:00.000Z,44.90327,-1.07516,99.98,N20,D
2026-07-24T12:14:00.000Z,44.90401,-1.09228,394.96,N20,D
2026-07-24T12:14:00.000Z,44.90475,-1.10939,0.0,N20,D
2026-07-24T12:14:00.000Z,44.90522,-1.06788,48.24,N20,D
2026-07-24T12:14:00.000Z,44.90596,-1.08495,335.72,N20,D
2026-07-24T12:14:00.000Z,44.9067,-1.10206,394.96,N20,D
2026-07-24T12:14:00.000Z,44.90715,-1.06061,48.24,N20,D
2026-07-24T12:14:00.000Z,44.90744,-1.11919,248.79,N20,D
2026-07-24T12:14:00.000Z,44.9079,-1.07765,335.72,N20,D
2026-07-24T12:14:00.000Z,44.90864,-1.09474,394.96,N20,D
2026-07-24T12:14:00.000Z,44.90939,-1.11183,248.79,N20,D
2026-07-24T12:14:00.000Z,44.90983,-1.07036,194.2,N20,D
2026-07-24T12:14:00.000Z,44.91058,-1.08743,335.72,N20,D
2026-07-24T12:14:00.000Z,44.911,-1.04611,52.56,N20,D
2026-07-24T12:14:00.000Z,44.91133,-1.1045,597.37,N20,D
2026-07-24T12:14:00.000Z,44.91176,-1.06311,194.2,N20,D
2026-07-24T12:14:00.000Z,44.91208,-1.12162,248.79,N20,D
2026-07-24T12:14:00.000Z,44.91402,-1.11429,248.79,N20,D
2026-07-24T12:14:00.000Z,44.91597,-1.10695,597.37,N20,D
2026-07-24T12:57:00.000Z,44.36637,-1.15394,28.72,N21,D
2026-07-24T12:57:00.000Z,44.36707,-1.14917,50.44,N21,D
2026-07-24T12:57:00.000Z,44.36777,-1.14439,50.44,N21,D
2026-07-24T12:57:00.000Z,44.36894,-1.15966,23.56,N21,D
2026-07-24T12:57:00.000Z,44.36964,-1.15488,23.56,N21,D
2026-07-24T12:57:00.000Z,44.37384,-1.12622,58.14,N21,D
2026-07-24T12:57:00.000Z,44.37454,-1.12144,122.4,N21,D
2026-07-24T12:57:00.000Z,44.37477,-1.16631,29.17,N21,D
2026-07-24T12:57:00.000Z,44.37524,-1.11666,122.4,N21,D
2026-07-24T12:57:00.000Z,44.37548,-1.16154,43.44,N21,D
2026-07-24T12:57:00.000Z,44.37781,-1.12238,122.4,N21,D
2026-07-24T12:57:00.000Z,44.37804,-1.16725,29.17,N21,D
2026-07-24T12:57:00.000Z,44.37851,-1.1176,122.4,N21,D
2026-07-24T12:57:00.000Z,44.38248,-1.11375,23.01,N21,D
2026-07-24T12:57:00.000Z,44.38575,-1.11468,23.01,N21,D
2026-07-24T12:57:00.000Z,44.38645,-1.1099,23.01,N21,D
2026-07-24T12:57:00.000Z,44.41145,-1.1021,64.72,N21,D
2026-07-24T12:57:00.000Z,44.41378,-1.13267,26.49,N21,D
2026-07-24T12:57:00.000Z,44.41401,-1.10782,31.96,N21,D
2026-07-24T12:57:00.000Z,44.42405,-1.15548,38.19,N21,D
2026-07-24T12:57:00.000Z,44.42476,-1.15069,38.19,N21,D
2026-07-24T12:57:00.000Z,44.42545,-1.14598,32.57,N21,D
2026-07-24T12:57:00.000Z,44.42615,-1.1412,32.57,N21,D
2026-07-24T12:57:00.000Z,44.42802,-1.15163,38.19,N21,D
2026-07-24T12:57:00.000Z,44.42826,-1.12685,15.14,N21,D
2026-07-24T12:57:00.000Z,44.42872,-1.14692,32.57,N21,D
2026-07-24T12:57:00.000Z,44.42942,-1.14214,32.57,N21,D
2026-07-24T12:57:00.000Z,44.43013,-1.13735,39.16,N21,D
2026-07-24T12:57:00.000Z,44.4313,-1.15257,16.99,N21,D
2026-07-24T12:57:00.000Z,44.43153,-1.12779,15.14,N21,D
2026-07-24T12:57:00.000Z,44.43199,-1.14786,52.73,N21,D
2026-07-24T12:57:00.000Z,44.43269,-1.14308,52.73,N21,D
2026-07-24T12:57:00.000Z,44.43339,-1.13829,59.64,N21,D
2026-07-24T12:57:00.000Z,44.4341,-1.13351,59.64,N21,D
2026-07-24T12:57:00.000Z,44.43596,-1.14401,52.73,N21,D
2026-07-24T12:57:00.000Z,44.43666,-1.13923,59.64,N21,D
2026-07-24T12:57:00.000Z,44.43737,-1.13444,59.64,N21,D
2026-07-24T12:57:00.000Z,44.44274,-1.12102,8.11,N21,D
2026-07-24T12:57:00.000Z,44.58133,-0.2219,5.67,N21,D
2026-07-24T12:57:00.000Z,44.78308,-0.18964,7.88,N21,D
2026-07-24T12:57:00.000Z,44.78364,-1.21996,12.64,N21,D
2026-07-24T12:57:00.000Z,44.78434,-1.21514,12.64,N21,D
2026-07-24T12:57:00.000Z,44.78505,-1.21033,7.73,N21,D
2026-07-24T12:57:00.000Z,44.78551,-1.23053,31.26,N21,D
2026-07-24T12:57:00.000Z,44.78575,-1.2055,7.73,N21,D
2026-07-24T12:57:00.000Z,44.78621,-1.22572,31.26,N21,D
2026-07-24T12:57:00.000Z,44.78645,-1.20068,92.93,N21,D
2026-07-24T12:57:00.000Z,44.78667,-1.12738,8.88,N21,D
2026-07-24T12:57:00.000Z,44.78691,-1.2209,12.64,N21,D
2026-07-24T12:57:00.000Z,44.78715,-1.19586,92.93,N21,D
2026-07-24T12:57:00.000Z,44.78737,-1.12256,72.37,N21,D
2026-07-24T12:57:00.000Z,44.78762,-1.21609,12.64,N21,D
2026-07-24T12:57:00.000Z,44.78786,-1.19104,22.81,N21,D
2026-07-24T12:57:00.000Z,44.78807,-1.11773,72.37,N21,D
2026-07-24T12:57:00.000Z,44.78856,-1.18622,22.81,N21,D
2026-07-24T12:57:00.000Z,44.78923,-1.13315,5.9,N21,D
2026-07-24T12:57:00.000Z,44.78926,-1.18139,89.69,N21,D
2026-07-24T12:57:00.000Z,44.78994,-1.12833,5.9,N21,D
2026-07-24T12:57:00.000Z,44.78996,-1.17657,89.69,N21,D
2026-07-24T12:57:00.000Z,44.79064,-1.1235,15.77,N21,D
2026-07-24T12:57:00.000Z,44.79135,-1.11867,15.77,N21,D
2026-07-24T12:57:00.000Z,44.79183,-1.18716,22.81,N21,D
2026-07-24T12:57:00.000Z,44.79205,-1.11385,69.75,N21,D
2026-07-24T12:57:00.000Z,44.79251,-1.13409,5.9,N21,D
2026-07-24T12:57:00.000Z,44.79253,-1.18234,89.69,N21,D
2026-07-24T12:57:00.000Z,44.79321,-1.12927,5.9,N21,D
2026-07-24T12:57:00.000Z,44.79323,-1.17751,89.69,N21,D
2026-07-24T12:57:00.000Z,44.79393,-1.17269,14.73,N21,D
2026-07-24T12:57:00.000Z,44.79462,-1.11962,15.77,N21,D
2026-07-24T12:57:00.000Z,44.79533,-1.11479,69.75,N21,D
2026-07-24T12:57:00.000Z,44.79906,-1.11382,7.31,N21,D
2026-07-24T12:57:00.000Z,44.8007,-1.21987,20.58,N21,D
2026-07-24T12:57:00.000Z,44.80164,-1.11959,20.18,N21,D
2026-07-24T12:57:00.000Z,44.8021,-1.21024,15.49,N21,D
2026-07-24T12:57:00.000Z,44.80234,-1.11476,7.31,N21,D
2026-07-24T12:57:00.000Z,44.80397,-1.22075,13.13,N21,D
2026-07-24T12:57:00.000Z,44.80443,-1.10027,12.22,N21,D
2026-07-24T12:57:00.000Z,44.80468,-1.21593,16.74,N21,D
2026-07-24T12:57:00.000Z,44.80538,-1.21111,16.74,N21,D
2026-07-24T12:57:00.000Z,44.80561,-1.1157,14.54,N21,D
2026-07-24T12:57:00.000Z,44.80608,-1.20628,18.13,N21,D
2026-07-24T12:57:00.000Z,44.80678,-1.20154,18.13,N21,D
2026-07-24T12:57:00.000Z,44.80748,-1.19672,19.03,N21,D
2026-07-24T12:57:00.000Z,44.80795,-1.21687,16.74,N21,D
2026-07-24T12:57:00.000Z,44.80819,-1.12147,14.84,N21,D
2026-07-24T12:57:00.000Z,44.80911,-1.09154,25.89,N21,D
2026-07-24T12:57:00.000Z,44.80935,-1.20723,18.13,N21,D
2026-07-24T12:57:00.000Z,44.81005,-1.20249,18.13,N21,D
2026-07-24T12:57:00.000Z,44.81075,-1.19766,19.03,N21,D
2026-07-24T12:57:00.000Z,44.81146,-1.19284,19.03,N21,D
2026-07-24T12:57:00.000Z,44.81216,-1.18802,18.93,N21,D
2026-07-24T12:57:00.000Z,44.81286,-1.18319,18.93,N21,D
2026-07-24T12:57:00.000Z,44.81308,-1.08765,86.35,N21,D
2026-07-24T12:57:00.000Z,44.81332,-1.20343,12.36,N21,D
2026-07-24T12:57:00.000Z,44.81378,-1.08282,86.35,N21,D
2026-07-24T12:57:00.000Z,44.81403,-1.19861,19.83,N21,D
2026-07-24T12:57:00.000Z,44.81448,-1.07798,117.86,N21,D
2026-07-24T12:57:00.000Z,44.81473,-1.19379,19.83,N21,D
2026-07-24T12:57:00.000Z,44.81684,-1.17931,11.6,N21,D
2026-07-24T12:57:00.000Z,44.81706,-1.08376,11.14,N21,D
2026-07-24T12:57:00.000Z,44.81754,-1.17448,11.6,N21,D
2026-07-24T12:57:00.000Z,44.81775,-1.07892,44.92,N21,D
2026-07-24T12:57:00.000Z,44.81845,-1.07409,44.92,N21,D
2026-07-24T12:57:00.000Z,44.81916,-1.06925,45.29,N21,D
2026-07-24T12:57:00.000Z,44.82151,-1.17059,23.47,N21,D
2026-07-24T12:57:00.000Z,44.82173,-1.07503,44.92,N21,D
2026-07-24T12:57:00.000Z,44.82243,-1.07019,45.29,N21,D
2026-07-24T12:57:00.000Z,44.82313,-1.06535,45.29,N21,D
2026-07-24T12:57:00.000Z,44.8264,-1.06629,25.58,N21,D
2026-07-24T12:57:00.000Z,44.8271,-1.06146,159.79,N21,D
2026-07-24T12:57:00.000Z,44.82898,-1.07207,25.58,N21,D
2026-07-24T12:57:00.000Z,44.829,-1.14256,22.88,N21,D
2026-07-24T12:57:00.000Z,44.82968,-1.06724,25.58,N21,D
2026-07-24T12:57:00.000Z,44.8297,-1.13773,22.88,N21,D
2026-07-24T12:57:00.000Z,44.83038,-1.0624,159.79,N21,D
2026-07-24T12:57:00.000Z,44.83157,-1.14834,159.09,N21,D
2026-07-24T12:57:00.000Z,44.83228,-1.14351,22.88,N21,D
2026-07-24T12:57:00.000Z,44.83298,-1.13868,22.88,N21,D
2026-07-24T12:57:00.000Z,44.83366,-1.06334,144.77,N21,D
2026-07-24T12:57:00.000Z,44.83368,-1.13385,42.06,N21,D
2026-07-24T12:57:00.000Z,44.83435,-1.0585,144.77,N21,D
2026-07-24T12:57:00.000Z,44.83485,-1.14928,50.6,N21,D
2026-07-24T12:57:00.000Z,44.83555,-1.14445,46.5,N21,D
2026-07-24T12:57:00.000Z,44.83625,-1.13962,46.5,N21,D
2026-07-24T12:57:00.000Z,44.83693,-1.06428,144.77,N21,D
2026-07-24T12:57:00.000Z,44.83695,-1.13479,247.07,N21,D
2026-07-24T12:57:00.000Z,44.83742,-1.15506,50.6,N21,D
2026-07-24T12:57:00.000Z,44.83763,-1.05944,144.77,N21,D
2026-07-24T12:57:00.000Z,44.83812,-1.15023,50.6,N21,D
2026-07-24T12:57:00.000Z,44.83833,-1.05459,147.11,N21,D
2026-07-24T12:57:00.000Z,44.83882,-1.14539,46.5,N21,D
2026-07-24T12:57:00.000Z,44.83903,-1.04975,147.11,N21,D
2026-07-24T12:57:00.000Z,44.83953,-1.14056,46.5,N21,D
2026-07-24T12:57:00.000Z,44.83973,-1.04491,28.01,N21,D
2026-07-24T12:57:00.000Z,44.84021,-1.06522,12.27,N21,D
2026-07-24T12:57:00.000Z,44.84069,-1.15601,40.8,N21,D
2026-07-24T12:57:00.000Z,44.84091,-1.06038,12.27,N21,D
2026-07-24T12:57:00.000Z,44.84139,-1.15117,40.8,N21,D
2026-07-24T12:57:00.000Z,44.84161,-1.05553,19.58,N21,D
2026-07-24T12:57:00.000Z,44.8421,-1.14634,123.15,N21,D
2026-07-24T12:57:00.000Z,44.8423,-1.05069,19.58,N21,D
2026-07-24T12:57:00.000Z,44.84301,-1.04585,23.74,N21,D
2026-07-24T12:57:00.000Z,44.84488,-1.05647,19.58,N21,D
2026-07-24T12:57:00.000Z,44.84558,-1.05164,19.58,N21,D
2026-07-24T12:57:00.000Z,44.84628,-1.0468,23.74,N21,D
2026-07-24T12:57:00.000Z,44.84956,-1.04773,37.91,N21,D
2026-07-24T12:57:00.000Z,44.85026,-1.04289,37.91,N21,D
2026-07-24T12:57:00.000Z,44.85354,-1.04383,37.91,N21,D
2026-07-24T12:57:00.000Z,44.85378,-1.15979,24.16,N21,D
2026-07-24T12:57:00.000Z,44.85402,-1.13468,72.83,N21,D
2026-07-24T12:57:00.000Z,44.85472,-1.12984,131.79,N21,D
2026-07-24T12:57:00.000Z,44.85494,-1.17523,14.87,N21,D
2026-07-24T12:57:00.000Z,44.85543,-1.12501,131.79,N21,D
2026-07-24T12:57:00.000Z,44.85564,-1.1704,34.04,N21,D
2026-07-24T12:57:00.000Z,44.85613,-1.12017,426.81,N21,D
2026-07-24T12:57:00.000Z,44.85635,-1.16557,34.04,N21,D
2026-07-24T12:57:00.000Z,44.8587,-1.12595,39.96,N21,D
2026-07-24T12:57:00.000Z,44.85892,-1.17135,18.0,N21,D
2026-07-24T12:57:00.000Z,44.85941,-1.12112,177.98,N21,D
2026-07-24T12:57:00.000Z,44.85962,-1.16651,18.0,N21,D
2026-07-24T12:57:00.000Z,44.8601,-1.11628,177.98,N21,D
2026-07-24T12:57:00.000Z,44.86033,-1.16168,23.95,N21,D
2026-07-24T12:57:00.000Z,44.86148,-1.17712,14.95,N21,D
2026-07-24T12:57:00.000Z,44.86219,-1.17229,18.0,N21,D
2026-07-24T12:57:00.000Z,44.86268,-1.12206,177.98,N21,D
2026-07-24T12:57:00.000Z,44.86289,-1.16746,18.0,N21,D
2026-07-24T12:57:00.000Z,44.86292,-1.09694,152.11,N21,D
2026-07-24T12:57:00.000Z,44.8636,-1.16262,23.95,N21,D
2026-07-24T12:57:00.000Z,44.86362,-1.0921,79.11,N21,D
2026-07-24T12:57:00.000Z,44.86431,-1.15779,23.95,N21,D
2026-07-24T12:57:00.000Z,44.86501,-1.15295,57.54,N21,D
2026-07-24T12:57:00.000Z,44.86546,-1.17324,29.41,N21,D
2026-07-24T12:57:00.000Z,44.86549,-1.10272,152.11,N21,D
2026-07-24T12:57:00.000Z,44.86617,-1.1684,29.41,N21,D
2026-07-24T12:57:00.000Z,44.86619,-1.09788,152.11,N21,D
2026-07-24T12:57:00.000Z,44.86687,-1.16357,50.38,N21,D
2026-07-24T12:57:00.000Z,44.86689,-1.09304,79.11,N21,D
2026-07-24T12:57:00.000Z,44.86757,-1.15873,50.38,N21,D
2026-07-24T12:57:00.000Z,44.86806,-1.1085,49.21,N21,D
2026-07-24T12:57:00.000Z,44.86828,-1.1539,51.85,N21,D
2026-07-24T12:57:00.000Z,44.86876,-1.10366,40.9,N21,D
2026-07-24T12:57:00.000Z,44.86898,-1.14907,51.85,N21,D
2026-07-24T12:57:00.000Z,44.86944,-1.16935,29.41,N21,D
2026-07-24T12:57:00.000Z,44.87014,-1.16451,50.38,N21,D
2026-07-24T12:57:00.000Z,44.87085,-1.15968,50.38,N21,D
2026-07-24T12:57:00.000Z,44.87133,-1.10944,49.21,N21,D
2026-07-24T12:57:00.000Z,44.87155,-1.15485,51.85,N21,D
2026-07-24T12:57:00.000Z,44.87204,-1.1046,40.9,N21,D
2026-07-24T12:57:00.000Z,44.87296,-1.14517,47.01,N21,D
2026-07-24T12:57:00.000Z,44.87342,-1.16546,64.86,N21,D
2026-07-24T12:57:00.000Z,44.87412,-1.16062,64.86,N21,D
2026-07-24T12:57:00.000Z,44.87461,-1.11038,35.89,N21,D
2026-07-24T12:57:00.000Z,44.87598,-1.17124,36.12,N21,D
2026-07-24T12:57:00.000Z,44.87672,-1.09586,13.91,N21,D
2026-07-24T12:57:00.000Z,44.87788,-1.11132,35.89,N21,D
2026-07-24T12:57:00.000Z,44.87882,-1.08134,14.17,N21,D
2026-07-24T12:57:00.000Z,44.87999,-1.09681,13.91,N21,D
2026-07-24T12:57:00.000Z,44.88046,-1.1171,21.74,N21,D
2026-07-24T12:57:00.000Z,44.8807,-1.09196,13.91,N21,D
2026-07-24T12:57:00.000Z,44.88092,-1.13739,27.43,N21,D
2026-07-24T12:57:00.000Z,44.88116,-1.11226,21.74,N21,D
2026-07-24T12:57:00.000Z,44.8814,-1.08712,14.17,N21,D
2026-07-24T12:57:00.000Z,44.88162,-1.13255,27.43,N21,D
2026-07-24T12:57:00.000Z,44.88186,-1.10742,23.8,N21,D
2026-07-24T12:57:00.000Z,44.88208,-1.15284,33.49,N21,D
2026-07-24T12:57:00.000Z,44.88233,-1.12771,36.01,N21,D
2026-07-24T12:57:00.000Z,44.88256,-1.10259,23.8,N21,D
2026-07-24T12:57:00.000Z,44.8828,-1.07744,29.55,N21,D
2026-07-24T12:57:00.000Z,44.88303,-1.12288,36.01,N21,D
2026-07-24T12:57:00.000Z,44.88327,-1.09775,17.87,N21,D
2026-07-24T12:57:00.000Z,44.88443,-1.1132,21.74,N21,D
2026-07-24T12:57:00.000Z,44.8849,-1.13349,81.17,N21,D
2026-07-24T12:57:00.000Z,44.88514,-1.10837,23.8,N21,D
2026-07-24T12:57:00.000Z,44.88584,-1.10353,23.8,N21,D
2026-07-24T12:57:00.000Z,44.88606,-1.00771,13.34,N21,D
2026-07-24T12:57:00.000Z,44.88608,-1.07838,8.66,N21,D
2026-07-24T12:57:00.000Z,44.8863,-1.12382,196.32,N21,D
2026-07-24T12:57:00.000Z,44.88654,-1.09869,17.87,N21,D
2026-07-24T12:57:00.000Z,44.88678,-1.07354,8.66,N21,D
2026-07-24T12:57:00.000Z,44.88725,-1.09385,17.87,N21,D
2026-07-24T12:57:00.000Z,44.88749,-1.0687,13.22,N21,D
2026-07-24T12:57:00.000Z,44.88771,-1.11415,56.38,N21,D
2026-07-24T12:57:00.000Z,44.88841,-1.10931,105.16,N21,D
2026-07-24T12:57:00.000Z,44.88865,-1.08417,32.75,N21,D
2026-07-24T12:57:00.000Z,44.88887,-1.1296,196.32,N21,D
2026-07-24T12:57:00.000Z,44.88912,-1.10447,105.16,N21,D
2026-07-24T12:57:00.000Z,44.88935,-1.07933,8.66,N21,D
2026-07-24T12:57:00.000Z,44.89006,-1.07448,8.66,N21,D
2026-07-24T12:57:00.000Z,44.89052,-1.09479,76.67,N21,D
2026-07-24T12:57:00.000Z,44.89076,-1.06964,13.22,N21,D
2026-07-24T12:57:00.000Z,44.89123,-1.08995,38.2,N21,D
2026-07-24T12:57:00.000Z,44.89169,-1.11025,105.16,N21,D
2026-07-24T12:57:00.000Z,44.89193,-1.0851,38.2,N21,D
2026-07-24T12:57:00.000Z,44.89239,-1.10541,105.16,N21,D
2026-07-24T12:57:00.000Z,44.89263,-1.08026,17.39,N21,D
2026-07-24T12:57:00.000Z,44.89331,-1.00474,15.53,N21,D
2026-07-24T12:57:00.000Z,44.89333,-1.07542,17.39,N21,D
2026-07-24T12:57:00.000Z,44.8938,-1.09573,76.67,N21,D
2026-07-24T12:57:00.000Z,44.89404,-1.07058,15.74,N21,D
2026-07-24T12:57:00.000Z,44.89426,-1.11603,91.9,N21,D
2026-07-24T12:57:00.000Z,44.8945,-1.09089,38.2,N21,D
2026-07-24T12:57:00.000Z,44.89496,-1.11119,96.79,N21,D
2026-07-24T12:57:00.000Z,44.89521,-1.08604,38.2,N21,D
2026-07-24T12:57:00.000Z,44.89567,-1.10635,96.79,N21,D
2026-07-24T12:57:00.000Z,44.89591,-1.0812,17.39,N21,D
2026-07-24T12:57:00.000Z,44.89637,-1.10151,66.71,N21,D
2026-07-24T12:57:00.000Z,44.8966,-1.00568,16.85,N21,D
2026-07-24T12:57:00.000Z,44.89661,-1.07636,17.39,N21,D
2026-07-24T12:57:00.000Z,44.89707,-1.09667,66.71,N21,D
2026-07-24T12:57:00.000Z,44.8973,-1.00082,11.78,N21,D
2026-07-24T12:57:00.000Z,44.89731,-1.07152,15.74,N21,D
2026-07-24T12:57:00.000Z,44.89753,-1.11697,91.9,N21,D
2026-07-24T12:57:00.000Z,44.89778,-1.09183,57.21,N21,D
2026-07-24T12:57:00.000Z,44.89824,-1.11213,96.79,N21,D
2026-07-24T12:57:00.000Z,44.89848,-1.08699,57.21,N21,D
2026-07-24T12:57:00.000Z,44.89848,-1.01632,25.85,N21,D
2026-07-24T12:57:00.000Z,44.89894,-1.10729,96.79,N21,D
2026-07-24T12:57:00.000Z,44.89917,-1.01147,16.85,N21,D
2026-07-24T12:57:00.000Z,44.89919,-1.08214,39.97,N21,D
2026-07-24T12:57:00.000Z,44.89965,-1.10245,66.71,N21,D
2026-07-24T12:57:00.000Z,44.89988,-1.0773,39.97,N21,D
2026-07-24T12:57:00.000Z,44.89988,-1.00661,16.85,N21,D
2026-07-24T12:57:00.000Z,44.9001,-1.12275,132.19,N21,D
2026-07-24T12:57:00.000Z,44.90035,-1.09761,66.71,N21,D
2026-07-24T12:57:00.000Z,44.90057,-1.00176,11.78,N21,D
2026-07-24T12:57:00.000Z,44.90059,-1.07246,14.51,N21,D
2026-07-24T12:57:00.000Z,44.90081,-1.11791,132.19,N21,D
2026-07-24T12:57:00.000Z,44.90105,-1.09277,57.21,N21,D
2026-07-24T12:57:00.000Z,44.90129,-1.06762,14.51,N21,D
2026-07-24T12:57:00.000Z,44.90151,-1.11307,171.57,N21,D
2026-07-24T12:57:00.000Z,44.90175,-1.01725,12.52,N21,D
2026-07-24T12:57:00.000Z,44.90176,-1.08793,57.21,N21,D
2026-07-24T12:57:00.000Z,44.90199,-1.06277,17.35,N21,D
2026-07-24T12:57:00.000Z,44.90222,-1.10823,171.57,N21,D
2026-07-24T12:57:00.000Z,44.90246,-1.08309,39.97,N21,D
2026-07-24T12:57:00.000Z,44.90292,-1.10339,67.48,N21,D
2026-07-24T12:57:00.000Z,44.90316,-1.07824,39.97,N21,D
2026-07-24T12:57:00.000Z,44.9034,-1.05307,16.19,N21,D
2026-07-24T12:57:00.000Z,44.90363,-1.09855,67.48,N21,D
2026-07-24T12:57:00.000Z,44.90386,-1.0734,14.51,N21,D
2026-07-24T12:57:00.000Z,44.90408,-1.11885,132.19,N21,D
2026-07-24T12:57:00.000Z,44.90433,-1.09371,67.83,N21,D
2026-07-24T12:57:00.000Z,44.90457,-1.06855,14.51,N21,D
2026-07-24T12:57:00.000Z,44.90479,-1.11402,171.57,N21,D
2026-07-24T12:57:00.000Z,44.90503,-1.08887,67.83,N21,D
2026-07-24T12:57:00.000Z,44.90527,-1.06371,17.35,N21,D
2026-07-24T12:57:00.000Z,44.90574,-1.08403,58.96,N21,D
2026-07-24T12:57:00.000Z,44.9062,-1.10433,67.48,N21,D
2026-07-24T12:57:00.000Z,44.90644,-1.07918,58.96,N21,D
2026-07-24T12:57:00.000Z,44.9069,-1.09949,67.48,N21,D
2026-07-24T12:57:00.000Z,44.90714,-1.07434,130.22,N21,D
2026-07-24T12:57:00.000Z,44.90738,-1.04916,16.19,N21,D
2026-07-24T12:57:00.000Z,44.9076,-1.09465,67.83,N21,D
2026-07-24T12:57:00.000Z,44.90784,-1.06949,130.22,N21,D
2026-07-24T12:57:00.000Z,44.90831,-1.08981,67.83,N21,D
2026-07-24T12:57:00.000Z,44.90842,-1.11266,200.55,N21,D
2026-07-24T12:57:00.000Z,44.90855,-1.06464,174.99,N21,D
2026-07-24T12:57:00.000Z,44.90901,-1.08496,58.96,N21,D
2026-07-24T12:57:00.000Z,44.90911,-1.10781,200.55,N21,D
2026-07-24T12:57:00.000Z,44.90972,-1.08012,58.96,N21,D
2026-07-24T12:57:00.000Z,44.90982,-1.10297,118.04,N21,D
2026-07-24T12:57:00.000Z,44.90995,-1.05495,306.89,N21,D
2026-07-24T12:57:00.000Z,44.91042,-1.07527,130.22,N21,D
2026-07-24T12:57:00.000Z,44.91051,-1.09812,118.04,N21,D
2026-07-24T12:57:00.000Z,44.91066,-1.0501,306.89,N21,D
2026-07-24T12:57:00.000Z,44.91112,-1.07043,130.22,N21,D
2026-07-24T12:57:00.000Z,44.91121,-1.09328,183.16,N21,D
2026-07-24T12:57:00.000Z,44.91169,-1.1136,200.55,N21,D
2026-07-24T12:57:00.000Z,44.91182,-1.06558,174.99,N21,D
2026-07-24T12:57:00.000Z,44.91191,-1.08843,183.16,N21,D
2026-07-24T12:57:00.000Z,44.9124,-1.10876,200.55,N21,D
2026-07-24T12:57:00.000Z,44.91261,-1.08359,0.0,N21,D
2026-07-24T12:57:00.000Z,44.91309,-1.10391,118.04,N21,D
2026-07-24T12:57:00.000Z,44.91331,-1.07874,0.0,N21,D
2026-07-24T12:57:00.000Z,44.91379,-1.09907,118.04,N21,D
2026-07-24T12:57:00.000Z,44.91401,-1.07389,0.0,N21,D
2026-07-24T12:57:00.000Z,44.91449,-1.09422,183.16,N21,D
2026-07-24T12:57:00.000Z,44.91471,-1.06904,0.0,N21,D
2026-07-24T12:57:00.000Z,44.91497,-1.11454,347.03,N21,D
2026-07-24T12:57:00.000Z,44.91519,-1.08937,183.16,N21,D
2026-07-24T12:57:00.000Z,44.91567,-1.1097,347.03,N21,D
2026-07-24T12:57:00.000Z,44.91589,-1.08453,0.0,N21,D
2026-07-24T12:57:00.000Z,44.91637,-1.10485,574.0,N21,D
2026-07-24T12:57:00.000Z,44.91659,-1.07968,0.0,N21,D
2026-07-24T12:57:00.000Z,44.91707,-1.10001,574.0,N21,D
2026-07-24T12:57:00.000Z,44.91729,-1.07483,0.0,N21,D
2026-07-24T12:57:00.000Z,44.91777,-1.09516,0.0,N21,D
2026-07-24T12:57:00.000Z,44.91846,-1.09032,0.0,N21,D
2026-07-24T12:57:00.000Z,44.91917,-1.08547,0.0,N21,D
2026-07-24T12:57:00.000Z,44.91986,-1.08062,0.0,N21,D
2026-07-24T12:57:00.000Z,44.92175,-1.09126,0.0,N21,D
2026-07-24T12:57:00.000Z,44.92244,-1.08641,0.0,N21,D
2026-07-24T12:57:00.000Z,44.92314,-1.08156,0.0,N21,D
2026-07-24T12:57:00.000Z,44.92432,-1.09705,0.0,N21,D
2026-07-24T12:57:00.000Z,44.92502,-1.0922,0.0,N21,D
2026-07-24T12:57:00.000Z,44.92572,-1.08736,20.81,N21,D
2026-07-24T12:57:00.000Z,44.9262,-1.10768,1158.52,N21,D
2026-07-24T12:57:00.000Z,44.92642,-1.08251,20.81,N21,D
2026-07-24T12:57:00.000Z,44.9283,-1.09315,0.0,N21,D
2026-07-24T12:57:00.000Z,44.929,-1.0883,20.81,N21,D
2026-07-24T12:57:00.000Z,44.92947,-1.10863,10.26,N21,D
2026-07-24T12:57:00.000Z,44.93017,-1.10378,10.26,N21,D
2026-07-24T12:57:00.000Z,44.93087,-1.09894,11.17,N21,D
2026-07-24T12:57:00.000Z,44.93157,-1.09409,11.17,N21,D
2026-07-24T13:33:00.000Z,44.36623,-1.1536,41.45,N,D
2026-07-24T13:33:00.000Z,44.36668,-1.14849,41.45,N,D
2026-07-24T13:33:00.000Z,44.36713,-1.14336,60.48,N,D
2026-07-24T13:33:00.000Z,44.36989,-1.15944,19.69,N,D
2026-07-24T13:33:00.000Z,44.37034,-1.15434,14.13,N,D
2026-07-24T13:33:00.000Z,44.3708,-1.14922,14.13,N,D
2026-07-24T13:33:00.000Z,44.37306,-1.12361,36.0,N,D
2026-07-24T13:33:00.000Z,44.37352,-1.11847,36.0,N,D
2026-07-24T13:33:00.000Z,44.37397,-1.11335,73.11,N,D
2026-07-24T13:33:00.000Z,44.37401,-1.16017,19.69,N,D
2026-07-24T13:33:00.000Z,44.37442,-1.10822,73.11,N,D
2026-07-24T13:33:00.000Z,44.37719,-1.12433,36.0,N,D
2026-07-24T13:33:00.000Z,44.37722,-1.17109,8.22,N,D
2026-07-24T13:33:00.000Z,44.37764,-1.1192,36.0,N,D
2026-07-24T13:33:00.000Z,44.37767,-1.16599,22.11,N,D
2026-07-24T13:33:00.000Z,44.37809,-1.11407,73.11,N,D
2026-07-24T13:33:00.000Z,44.37855,-1.10894,73.11,N,D
2026-07-24T13:33:00.000Z,44.38223,-1.11478,12.57,N,D
2026-07-24T13:33:00.000Z,44.38268,-1.10964,12.57,N,D
2026-07-24T13:33:00.000Z,44.38316,-1.15139,19.73,N,D
2026-07-24T13:33:00.000Z,44.38681,-1.11036,12.57,N,D
2026-07-24T13:33:00.000Z,44.38726,-1.10523,5.9,N,D
2026-07-24T13:33:00.000Z,44.38957,-1.12649,10.57,N,D
2026-07-24T13:33:00.000Z,44.39369,-1.12721,10.57,N,D
2026-07-24T13:33:00.000Z,44.40057,-1.14401,13.35,N,D
2026-07-24T13:33:00.000Z,44.40379,-1.10806,9.56,N,D
2026-07-24T13:33:00.000Z,44.40561,-1.13447,11.1,N,D
2026-07-24T13:33:00.000Z,44.40839,-1.1036,10.86,N,D
2026-07-24T13:33:00.000Z,44.40885,-1.09844,21.04,N,D
2026-07-24T13:33:00.000Z,44.40974,-1.13517,11.1,N,D
2026-07-24T13:33:00.000Z,44.41206,-1.10948,10.86,N,D
2026-07-24T13:33:00.000Z,44.41248,-1.15123,36.5,N,D
2026-07-24T13:33:00.000Z,44.41252,-1.10432,10.86,N,D
2026-07-24T13:33:00.000Z,44.41298,-1.09915,21.04,N,D
2026-07-24T13:33:00.000Z,44.41387,-1.13586,16.26,N,D
2026-07-24T13:33:00.000Z,44.41433,-1.13074,17.6,N,D
2026-07-24T13:33:00.000Z,44.4166,-1.15193,36.5,N,D
2026-07-24T13:33:00.000Z,44.42032,-1.1109,12.55,N,D
2026-07-24T13:33:00.000Z,44.42073,-1.15263,18.64,N,D
2026-07-24T13:33:00.000Z,44.42119,-1.14749,18.64,N,D
2026-07-24T13:33:00.000Z,44.42166,-1.14237,16.0,N,D
2026-07-24T13:33:00.000Z,44.42445,-1.11158,8.64,N,D
2026-07-24T13:33:00.000Z,44.42485,-1.15333,18.64,N,D
2026-07-24T13:33:00.000Z,44.42532,-1.1482,18.64,N,D
2026-07-24T13:33:00.000Z,44.42579,-1.14308,16.0,N,D
2026-07-24T13:33:00.000Z,44.42625,-1.13795,16.0,N,D
2026-07-24T13:33:00.000Z,44.42719,-1.12768,18.79,N,D
2026-07-24T13:33:00.000Z,44.42859,-1.11225,8.64,N,D
2026-07-24T13:33:00.000Z,44.42898,-1.15403,18.66,N,D
2026-07-24T13:33:00.000Z,44.42944,-1.14891,18.66,N,D
2026-07-24T13:33:00.000Z,44.42991,-1.14378,35.09,N,D
2026-07-24T13:33:00.000Z,44.43038,-1.13865,35.09,N,D
2026-07-24T13:33:00.000Z,44.43085,-1.13351,18.18,N,D
2026-07-24T13:33:00.000Z,44.43132,-1.12837,18.18,N,D
2026-07-24T13:33:00.000Z,44.43179,-1.12324,16.18,N,D
2026-07-24T13:33:00.000Z,44.43357,-1.14961,18.66,N,D
2026-07-24T13:33:00.000Z,44.43404,-1.14448,35.09,N,D
2026-07-24T13:33:00.000Z,44.43451,-1.13935,35.09,N,D
2026-07-24T13:33:00.000Z,44.43498,-1.13422,18.18,N,D
2026-07-24T13:33:00.000Z,44.43545,-1.12907,18.18,N,D
2026-07-24T13:33:00.000Z,44.43816,-1.14518,22.95,N,D
2026-07-24T13:33:00.000Z,44.43863,-1.14006,22.95,N,D
2026-07-24T13:33:00.000Z,44.43911,-1.13493,26.8,N,D
2026-07-24T13:33:00.000Z,44.44052,-1.1195,6.74,N,D
2026-07-24T13:33:00.000Z,44.7781,-0.19113,18.32,N,D
2026-07-24T13:33:00.000Z,44.77856,-0.1853,24.3,N,D
2026-07-24T13:33:00.000Z,44.7811,-1.22515,9.12,N,D
2026-07-24T13:33:00.000Z,44.7813,-1.11151,2.73,N,D
2026-07-24T13:33:00.000Z,44.78155,-1.21999,9.12,N,D
2026-07-24T13:33:00.000Z,44.78177,-1.10628,2.73,N,D
2026-07-24T13:33:00.000Z,44.78232,-1.11434,166.46,N,D
2026-07-24T13:33:00.000Z,44.78244,-0.19187,18.32,N,D
2026-07-24T13:33:00.000Z,44.78277,-1.10912,185.17,N,D
2026-07-24T13:33:00.000Z,44.78321,-1.10388,185.17,N,D
2026-07-24T13:33:00.000Z,44.78336,-1.19928,29.32,N,D
2026-07-24T13:33:00.000Z,44.78382,-1.19407,34.38,N,D
2026-07-24T13:33:00.000Z,44.78478,-1.23099,5.48,N,D
2026-07-24T13:33:00.000Z,44.78523,-1.22586,9.12,N,D
2026-07-24T13:33:00.000Z,44.78556,-1.12551,8.11,N,D
2026-07-24T13:33:00.000Z,44.78563,-1.1732,59.26,N,D
2026-07-24T13:33:00.000Z,44.78568,-1.22071,9.12,N,D
2026-07-24T13:33:00.000Z,44.78601,-1.12028,166.46,N,D
2026-07-24T13:33:00.000Z,44.78613,-1.21557,30.42,N,D
2026-07-24T13:33:00.000Z,44.78646,-1.11505,166.46,N,D
2026-07-24T13:33:00.000Z,44.78658,-1.21041,30.42,N,D
2026-07-24T13:33:00.000Z,44.78691,-1.10982,185.17,N,D
2026-07-24T13:33:00.000Z,44.78704,-1.20521,29.32,N,D
2026-07-24T13:33:00.000Z,44.78737,-1.1046,185.17,N,D
2026-07-24T13:33:00.000Z,44.78749,-1.2,29.32,N,D
2026-07-24T13:33:00.000Z,44.78782,-1.09935,10.22,N,D
2026-07-24T13:33:00.000Z,44.78795,-1.19479,34.38,N,D
2026-07-24T13:33:00.000Z,44.7884,-1.1896,34.38,N,D
2026-07-24T13:33:00.000Z,44.78886,-1.18439,50.61,N,D
2026-07-24T13:33:00.000Z,44.78926,-1.13145,8.92,N,D
2026-07-24T13:33:00.000Z,44.78931,-1.17915,50.61,N,D
2026-07-24T13:33:00.000Z,44.78971,-1.12623,8.92,N,D
2026-07-24T13:33:00.000Z,44.78977,-1.17393,59.26,N,D
2026-07-24T13:33:00.000Z,44.79016,-1.121,45.95,N,D
2026-07-24T13:33:00.000Z,44.79023,-1.16871,59.26,N,D
2026-07-24T13:33:00.000Z,44.79062,-1.11578,45.95,N,D
2026-07-24T13:33:00.000Z,44.79107,-1.11054,249.54,N,D
2026-07-24T13:33:00.000Z,44.79152,-1.10531,249.54,N,D
2026-07-24T13:33:00.000Z,44.79197,-1.10007,9.22,N,D
2026-07-24T13:33:00.000Z,44.79242,-1.09483,9.22,N,D
2026-07-24T13:33:00.000Z,44.79345,-1.17989,6.69,N,D
2026-07-24T13:33:00.000Z,44.79431,-1.12173,45.95,N,D
2026-07-24T13:33:00.000Z,44.79436,-1.16945,114.06,N,D
2026-07-24T13:33:00.000Z,44.79476,-1.1165,45.95,N,D
2026-07-24T13:33:00.000Z,44.79522,-1.11126,249.54,N,D
2026-07-24T13:33:00.000Z,44.79567,-1.10602,249.54,N,D
2026-07-24T13:33:00.000Z,44.79613,-1.10079,9.22,N,D
2026-07-24T13:33:00.000Z,44.80265,-1.21844,10.32,N,D
2026-07-24T13:33:00.000Z,44.8031,-1.21329,10.32,N,D
2026-07-24T13:33:00.000Z,44.80356,-1.20811,14.55,N,D
2026-07-24T13:33:00.000Z,44.80677,-1.21915,6.35,N,D
2026-07-24T13:33:00.000Z,44.80723,-1.21401,6.35,N,D
2026-07-24T13:33:00.000Z,44.80769,-1.20883,10.65,N,D
2026-07-24T13:33:00.000Z,44.80815,-1.20364,10.65,N,D
2026-07-24T13:33:00.000Z,44.80861,-1.19844,12.25,N,D
2026-07-24T13:33:00.000Z,44.80907,-1.19323,12.25,N,D
2026-07-24T13:33:00.000Z,44.8095,-1.09245,78.29,N,D
2026-07-24T13:33:00.000Z,44.80953,-1.18802,7.79,N,D
2026-07-24T13:33:00.000Z,44.80996,-1.0872,78.29,N,D
2026-07-24T13:33:00.000Z,44.80999,-1.18281,7.79,N,D
2026-07-24T13:33:00.000Z,44.81041,-1.08194,171.07,N,D
2026-07-24T13:33:00.000Z,44.81087,-1.07669,171.07,N,D
2026-07-24T13:33:00.000Z,44.81133,-1.07143,104.38,N,D
2026-07-24T13:33:00.000Z,44.81178,-1.06618,104.38,N,D
2026-07-24T13:33:00.000Z,44.81228,-1.20435,10.65,N,D
2026-07-24T13:33:00.000Z,44.81274,-1.19916,12.25,N,D
2026-07-24T13:33:00.000Z,44.81321,-1.19396,12.25,N,D
2026-07-24T13:33:00.000Z,44.81367,-1.18875,7.79,N,D
2026-07-24T13:33:00.000Z,44.81411,-1.08793,78.29,N,D
2026-07-24T13:33:00.000Z,44.81413,-1.18353,7.79,N,D
2026-07-24T13:33:00.000Z,44.81503,-1.07741,171.07,N,D
2026-07-24T13:33:00.000Z,44.81549,-1.07215,104.38,N,D
2026-07-24T13:33:00.000Z,44.81594,-1.06688,104.38,N,D
2026-07-24T13:33:00.000Z,44.8164,-1.06162,11.13,N,D
2026-07-24T13:33:00.000Z,44.81919,-1.17376,8.71,N,D
2026-07-24T13:33:00.000Z,44.81919,-1.07813,47.64,N,D
2026-07-24T13:33:00.000Z,44.81964,-1.07286,146.88,N,D
2026-07-24T13:33:00.000Z,44.8201,-1.06759,146.88,N,D
2026-07-24T13:33:00.000Z,44.82056,-1.06233,103.23,N,D
2026-07-24T13:33:00.000Z,44.82102,-1.05707,103.23,N,D
2026-07-24T13:33:00.000Z,44.82427,-1.06831,146.88,N,D
2026-07-24T13:33:00.000Z,44.82473,-1.1588,7.16,N,D
2026-07-24T13:33:00.000Z,44.82473,-1.06305,103.23,N,D
2026-07-24T13:33:00.000Z,44.82519,-1.05779,103.23,N,D
2026-07-24T13:33:00.000Z,44.82565,-1.05251,6.99,N,D
2026-07-24T13:33:00.000Z,44.82843,-1.06903,10.72,N,D
2026-07-24T13:33:00.000Z,44.82889,-1.06378,108.69,N,D
2026-07-24T13:33:00.000Z,44.82935,-1.05851,108.69,N,D
2026-07-24T13:33:00.000Z,44.8298,-1.14908,28.81,N,D
2026-07-24T13:33:00.000Z,44.82981,-1.05323,29.05,N,D
2026-07-24T13:33:00.000Z,44.83026,-1.14384,28.81,N,D
2026-07-24T13:33:00.000Z,44.83073,-1.13861,19.28,N,D
2026-07-24T13:33:00.000Z,44.83119,-1.13338,19.28,N,D
2026-07-24T13:33:00.000Z,44.83305,-1.06449,108.69,N,D
2026-07-24T13:33:00.000Z,44.83351,-1.05921,108.69,N,D
2026-07-24T13:33:00.000Z,44.83394,-1.14978,28.81,N,D
2026-07-24T13:33:00.000Z,44.83398,-1.05392,29.05,N,D
2026-07-24T13:33:00.000Z,44.83487,-1.13931,19.28,N,D
2026-07-24T13:33:00.000Z,44.83533,-1.13409,19.28,N,D
2026-07-24T13:33:00.000Z,44.83721,-1.06519,98.6,N,D
2026-07-24T13:33:00.000Z,44.83761,-1.15578,18.68,N,D
2026-07-24T13:33:00.000Z,44.83809,-1.1505,68.48,N,D
2026-07-24T13:33:00.000Z,44.83814,-1.05462,52.96,N,D
2026-07-24T13:33:00.000Z,44.83855,-1.14524,68.48,N,D
2026-07-24T13:33:00.000Z,44.8386,-1.04935,52.96,N,D
2026-07-24T13:33:00.000Z,44.83902,-1.14002,69.16,N,D
2026-07-24T13:33:00.000Z,44.83907,-1.04407,11.2,N,D
2026-07-24T13:33:00.000Z,44.83949,-1.1348,69.16,N,D
2026-07-24T13:33:00.000Z,44.84176,-1.1565,18.68,N,D
2026-07-24T13:33:00.000Z,44.8423,-1.05534,52.96,N,D
2026-07-24T13:33:00.000Z,44.84277,-1.05007,52.96,N,D
2026-07-24T13:33:00.000Z,44.84324,-1.0448,11.2,N,D
2026-07-24T13:33:00.000Z,44.84693,-1.05079,6.12,N,D
2026-07-24T13:33:00.000Z,44.8474,-1.04552,19.03,N,D
2026-07-24T13:33:00.000Z,44.84787,-1.04021,19.03,N,D
2026-07-24T13:33:00.000Z,44.85204,-1.04092,19.03,N,D
2026-07-24T13:33:00.000Z,44.85239,-1.13174,72.86,N,D
2026-07-24T13:33:00.000Z,44.8525,-1.03562,15.75,N,D
2026-07-24T13:33:00.000Z,44.85286,-1.1265,72.86,N,D
2026-07-24T13:33:00.000Z,44.85324,-1.16915,21.37,N,D
2026-07-24T13:33:00.000Z,44.85333,-1.12126,218.44,N,D
2026-07-24T13:33:00.000Z,44.85371,-1.1639,44.82,N,D
2026-07-24T13:33:00.000Z,44.8538,-1.11602,218.44,N,D
2026-07-24T13:33:00.000Z,44.85474,-1.10551,129.39,N,D
2026-07-24T13:33:00.000Z,44.85701,-1.12722,24.33,N,D
2026-07-24T13:33:00.000Z,44.85738,-1.16986,21.37,N,D
2026-07-24T13:33:00.000Z,44.85749,-1.12198,70.46,N,D
2026-07-24T13:33:00.000Z,44.85796,-1.11673,70.46,N,D
2026-07-24T13:33:00.000Z,44.85842,-1.11149,129.44,N,D
2026-07-24T13:33:00.000Z,44.85889,-1.10624,129.44,N,D
2026-07-24T13:33:00.000Z,44.85936,-1.10099,92.05,N,D
2026-07-24T13:33:00.000Z,44.86105,-1.17582,21.29,N,D
2026-07-24T13:33:00.000Z,44.86152,-1.17059,21.29,N,D
2026-07-24T13:33:00.000Z,44.86163,-1.12269,70.46,N,D
2026-07-24T13:33:00.000Z,44.862,-1.16534,19.44,N,D
2026-07-24T13:33:00.000Z,44.86211,-1.11745,70.46,N,D
2026-07-24T13:33:00.000Z,44.86248,-1.16006,19.44,N,D
2026-07-24T13:33:00.000Z,44.86258,-1.1122,129.44,N,D
2026-07-24T13:33:00.000Z,44.86305,-1.10696,129.44,N,D
2026-07-24T13:33:00.000Z,44.86352,-1.10172,92.05,N,D
2026-07-24T13:33:00.000Z,44.86399,-1.09646,92.05,N,D
2026-07-24T13:33:00.000Z,44.86446,-1.09119,92.39,N,D
2026-07-24T13:33:00.000Z,44.86567,-1.17129,21.29,N,D
2026-07-24T13:33:00.000Z,44.86614,-1.16605,19.44,N,D
2026-07-24T13:33:00.000Z,44.86662,-1.1608,19.44,N,D
2026-07-24T13:33:00.000Z,44.86673,-1.11292,23.9,N,D
2026-07-24T13:33:00.000Z,44.86709,-1.15554,36.1,N,D
2026-07-24T13:33:00.000Z,44.86721,-1.10767,23.9,N,D
2026-07-24T13:33:00.000Z,44.86757,-1.15029,36.1,N,D
2026-07-24T13:33:00.000Z,44.86767,-1.10242,109.98,N,D
2026-07-24T13:33:00.000Z,44.86862,-1.09189,36.92,N,D
2026-07-24T13:33:00.000Z,44.87029,-1.16675,29.77,N,D
2026-07-24T13:33:00.000Z,44.87076,-1.16151,29.77,N,D
2026-07-24T13:33:00.000Z,44.87089,-1.11362,23.9,N,D
2026-07-24T13:33:00.000Z,44.87123,-1.15628,40.19,N,D
2026-07-24T13:33:00.000Z,44.87136,-1.10838,23.9,N,D
2026-07-24T13:33:00.000Z,44.87171,-1.15103,40.19,N,D
2026-07-24T13:33:00.000Z,44.8723,-1.09786,109.98,N,D
2026-07-24T13:33:00.000Z,44.87267,-1.1405,27.92,N,D
2026-07-24T13:33:00.000Z,44.87395,-1.17268,17.56,N,D
2026-07-24T13:33:00.000Z,44.87443,-1.16745,29.77,N,D
2026-07-24T13:33:00.000Z,44.8749,-1.1622,29.77,N,D
2026-07-24T13:33:00.000Z,44.87515,-1.17088,50.39,N,D
2026-07-24T13:33:00.000Z,44.87551,-1.10908,23.33,N,D
2026-07-24T13:33:00.000Z,44.8756,-1.16563,23.67,N,D
2026-07-24T13:33:00.000Z,44.87695,-1.14985,19.91,N,D
2026-07-24T13:33:00.000Z,44.8773,-1.13596,23.78,N,D
2026-07-24T13:33:00.000Z,44.8781,-1.17338,15.2,N,D
2026-07-24T13:33:00.000Z,44.87857,-1.16815,12.15,N,D
2026-07-24T13:33:00.000Z,44.87967,-1.10978,23.33,N,D
2026-07-24T13:33:00.000Z,44.88001,-1.15242,11.81,N,D
2026-07-24T13:33:00.000Z,44.88049,-1.14718,17.13,N,D
2026-07-24T13:33:00.000Z,44.88062,-1.09928,31.43,N,D
2026-07-24T13:33:00.000Z,44.8811,-1.15057,19.91,N,D
2026-07-24T13:33:00.000Z,44.8811,-1.09402,24.63,N,D
2026-07-24T13:33:00.000Z,44.88144,-1.09732,23.76,N,D
2026-07-24T13:33:00.000Z,44.88252,-1.07823,18.17,N,D
2026-07-24T13:33:00.000Z,44.883,-1.07297,12.93,N,D
2026-07-24T13:33:00.000Z,44.88383,-1.11049,27.87,N,D
2026-07-24T13:33:00.000Z,44.8843,-1.10524,34.81,N,D
2026-07-24T13:33:00.000Z,44.8847,-1.10855,59.4,N,D
2026-07-24T13:33:00.000Z,44.88478,-1.09999,34.81,N,D
2026-07-24T13:33:00.000Z,44.88515,-1.1033,23.76,N,D
2026-07-24T13:33:00.000Z,44.8856,-1.09803,23.76,N,D
2026-07-24T13:33:00.000Z,44.88607,-1.13213,20.39,N,D
2026-07-24T13:33:00.000Z,44.88655,-1.1269,32.3,N,D
2026-07-24T13:33:00.000Z,44.88661,-1.13548,15.3,N,D
2026-07-24T13:33:00.000Z,44.88668,-1.07896,11.15,N,D
2026-07-24T13:33:00.000Z,44.88702,-1.12168,32.3,N,D
2026-07-24T13:33:00.000Z,44.88706,-1.13024,15.3,N,D
2026-07-24T13:33:00.000Z,44.88764,-1.0684,9.17,N,D
2026-07-24T13:33:00.000Z,44.88798,-1.11118,27.87,N,D
2026-07-24T13:33:00.000Z,44.88846,-1.10594,34.81,N,D
2026-07-24T13:33:00.000Z,44.88886,-1.10926,43.12,N,D
2026-07-24T13:33:00.000Z,44.88894,-1.10068,34.81,N,D
2026-07-24T13:33:00.000Z,44.88931,-1.104,81.42,N,D
2026-07-24T13:33:00.000Z,44.88941,-1.09542,25.25,N,D
2026-07-24T13:33:00.000Z,44.88976,-1.09874,81.42,N,D
2026-07-24T13:33:00.000Z,44.88989,-1.09014,25.25,N,D
2026-07-24T13:33:00.000Z,44.89021,-1.09346,23.51,N,D
2026-07-24T13:33:00.000Z,44.89037,-1.08489,11.15,N,D
2026-07-24T13:33:00.000Z,44.89066,-1.08817,23.51,N,D
2026-07-24T13:33:00.000Z,44.89085,-1.07965,11.15,N,D
2026-07-24T13:33:00.000Z,44.89111,-1.08291,18.89,N,D
2026-07-24T13:33:00.000Z,44.89121,-1.13095,15.3,N,D
2026-07-24T13:33:00.000Z,44.89132,-1.0744,9.17,N,D
2026-07-24T13:33:00.000Z,44.8918,-1.06912,9.17,N,D
2026-07-24T13:33:00.000Z,44.89256,-1.11521,43.12,N,D
2026-07-24T13:33:00.000Z,44.89301,-1.10995,43.12,N,D
2026-07-24T13:33:00.000Z,44.89325,-1.00798,6.69,N,D
2026-07-24T13:33:00.000Z,44.89338,-1.00481,13.0,N,D
2026-07-24T13:33:00.000Z,44.89347,-1.1047,81.42,N,D
2026-07-24T13:33:00.000Z,44.8937,-1.00266,6.69,N,D
2026-07-24T13:33:00.000Z,44.89385,-0.99951,26.63,N,D
2026-07-24T13:33:00.000Z,44.89437,-1.09416,23.51,N,D
2026-07-24T13:33:00.000Z,44.89482,-1.08888,23.51,N,D
2026-07-24T13:33:00.000Z,44.89528,-1.0836,18.89,N,D
2026-07-24T13:33:00.000Z,44.89573,-1.07835,18.89,N,D
2026-07-24T13:33:00.000Z,44.89627,-1.12115,86.19,N,D
2026-07-24T13:33:00.000Z,44.89672,-1.11591,25.73,N,D
2026-07-24T13:33:00.000Z,44.89698,-1.01403,18.48,N,D
2026-07-24T13:33:00.000Z,44.89707,-1.01084,13.0,N,D
2026-07-24T13:33:00.000Z,44.89717,-1.11066,25.73,N,D
2026-07-24T13:33:00.000Z,44.89743,-1.00869,120.14,N,D
2026-07-24T13:33:00.000Z,44.89755,-1.00552,13.0,N,D
2026-07-24T13:33:00.000Z,44.89762,-1.1054,55.56,N,D
2026-07-24T13:33:00.000Z,44.89788,-1.00337,120.14,N,D
2026-07-24T13:33:00.000Z,44.89803,-1.00021,26.63,N,D
2026-07-24T13:33:00.000Z,44.89808,-1.10014,55.56,N,D
2026-07-24T13:33:00.000Z,44.89833,-0.99805,53.47,N,D
2026-07-24T13:33:00.000Z,44.89853,-1.09487,37.75,N,D
2026-07-24T13:33:00.000Z,44.89898,-1.08959,37.75,N,D
2026-07-24T13:33:00.000Z,44.89944,-1.08433,26.5,N,D
2026-07-24T13:33:00.000Z,44.89989,-1.07907,26.5,N,D
2026-07-24T13:33:00.000Z,44.90042,-1.12186,86.19,N,D
2026-07-24T13:33:00.000Z,44.90088,-1.11661,25.73,N,D
2026-07-24T13:33:00.000Z,44.90115,-1.01473,18.48,N,D
2026-07-24T13:33:00.000Z,44.90133,-1.11136,25.73,N,D
2026-07-24T13:33:00.000Z,44.90178,-1.1061,55.56,N,D
2026-07-24T13:33:00.000Z,44.90206,-1.00408,120.14,N,D
2026-07-24T13:33:00.000Z,44.90224,-1.10084,55.56,N,D
2026-07-24T13:33:00.000Z,44.90251,-0.99877,53.47,N,D
2026-07-24T13:33:00.000Z,44.90269,-1.09557,37.75,N,D
2026-07-24T13:33:00.000Z,44.90314,-1.09031,37.75,N,D
2026-07-24T13:33:00.000Z,44.9036,-1.08505,26.5,N,D
2026-07-24T13:33:00.000Z,44.90405,-1.07978,26.5,N,D
2026-07-24T13:33:00.000Z,44.90451,-1.0745,20.42,N,D
2026-07-24T13:33:00.000Z,44.90458,-1.12256,13.59,N,D
2026-07-24T13:33:00.000Z,44.90496,-1.0692,20.42,N,D
2026-07-24T13:33:00.000Z,44.90503,-1.11732,63.49,N,D
2026-07-24T13:33:00.000Z,44.90533,-1.01544,25.44,N,D
2026-07-24T13:33:00.000Z,44.90542,-1.06391,68.13,N,D
2026-07-24T13:33:00.000Z,44.90549,-1.11206,63.49,N,D
2026-07-24T13:33:00.000Z,44.90578,-1.01012,10.13,N,D
2026-07-24T13:33:00.000Z,44.90594,-1.1068,34.85,N,D
2026-07-24T13:33:00.000Z,44.90624,-1.00479,10.13,N,D
2026-07-24T13:33:00.000Z,44.90633,-1.05328,59.27,N,D
2026-07-24T13:33:00.000Z,44.9064,-1.10154,34.85,N,D
2026-07-24T13:33:00.000Z,44.90678,-1.04798,59.27,N,D
2026-07-24T13:33:00.000Z,44.90685,-1.09628,38.03,N,D
2026-07-24T13:33:00.000Z,44.90731,-1.09101,38.03,N,D
2026-07-24T13:33:00.000Z,44.90776,-1.08574,29.19,N,D
2026-07-24T13:33:00.000Z,44.90822,-1.08046,29.19,N,D
2026-07-24T13:33:00.000Z,44.90868,-1.07517,53.31,N,D
2026-07-24T13:33:00.000Z,44.90905,-1.02146,25.44,N,D
2026-07-24T13:33:00.000Z,44.90913,-1.06988,53.31,N,D
2026-07-24T13:33:00.000Z,44.90959,-1.06457,109.9,N,D
2026-07-24T13:33:00.000Z,44.90964,-1.11278,63.49,N,D
2026-07-24T13:33:00.000Z,44.91005,-1.05927,109.9,N,D
2026-07-24T13:33:00.000Z,44.9101,-1.10752,34.85,N,D
2026-07-24T13:33:00.000Z,44.9105,-1.05397,85.43,N,D
2026-07-24T13:33:00.000Z,44.91056,-1.10225,34.85,N,D
2026-07-24T13:33:00.000Z,44.91096,-1.04867,85.43,N,D
2026-07-24T13:33:00.000Z,44.91101,-1.09697,38.03,N,D
2026-07-24T13:33:00.000Z,44.91147,-1.0917,38.03,N,D
2026-07-24T13:33:00.000Z,44.91193,-1.08642,29.19,N,D
2026-07-24T13:33:00.000Z,44.91238,-1.08114,29.19,N,D
2026-07-24T13:33:00.000Z,44.91284,-1.07585,53.31,N,D
2026-07-24T13:33:00.000Z,44.9133,-1.07056,53.31,N,D
2026-07-24T13:33:00.000Z,44.91375,-1.06526,109.9,N,D
2026-07-24T13:33:00.000Z,44.9138,-1.11348,86.98,N,D
2026-07-24T13:33:00.000Z,44.91421,-1.05997,109.9,N,D
2026-07-24T13:33:00.000Z,44.91425,-1.10822,84.43,N,D
2026-07-24T13:33:00.000Z,44.91467,-1.05468,85.43,N,D
2026-07-24T13:33:00.000Z,44.91471,-1.10296,84.43,N,D
2026-07-24T13:33:00.000Z,44.91517,-1.09769,90.02,N,D
2026-07-24T13:33:00.000Z,44.91563,-1.09241,90.02,N,D
2026-07-24T13:33:00.000Z,44.91609,-1.08713,103.82,N,D
2026-07-24T13:33:00.000Z,44.91654,-1.08184,103.82,N,D
2026-07-24T13:33:00.000Z,44.917,-1.07656,188.5,N,D
2026-07-24T13:33:00.000Z,44.91746,-1.07128,188.5,N,D
2026-07-24T13:33:00.000Z,44.91792,-1.06599,110.36,N,D
2026-07-24T13:33:00.000Z,44.91796,-1.11419,86.98,N,D
2026-07-24T13:33:00.000Z,44.91837,-1.0607,110.36,N,D
2026-07-24T13:33:00.000Z,44.91887,-1.10367,84.43,N,D
2026-07-24T13:33:00.000Z,44.91933,-1.0984,90.02,N,D
2026-07-24T13:33:00.000Z,44.91979,-1.09313,90.02,N,D
2026-07-24T13:33:00.000Z,44.92025,-1.08785,103.82,N,D
2026-07-24T13:33:00.000Z,44.92071,-1.08256,103.82,N,D
2026-07-24T13:33:00.000Z,44.92117,-1.07727,188.5,N,D
2026-07-24T13:33:00.000Z,44.92208,-1.06672,110.36,N,D
2026-07-24T13:33:00.000Z,44.92303,-1.10438,212.72,N,D
2026-07-24T13:33:00.000Z,44.92349,-1.09911,82.65,N,D
2026-07-24T13:33:00.000Z,44.92395,-1.09384,82.65,N,D
2026-07-24T13:33:00.000Z,44.92441,-1.08856,99.01,N,D
2026-07-24T13:33:00.000Z,44.92487,-1.08328,99.01,N,D
2026-07-24T13:33:00.000Z,44.92765,-1.09983,82.65,N,D
2026-07-24T13:33:00.000Z,44.92811,-1.09455,82.65,N,D
2026-07-24T13:33:00.000Z,44.92857,-1.08928,99.01,N,D
2026-07-24T13:33:00.000Z,45.11713,-0.53014,6.75,N,D
2026-07-24T13:55:00.000Z,44.36376,-1.15072,21.68,N20,D
2026-07-24T13:55:00.000Z,44.36395,-1.14548,23.71,N20,D
2026-07-24T13:55:00.000Z,44.36902,-1.16159,7.03,N20,D
2026-07-24T13:55:00.000Z,44.3692,-1.15638,8.28,N20,D
2026-07-24T13:55:00.000Z,44.36939,-1.15115,8.28,N20,D
2026-07-24T13:55:00.000Z,44.36958,-1.1459,19.51,N20,D
2026-07-24T13:55:00.000Z,44.3707,-1.11443,35.81,N20,D
2026-07-24T13:55:00.000Z,44.37089,-1.10919,35.81,N20,D
2026-07-24T13:55:00.000Z,44.37446,-1.16717,7.03,N20,D
2026-07-24T13:55:00.000Z,44.37465,-1.16197,7.03,N20,D
2026-07-24T13:55:00.000Z,44.37484,-1.15676,8.28,N20,D
2026-07-24T13:55:00.000Z,44.37597,-1.12531,27.28,N20,D
2026-07-24T13:55:00.000Z,44.37616,-1.12006,27.28,N20,D
2026-07-24T13:55:00.000Z,44.37635,-1.11481,35.81,N20,D
2026-07-24T13:55:00.000Z,44.37654,-1.10957,35.81,N20,D
2026-07-24T13:55:00.000Z,44.37672,-1.1043,25.1,N20,D
2026-07-24T13:55:00.000Z,44.38066,-1.1519,9.07,N20,D
2026-07-24T13:55:00.000Z,44.38199,-1.11516,9.19,N20,D
2026-07-24T13:55:00.000Z,44.38218,-1.10991,9.19,N20,D
2026-07-24T13:55:00.000Z,44.38237,-1.10467,5.89,N20,D
2026-07-24T13:55:00.000Z,44.4077,-1.10398,9.02,N20,D
2026-07-24T13:55:00.000Z,44.40788,-1.09866,9.02,N20,D
2026-07-24T13:55:00.000Z,44.41081,-1.10101,24.49,N20,D
2026-07-24T13:55:00.000Z,44.41164,-1.1569,12.18,N20,D
2026-07-24T13:55:00.000Z,44.41182,-1.15165,12.18,N20,D
2026-07-24T13:55:00.000Z,44.41233,-1.13594,8.97,N20,D
2026-07-24T13:55:00.000Z,44.4125,-1.1307,8.97,N20,D
2026-07-24T13:55:00.000Z,44.41318,-1.10965,14.29,N20,D
2026-07-24T13:55:00.000Z,44.41335,-1.10434,9.02,N20,D
2026-07-24T13:55:00.000Z,44.41446,-1.15388,23.22,N20,D
2026-07-24T13:55:00.000Z,44.41728,-1.15724,11.51,N20,D
2026-07-24T13:55:00.000Z,44.41745,-1.15199,11.51,N20,D
2026-07-24T13:55:00.000Z,44.4201,-1.1542,23.22,N20,D
2026-07-24T13:55:00.000Z,44.42292,-1.15757,11.51,N20,D
2026-07-24T13:55:00.000Z,44.42309,-1.15232,11.51,N20,D
2026-07-24T13:55:00.000Z,44.42327,-1.14706,12.64,N20,D
2026-07-24T13:55:00.000Z,44.42344,-1.14181,12.64,N20,D
2026-07-24T13:55:00.000Z,44.42361,-1.13655,12.52,N20,D
2026-07-24T13:55:00.000Z,44.4243,-1.11556,5.54,N20,D
2026-07-24T13:55:00.000Z,44.42448,-1.1103,5.54,N20,D
2026-07-24T13:55:00.000Z,44.42573,-1.1545,18.88,N20,D
2026-07-24T13:55:00.000Z,44.42594,-1.14926,20.51,N20,D
2026-07-24T13:55:00.000Z,44.42614,-1.14402,20.51,N20,D
2026-07-24T13:55:00.000Z,44.42873,-1.15265,16.25,N20,D
2026-07-24T13:55:00.000Z,44.4289,-1.14741,22.28,N20,D
2026-07-24T13:55:00.000Z,44.42908,-1.14216,22.28,N20,D
2026-07-24T13:55:00.000Z,44.42925,-1.13689,17.51,N20,D
2026-07-24T13:55:00.000Z,44.42943,-1.13163,17.51,N20,D
2026-07-24T13:55:00.000Z,44.4296,-1.12637,14.85,N20,D
2026-07-24T13:55:00.000Z,44.43177,-1.14434,20.51,N20,D
2026-07-24T13:55:00.000Z,44.43198,-1.13908,29.83,N20,D
2026-07-24T13:55:00.000Z,44.43218,-1.13382,29.83,N20,D
2026-07-24T13:55:00.000Z,44.43454,-1.14773,22.28,N20,D
2026-07-24T13:55:00.000Z,44.43472,-1.14249,22.28,N20,D
2026-07-24T13:55:00.000Z,44.43489,-1.13723,17.51,N20,D
2026-07-24T13:55:00.000Z,44.43507,-1.13196,17.51,N20,D
2026-07-24T13:55:00.000Z,44.70952,-0.31334,3.97,N20,D
2026-07-24T13:55:00.000Z,44.77582,-0.19189,3.25,N20,D
2026-07-24T13:55:00.000Z,44.77596,-0.18586,3.25,N20,D
2026-07-24T13:55:00.000Z,44.77795,-0.19121,6.84,N20,D
2026-07-24T13:55:00.000Z,44.77813,-0.18517,5.06,N20,D
2026-07-24T13:55:00.000Z,44.77989,-1.22489,10.56,N20,D
2026-07-24T13:55:00.000Z,44.78338,-1.1239,32.39,N20,D
2026-07-24T13:55:00.000Z,44.78356,-1.11857,142.8,N20,D
2026-07-24T13:55:00.000Z,44.78374,-1.11324,142.8,N20,D
2026-07-24T13:55:00.000Z,44.78392,-1.10792,220.76,N20,D
2026-07-24T13:55:00.000Z,44.7841,-1.10259,220.76,N20,D
2026-07-24T13:55:00.000Z,44.78428,-1.09723,11.54,N20,D
2026-07-24T13:55:00.000Z,44.78447,-1.09188,11.54,N20,D
2026-07-24T13:55:00.000Z,44.78534,-1.23045,4.84,N20,D
2026-07-24T13:55:00.000Z,44.78552,-1.22524,8.96,N20,D
2026-07-24T13:55:00.000Z,44.78571,-1.22002,8.96,N20,D
2026-07-24T13:55:00.000Z,44.78589,-1.2148,30.4,N20,D
2026-07-24T13:55:00.000Z,44.78626,-1.20419,20.1,N20,D
2026-07-24T13:55:00.000Z,44.78645,-1.19886,20.1,N20,D
2026-07-24T13:55:00.000Z,44.78663,-1.19355,21.56,N20,D
2026-07-24T13:55:00.000Z,44.78682,-1.18823,21.56,N20,D
2026-07-24T13:55:00.000Z,44.78701,-1.18288,29.79,N20,D
2026-07-24T13:55:00.000Z,44.78719,-1.17752,29.79,N20,D
2026-07-24T13:55:00.000Z,44.78738,-1.17218,38.46,N20,D
2026-07-24T13:55:00.000Z,44.78757,-1.16679,38.46,N20,D
2026-07-24T13:55:00.000Z,44.78885,-1.12958,7.05,N20,D
2026-07-24T13:55:00.000Z,44.78903,-1.12425,7.05,N20,D
2026-07-24T13:55:00.000Z,44.78922,-1.11892,50.33,N20,D
2026-07-24T13:55:00.000Z,44.7894,-1.11358,50.33,N20,D
2026-07-24T13:55:00.000Z,44.78959,-1.10826,150.76,N20,D
2026-07-24T13:55:00.000Z,44.78976,-1.10292,150.76,N20,D
2026-07-24T13:55:00.000Z,44.78995,-1.09756,28.18,N20,D
2026-07-24T13:55:00.000Z,44.79013,-1.09223,28.18,N20,D
2026-07-24T13:55:00.000Z,44.79031,-1.08689,7.34,N20,D
2026-07-24T13:55:00.000Z,44.79284,-1.17791,29.79,N20,D
2026-07-24T13:55:00.000Z,44.79302,-1.17255,38.46,N20,D
2026-07-24T13:55:00.000Z,44.79488,-1.11928,50.33,N20,D
2026-07-24T13:55:00.000Z,44.79506,-1.11393,50.33,N20,D
2026-07-24T13:55:00.000Z,44.79525,-1.10859,150.76,N20,D
2026-07-24T13:55:00.000Z,44.79543,-1.10326,150.76,N20,D
2026-07-24T13:55:00.000Z,44.79561,-1.09791,28.18,N20,D
2026-07-24T13:55:00.000Z,44.8026,-1.221,11.09,N20,D
2026-07-24T13:55:00.000Z,44.80279,-1.21581,8.51,N20,D
2026-07-24T13:55:00.000Z,44.80297,-1.21058,8.51,N20,D
2026-07-24T13:55:00.000Z,44.80317,-1.20528,8.46,N20,D
2026-07-24T13:55:00.000Z,44.80713,-1.09323,37.06,N20,D
2026-07-24T13:55:00.000Z,44.80731,-1.08788,201.66,N20,D
2026-07-24T13:55:00.000Z,44.80769,-1.07718,23.24,N20,D
2026-07-24T13:55:00.000Z,44.80787,-1.07185,23.24,N20,D
2026-07-24T13:55:00.000Z,44.80806,-1.06649,3.0,N20,D
2026-07-24T13:55:00.000Z,44.80824,-1.06111,3.0,N20,D
2026-07-24T13:55:00.000Z,44.80842,-1.21617,8.06,N20,D
2026-07-24T13:55:00.000Z,44.8088,-1.20562,8.79,N20,D
2026-07-24T13:55:00.000Z,44.80899,-1.20031,8.79,N20,D
2026-07-24T13:55:00.000Z,44.80918,-1.195,6.51,N20,D
2026-07-24T13:55:00.000Z,44.80938,-1.18968,6.51,N20,D
2026-07-24T13:55:00.000Z,44.80957,-1.18436,7.48,N20,D
2026-07-24T13:55:00.000Z,44.81298,-1.08824,99.6,N20,D
2026-07-24T13:55:00.000Z,44.81317,-1.08286,99.6,N20,D
2026-07-24T13:55:00.000Z,44.81336,-1.0775,113.12,N20,D
2026-07-24T13:55:00.000Z,44.81373,-1.06679,178.18,N20,D
2026-07-24T13:55:00.000Z,44.81392,-1.06143,178.18,N20,D
2026-07-24T13:55:00.000Z,44.81411,-1.05606,67.49,N20,D
2026-07-24T13:55:00.000Z,44.81429,-1.05068,67.49,N20,D
2026-07-24T13:55:00.000Z,44.81448,-1.04531,5.96,N20,D
2026-07-24T13:55:00.000Z,44.81482,-1.19535,6.51,N20,D
2026-07-24T13:55:00.000Z,44.81903,-1.07785,113.12,N20,D
2026-07-24T13:55:00.000Z,44.81922,-1.07247,113.12,N20,D
2026-07-24T13:55:00.000Z,44.8194,-1.06709,178.18,N20,D
2026-07-24T13:55:00.000Z,44.8196,-1.06174,178.18,N20,D
2026-07-24T13:55:00.000Z,44.81978,-1.05638,67.49,N20,D
2026-07-24T13:55:00.000Z,44.81997,-1.051,67.49,N20,D
2026-07-24T13:55:00.000Z,44.82016,-1.04562,5.96,N20,D
2026-07-24T13:55:00.000Z,44.82035,-1.04024,5.96,N20,D
2026-07-24T13:55:00.000Z,44.82053,-1.03486,8.82,N20,D
2026-07-24T13:55:00.000Z,44.82508,-1.06744,85.5,N20,D
2026-07-24T13:55:00.000Z,44.82527,-1.06208,85.5,N20,D
2026-07-24T13:55:00.000Z,44.82546,-1.05671,164.56,N20,D
2026-07-24T13:55:00.000Z,44.82565,-1.05132,164.56,N20,D
2026-07-24T13:55:00.000Z,44.82584,-1.04594,11.0,N20,D
2026-07-24T13:55:00.000Z,44.82603,-1.04056,11.0,N20,D
2026-07-24T13:55:00.000Z,44.82622,-1.03517,3.97,N20,D
2026-07-24T13:55:00.000Z,44.82641,-1.02978,3.97,N20,D
2026-07-24T13:55:00.000Z,44.82732,-1.06524,163.99,N20,D
2026-07-24T13:55:00.000Z,44.82749,-1.05987,163.99,N20,D
2026-07-24T13:55:00.000Z,44.82765,-1.05448,199.53,N20,D
2026-07-24T13:55:00.000Z,44.82781,-1.04908,199.53,N20,D
2026-07-24T13:55:00.000Z,44.82786,-1.14792,9.59,N20,D
2026-07-24T13:55:00.000Z,44.82797,-1.04369,13.77,N20,D
2026-07-24T13:55:00.000Z,44.82806,-1.14257,5.72,N20,D
2026-07-24T13:55:00.000Z,44.82813,-1.03832,13.77,N20,D
2026-07-24T13:55:00.000Z,44.82825,-1.13723,5.72,N20,D
2026-07-24T13:55:00.000Z,44.8283,-1.03292,5.01,N20,D
2026-07-24T13:55:00.000Z,44.82846,-1.02752,5.01,N20,D
2026-07-24T13:55:00.000Z,44.83035,-1.15118,9.92,N20,D
2026-07-24T13:55:00.000Z,44.83052,-1.14584,9.92,N20,D
2026-07-24T13:55:00.000Z,44.83075,-1.06777,85.5,N20,D
2026-07-24T13:55:00.000Z,44.83086,-1.13517,20.44,N20,D
2026-07-24T13:55:00.000Z,44.83094,-1.06243,85.5,N20,D
2026-07-24T13:55:00.000Z,44.83113,-1.05703,164.56,N20,D
2026-07-24T13:55:00.000Z,44.83133,-1.05164,164.56,N20,D
2026-07-24T13:55:00.000Z,44.83152,-1.04622,11.0,N20,D
2026-07-24T13:55:00.000Z,44.83171,-1.04086,11.0,N20,D
2026-07-24T13:55:00.000Z,44.8319,-1.03549,3.97,N20,D
2026-07-24T13:55:00.000Z,44.83209,-1.0301,3.97,N20,D
2026-07-24T13:55:00.000Z,44.833,-1.06558,163.99,N20,D
2026-07-24T13:55:00.000Z,44.83316,-1.0602,163.99,N20,D
2026-07-24T13:55:00.000Z,44.83332,-1.15359,19.51,N20,D
2026-07-24T13:55:00.000Z,44.83333,-1.05479,199.53,N20,D
2026-07-24T13:55:00.000Z,44.8335,-1.04938,199.53,N20,D
2026-07-24T13:55:00.000Z,44.83351,-1.14823,19.51,N20,D
2026-07-24T13:55:00.000Z,44.83366,-1.044,13.77,N20,D
2026-07-24T13:55:00.000Z,44.83371,-1.14287,22.95,N20,D
2026-07-24T13:55:00.000Z,44.83382,-1.03864,13.77,N20,D
2026-07-24T13:55:00.000Z,44.8339,-1.13753,22.95,N20,D
2026-07-24T13:55:00.000Z,44.83398,-1.03326,5.01,N20,D
2026-07-24T13:55:00.000Z,44.8341,-1.13221,19.23,N20,D
2026-07-24T13:55:00.000Z,44.83583,-1.15695,10.68,N20,D
2026-07-24T13:55:00.000Z,44.83601,-1.15153,30.94,N20,D
2026-07-24T13:55:00.000Z,44.83634,-1.1408,21.49,N20,D
2026-07-24T13:55:00.000Z,44.83651,-1.13549,21.49,N20,D
2026-07-24T13:55:00.000Z,44.83662,-1.06273,93.33,N20,D
2026-07-24T13:55:00.000Z,44.83668,-1.13018,19.67,N20,D
2026-07-24T13:55:00.000Z,44.83681,-1.05733,173.44,N20,D
2026-07-24T13:55:00.000Z,44.83701,-1.0519,173.44,N20,D
2026-07-24T13:55:00.000Z,44.8372,-1.04652,56.88,N20,D
2026-07-24T13:55:00.000Z,44.83739,-1.04116,56.88,N20,D
2026-07-24T13:55:00.000Z,44.83758,-1.03579,9.55,N20,D
2026-07-24T13:55:00.000Z,44.83876,-1.15944,9.45,N20,D
2026-07-24T13:55:00.000Z,44.83884,-1.06052,17.76,N20,D
2026-07-24T13:55:00.000Z,44.83897,-1.15395,19.51,N20,D
2026-07-24T13:55:00.000Z,44.83901,-1.0551,43.33,N20,D
2026-07-24T13:55:00.000Z,44.83917,-1.14854,19.51,N20,D
2026-07-24T13:55:00.000Z,44.83917,-1.04972,43.33,N20,D
2026-07-24T13:55:00.000Z,44.83934,-1.04434,12.82,N20,D
2026-07-24T13:55:00.000Z,44.83936,-1.14319,22.95,N20,D
2026-07-24T13:55:00.000Z,44.8395,-1.03896,12.82,N20,D
2026-07-24T13:55:00.000Z,44.83956,-1.13786,22.95,N20,D
2026-07-24T13:55:00.000Z,44.83976,-1.13255,19.23,N20,D
2026-07-24T13:55:00.000Z,44.84148,-1.15735,10.68,N20,D
2026-07-24T13:55:00.000Z,44.84166,-1.15189,30.94,N20,D
2026-07-24T13:55:00.000Z,44.84183,-1.14652,30.94,N20,D
2026-07-24T13:55:00.000Z,44.842,-1.14118,21.49,N20,D
2026-07-24T13:55:00.000Z,44.84269,-1.05225,173.44,N20,D
2026-07-24T13:55:00.000Z,44.84288,-1.04688,56.88,N20,D
2026-07-24T13:55:00.000Z,44.84799,-1.1309,34.68,N20,D
2026-07-24T13:55:00.000Z,44.84816,-1.12556,34.68,N20,D
2026-07-24T13:55:00.000Z,44.84834,-1.12024,92.52,N20,D
2026-07-24T13:55:00.000Z,44.8485,-1.11489,92.52,N20,D
2026-07-24T13:55:00.000Z,44.84876,-1.0418,16.75,N20,D
2026-07-24T13:55:00.000Z,44.84895,-1.03639,17.69,N20,D
2026-07-24T13:55:00.000Z,44.84986,-1.16546,4.38,N20,D
2026-07-24T13:55:00.000Z,44.85006,-1.16004,4.38,N20,D
2026-07-24T13:55:00.000Z,44.85087,-1.03962,24.11,N20,D
2026-07-24T13:55:00.000Z,44.85107,-1.13324,43.26,N20,D
2026-07-24T13:55:00.000Z,44.85127,-1.1279,43.26,N20,D
2026-07-24T13:55:00.000Z,44.85146,-1.12257,175.76,N20,D
2026-07-24T13:55:00.000Z,44.85186,-1.11187,103.31,N20,D
2026-07-24T13:55:00.000Z,44.85206,-1.10649,103.31,N20,D
2026-07-24T13:55:00.000Z,44.85226,-1.17416,19.2,N20,D
2026-07-24T13:55:00.000Z,44.85226,-1.10117,54.61,N20,D
2026-07-24T13:55:00.000Z,44.85244,-1.16879,19.2,N20,D
2026-07-24T13:55:00.000Z,44.85246,-1.09583,54.61,N20,D
2026-07-24T13:55:00.000Z,44.85261,-1.1634,32.95,N20,D
2026-07-24T13:55:00.000Z,44.85266,-1.09046,6.28,N20,D
2026-07-24T13:55:00.000Z,44.85286,-1.0851,6.28,N20,D
2026-07-24T13:55:00.000Z,44.85305,-1.07974,6.53,N20,D
2026-07-24T13:55:00.000Z,44.85365,-1.13126,34.68,N20,D
2026-07-24T13:55:00.000Z,44.85382,-1.12591,34.68,N20,D
2026-07-24T13:55:00.000Z,44.85416,-1.11521,92.52,N20,D
2026-07-24T13:55:00.000Z,44.85434,-1.10984,438.15,N20,D
2026-07-24T13:55:00.000Z,44.85468,-1.09914,71.39,N20,D
2026-07-24T13:55:00.000Z,44.85485,-1.09379,71.39,N20,D
2026-07-24T13:55:00.000Z,44.85502,-1.0884,9.95,N20,D
2026-07-24T13:55:00.000Z,44.85519,-1.08302,9.95,N20,D
2026-07-24T13:55:00.000Z,44.85809,-1.16914,11.0,N20,D
2026-07-24T13:55:00.000Z,44.85826,-1.16375,8.79,N20,D
2026-07-24T13:55:00.000Z,44.85965,-1.12091,120.04,N20,D
2026-07-24T13:55:00.000Z,44.86017,-1.10486,144.89,N20,D
2026-07-24T13:55:00.000Z,44.86052,-1.09413,149.92,N20,D
2026-07-24T13:55:00.000Z,44.86069,-1.08877,18.34,N20,D
2026-07-24T13:55:00.000Z,44.86086,-1.08339,18.34,N20,D
2026-07-24T13:55:00.000Z,44.86356,-1.17486,11.0,N20,D
2026-07-24T13:55:00.000Z,44.86373,-1.1695,11.0,N20,D
2026-07-24T13:55:00.000Z,44.86391,-1.16411,8.79,N20,D
2026-07-24T13:55:00.000Z,44.86409,-1.1587,8.79,N20,D
2026-07-24T13:55:00.000Z,44.86427,-1.15328,13.41,N20,D
2026-07-24T13:55:00.000Z,44.86567,-1.11055,144.89,N20,D
2026-07-24T13:55:00.000Z,44.86584,-1.10521,144.89,N20,D
2026-07-24T13:55:00.000Z,44.86601,-1.09984,149.92,N20,D
2026-07-24T13:55:00.000Z,44.86619,-1.09444,149.92,N20,D
2026-07-24T13:55:00.000Z,44.86636,-1.08905,18.34,N20,D
2026-07-24T13:55:00.000Z,44.86938,-1.1698,12.33,N20,D
2026-07-24T13:55:00.000Z,44.86956,-1.16443,14.74,N20,D
2026-07-24T13:55:00.000Z,44.86974,-1.15908,14.74,N20,D
2026-07-24T13:55:00.000Z,44.86992,-1.15372,12.24,N20,D
2026-07-24T13:55:00.000Z,44.87133,-1.11088,92.11,N20,D
2026-07-24T13:55:00.000Z,44.87168,-1.10015,44.99,N20,D
2026-07-24T13:55:00.000Z,44.87485,-1.17541,12.33,N20,D
2026-07-24T13:55:00.000Z,44.87503,-1.17009,12.33,N20,D
2026-07-24T13:55:00.000Z,44.87521,-1.16472,14.74,N20,D
2026-07-24T13:55:00.000Z,44.87575,-1.14862,12.24,N20,D
2026-07-24T13:55:00.000Z,44.8814,-1.14894,6.94,N20,D
2026-07-24T13:55:00.000Z,44.88284,-1.10616,29.68,N20,D
2026-07-24T13:55:00.000Z,44.88302,-1.1008,20.15,N20,D
2026-07-24T13:55:00.000Z,44.88761,-1.13316,10.86,N20,D
2026-07-24T13:55:00.000Z,44.88778,-1.12782,10.86,N20,D
2026-07-24T13:55:00.000Z,44.88797,-1.12252,26.69,N20,D
2026-07-24T13:55:00.000Z,44.88832,-1.11182,29.68,N20,D
2026-07-24T13:55:00.000Z,44.8885,-1.10647,29.68,N20,D
2026-07-24T13:55:00.000Z,44.88868,-1.10111,20.15,N20,D
2026-07-24T13:55:00.000Z,44.88886,-1.09573,20.15,N20,D
2026-07-24T13:55:00.000Z,44.88905,-1.09032,20.01,N20,D
2026-07-24T13:55:00.000Z,44.8919,-1.00387,4.57,N20,D
2026-07-24T13:55:00.000Z,44.89363,-1.12277,13.78,N20,D
2026-07-24T13:55:00.000Z,44.89381,-1.11742,13.78,N20,D
2026-07-24T13:55:00.000Z,44.89399,-1.11209,25.37,N20,D
2026-07-24T13:55:00.000Z,44.89417,-1.10675,25.37,N20,D
2026-07-24T13:55:00.000Z,44.89435,-1.1014,31.07,N20,D
2026-07-24T13:55:00.000Z,44.89453,-1.09602,31.07,N20,D
2026-07-24T13:55:00.000Z,44.89472,-1.09064,17.23,N20,D
2026-07-24T13:55:00.000Z,44.8949,-1.08524,17.23,N20,D
2026-07-24T13:55:00.000Z,44.89724,-1.01509,71.32,N20,D
2026-07-24T13:55:00.000Z,44.89742,-1.00963,71.32,N20,D
2026-07-24T13:55:00.000Z,44.89759,-1.00419,41.67,N20,D
2026-07-24T13:55:00.000Z,44.89777,-0.99877,41.67,N20,D
2026-07-24T13:55:00.000Z,44.89929,-1.12307,13.78,N20,D
2026-07-24T13:55:00.000Z,44.89948,-1.11772,13.78,N20,D
2026-07-24T13:55:00.000Z,44.89965,-1.11239,25.37,N20,D
2026-07-24T13:55:00.000Z,44.89984,-1.10704,25.37,N20,D
2026-07-24T13:55:00.000Z,44.90002,-1.10168,31.07,N20,D
2026-07-24T13:55:00.000Z,44.9002,-1.09632,31.07,N20,D
2026-07-24T13:55:00.000Z,44.90039,-1.09094,17.23,N20,D
2026-07-24T13:55:00.000Z,44.90057,-1.08557,17.23,N20,D
2026-07-24T13:55:00.000Z,44.90075,-1.08023,31.55,N20,D
2026-07-24T13:55:00.000Z,44.90166,-1.05324,9.79,N20,D
2026-07-24T13:55:00.000Z,44.90257,-1.0262,30.61,N20,D
2026-07-24T13:55:00.000Z,44.90274,-1.0208,30.61,N20,D
2026-07-24T13:55:00.000Z,44.90293,-1.01538,71.32,N20,D
2026-07-24T13:55:00.000Z,44.90311,-1.00994,71.32,N20,D
2026-07-24T13:55:00.000Z,44.90329,-1.00451,41.67,N20,D
2026-07-24T13:55:00.000Z,44.90347,-0.9991,41.67,N20,D
2026-07-24T13:55:00.000Z,44.90514,-1.11803,30.24,N20,D
2026-07-24T13:55:00.000Z,44.90532,-1.11269,27.0,N20,D
2026-07-24T13:55:00.000Z,44.90551,-1.10735,27.0,N20,D
2026-07-24T13:55:00.000Z,44.90569,-1.10199,22.49,N20,D
2026-07-24T13:55:00.000Z,44.90588,-1.09662,22.49,N20,D
2026-07-24T13:55:00.000Z,44.90606,-1.09126,23.13,N20,D
2026-07-24T13:55:00.000Z,44.90624,-1.0859,23.13,N20,D
2026-07-24T13:55:00.000Z,44.90643,-1.08051,22.45,N20,D
2026-07-24T13:55:00.000Z,44.90661,-1.07512,22.45,N20,D
2026-07-24T13:55:00.000Z,44.90679,-1.06976,29.09,N20,D
2026-07-24T13:55:00.000Z,44.90698,-1.06436,29.09,N20,D
2026-07-24T13:55:00.000Z,44.90734,-1.05352,70.04,N20,D
2026-07-24T13:55:00.000Z,44.90753,-1.04811,46.9,N20,D
2026-07-24T13:55:00.000Z,44.90826,-1.02651,63.37,N20,D
2026-07-24T13:55:00.000Z,44.90844,-1.0211,63.37,N20,D
2026-07-24T13:55:00.000Z,44.90862,-1.01569,46.23,N20,D
2026-07-24T13:55:00.000Z,44.90881,-1.01027,46.23,N20,D
2026-07-24T13:55:00.000Z,44.9108,-1.11837,30.24,N20,D
2026-07-24T13:55:00.000Z,44.91099,-1.11301,27.0,N20,D
2026-07-24T13:55:00.000Z,44.91117,-1.10766,27.0,N20,D
2026-07-24T13:55:00.000Z,44.91136,-1.10228,22.49,N20,D
2026-07-24T13:55:00.000Z,44.91154,-1.0969,22.49,N20,D
2026-07-24T13:55:00.000Z,44.91173,-1.09152,23.13,N20,D
2026-07-24T13:55:00.000Z,44.91191,-1.08615,23.13,N20,D
2026-07-24T13:55:00.000Z,44.9121,-1.08075,22.45,N20,D
2026-07-24T13:55:00.000Z,44.91229,-1.07535,22.45,N20,D
2026-07-24T13:55:00.000Z,44.91247,-1.06995,29.09,N20,D
2026-07-24T13:55:00.000Z,44.91266,-1.06456,29.09,N20,D
2026-07-24T13:55:00.000Z,44.91285,-1.05919,70.04,N20,D
2026-07-24T13:55:00.000Z,44.91302,-1.0538,70.04,N20,D
2026-07-24T13:55:00.000Z,44.91321,-1.0484,46.9,N20,D
2026-07-24T13:55:00.000Z,44.91665,-1.11331,59.64,N20,D
2026-07-24T13:55:00.000Z,44.91684,-1.10795,59.64,N20,D
2026-07-24T13:55:00.000Z,44.91703,-1.1026,126.31,N20,D
2026-07-24T13:55:00.000Z,44.9174,-1.09184,78.73,N20,D
2026-07-24T13:55:00.000Z,44.91759,-1.08646,78.73,N20,D
2026-07-24T13:55:00.000Z,44.91777,-1.08106,70.56,N20,D
2026-07-24T13:55:00.000Z,44.91796,-1.07566,70.56,N20,D
2026-07-24T13:55:00.000Z,44.91815,-1.0703,65.36,N20,D
2026-07-24T13:55:00.000Z,44.91833,-1.06492,65.36,N20,D
2026-07-24T13:55:00.000Z,44.91852,-1.05953,11.89,N20,D
2026-07-24T13:55:00.000Z,44.91871,-1.05414,11.89,N20,D
2026-07-24T13:55:00.000Z,44.9227,-1.10292,126.31,N20,D
2026-07-24T13:55:00.000Z,44.92307,-1.09218,78.73,N20,D
2026-07-24T13:55:00.000Z,44.92326,-1.08678,78.73,N20,D
2026-07-24T13:55:00.000Z,44.92345,-1.08138,70.56,N20,D
2026-07-24T13:55:00.000Z,44.92836,-1.10325,16.44,N20,D
2026-07-24T13:55:00.000Z,44.92855,-1.09787,16.44,N20,D
2026-07-24T13:55:00.000Z,45.11514,-0.53354,6.64,N20,D
2026-07-24T13:55:00.000Z,45.11531,-0.52755,5.58,N20,D
2026-07-24T14:54:00.000Z,44.3653,-1.12363,55.83,Aqua,D
2026-07-24T14:54:00.000Z,44.36765,-1.11025,182.28,Aqua,D
2026-07-24T14:54:00.000Z,44.37,-1.09689,40.86,Aqua,D
2026-07-24T14:54:00.000Z,44.37434,-1.12672,137.76,Aqua,D
2026-07-24T14:54:00.000Z,44.37668,-1.11335,307.76,Aqua,D
2026-07-24T14:54:00.000Z,44.37902,-1.09999,103.14,Aqua,D
2026-07-24T14:54:00.000Z,44.4061,-1.1093,41.41,Aqua,D
2026-07-24T14:54:00.000Z,44.40815,-1.15257,51.38,Aqua,D
2026-07-24T14:54:00.000Z,44.41719,-1.15569,94.08,Aqua,D
2026-07-24T14:54:00.000Z,44.41951,-1.1423,59.23,Aqua,D
2026-07-24T14:54:00.000Z,44.42622,-1.15882,44.5,Aqua,D
2026-07-24T14:54:00.000Z,44.42855,-1.14542,162.68,Aqua,D
2026-07-24T14:54:00.000Z,44.43086,-1.13204,100.58,Aqua,D
2026-07-24T14:54:00.000Z,44.4399,-1.13516,13.04,Aqua,D
2026-07-24T14:54:00.000Z,44.77,-1.11789,9.39,Aqua,D
2026-07-24T14:54:00.000Z,44.7723,-1.10457,127.46,Aqua,D
2026-07-24T14:54:00.000Z,44.77413,-1.20413,85.63,Aqua,D
2026-07-24T14:54:00.000Z,44.77461,-1.09127,115.46,Aqua,D
2026-07-24T14:54:00.000Z,44.77644,-1.19077,431.95,Aqua,D
2026-07-24T14:54:00.000Z,44.77876,-1.17742,233.27,Aqua,D
2026-07-24T14:54:00.000Z,44.77899,-1.12098,456.0,Aqua,D
2026-07-24T14:54:00.000Z,44.78082,-1.22066,158.85,Aqua,D
2026-07-24T14:54:00.000Z,44.78129,-1.10767,1573.57,Aqua,D
2026-07-24T14:54:00.000Z,44.78314,-1.20725,196.19,Aqua,D
2026-07-24T14:54:00.000Z,44.78358,-1.09438,664.31,Aqua,D
2026-07-24T14:54:00.000Z,44.78545,-1.19388,161.08,Aqua,D
2026-07-24T14:54:00.000Z,44.78588,-1.0811,102.61,Aqua,D
2026-07-24T14:54:00.000Z,44.78776,-1.18053,106.6,Aqua,D
2026-07-24T14:54:00.000Z,44.78797,-1.12409,100.17,Aqua,D
2026-07-24T14:54:00.000Z,44.79027,-1.11079,312.65,Aqua,D
2026-07-24T14:54:00.000Z,44.79256,-1.09749,94.78,Aqua,D
2026-07-24T14:54:00.000Z,44.79696,-1.12721,19.1,Aqua,D
2026-07-24T14:54:00.000Z,44.79713,-1.07093,89.23,Aqua,D
2026-07-24T14:54:00.000Z,44.79925,-1.11389,12.96,Aqua,D
2026-07-24T14:54:00.000Z,44.80115,-1.21352,61.26,Aqua,D
2026-07-24T14:54:00.000Z,44.80346,-1.20013,42.85,Aqua,D
2026-07-24T14:54:00.000Z,44.80382,-1.08731,494.47,Aqua,D
2026-07-24T14:54:00.000Z,44.80576,-1.18676,34.46,Aqua,D
2026-07-24T14:54:00.000Z,44.8061,-1.07402,1014.1,Aqua,D
2026-07-24T14:54:00.000Z,44.80838,-1.06075,776.81,Aqua,D
2026-07-24T14:54:00.000Z,44.8095,-1.2076,31.04,Aqua,D
2026-07-24T14:54:00.000Z,44.81065,-1.0475,582.37,Aqua,D
2026-07-24T14:54:00.000Z,44.81184,-1.19424,38.44,Aqua,D
2026-07-24T14:54:00.000Z,44.81279,-1.09041,36.83,Aqua,D
2026-07-24T14:54:00.000Z,44.81292,-1.03426,144.9,Aqua,D
2026-07-24T14:54:00.000Z,44.81417,-1.18092,26.8,Aqua,D
2026-07-24T14:54:00.000Z,44.8165,-1.16761,29.7,Aqua,D
2026-07-24T14:54:00.000Z,44.81734,-1.06386,152.56,Aqua,D
2026-07-24T14:54:00.000Z,44.81961,-1.0506,277.92,Aqua,D
2026-07-24T14:54:00.000Z,44.82188,-1.03736,227.95,Aqua,D
2026-07-24T14:54:00.000Z,44.82631,-1.06696,181.24,Aqua,D
2026-07-24T14:54:00.000Z,44.82782,-1.15741,81.81,Aqua,D
2026-07-24T14:54:00.000Z,44.82858,-1.0537,517.37,Aqua,D
2026-07-24T14:54:00.000Z,44.83014,-1.1441,96.34,Aqua,D
2026-07-24T14:54:00.000Z,44.83084,-1.04046,161.87,Aqua,D
2026-07-24T14:54:00.000Z,44.83245,-1.1308,63.38,Aqua,D
2026-07-24T14:54:00.000Z,44.83503,-1.06135,91.45,Aqua,D
2026-07-24T14:54:00.000Z,44.83681,-1.16049,95.38,Aqua,D
2026-07-24T14:54:00.000Z,44.83733,-1.04812,56.92,Aqua,D
2026-07-24T14:54:00.000Z,44.83912,-1.14722,146.18,Aqua,D
2026-07-24T14:54:00.000Z,44.83962,-1.0349,94.14,Aqua,D
2026-07-24T14:54:00.000Z,44.84143,-1.13391,186.67,Aqua,D
2026-07-24T14:54:00.000Z,44.84375,-1.12061,686.99,Aqua,D
2026-07-24T14:54:00.000Z,44.8458,-1.1636,166.42,Aqua,D
2026-07-24T14:54:00.000Z,44.84605,-1.10732,332.63,Aqua,D
2026-07-24T14:54:00.000Z,44.84629,-1.0512,19.83,Aqua,D
2026-07-24T14:54:00.000Z,44.84811,-1.15032,42.67,Aqua,D
2026-07-24T14:54:00.000Z,44.84835,-1.09405,62.36,Aqua,D
2026-07-24T14:54:00.000Z,44.85042,-1.13702,191.34,Aqua,D
2026-07-24T14:54:00.000Z,44.85248,-1.18004,29.12,Aqua,D
2026-07-24T14:54:00.000Z,44.85272,-1.12371,341.61,Aqua,D
2026-07-24T14:54:00.000Z,44.85479,-1.16672,76.08,Aqua,D
2026-07-24T14:54:00.000Z,44.85503,-1.11043,552.26,Aqua,D
2026-07-24T14:54:00.000Z,44.85733,-1.09715,819.96,Aqua,D
2026-07-24T14:54:00.000Z,44.85962,-1.08388,66.59,Aqua,D
2026-07-24T14:54:00.000Z,44.86147,-1.18317,31.54,Aqua,D
2026-07-24T14:54:00.000Z,44.8617,-1.12682,66.64,Aqua,D
2026-07-24T14:54:00.000Z,44.86378,-1.16984,127.75,Aqua,D
2026-07-24T14:54:00.000Z,44.864,-1.11353,291.05,Aqua,D
2026-07-24T14:54:00.000Z,44.86608,-1.15654,145.17,Aqua,D
2026-07-24T14:54:00.000Z,44.86629,-1.10025,434.17,Aqua,D
2026-07-24T14:54:00.000Z,44.86838,-1.14325,67.6,Aqua,D
2026-07-24T14:54:00.000Z,44.87067,-1.12995,39.57,Aqua,D
2026-07-24T14:54:00.000Z,44.87276,-1.17298,120.88,Aqua,D
2026-07-24T14:54:00.000Z,44.87297,-1.11665,73.49,Aqua,D
2026-07-24T14:54:00.000Z,44.87506,-1.15966,59.17,Aqua,D
2026-07-24T14:54:00.000Z,44.87526,-1.10336,81.96,Aqua,D
2026-07-24T14:54:00.000Z,44.87736,-1.14636,54.89,Aqua,D
2026-07-24T14:54:00.000Z,44.87755,-1.0901,34.44,Aqua,D
2026-07-24T14:54:00.000Z,44.87965,-1.13307,47.6,Aqua,D
2026-07-24T14:54:00.000Z,44.87983,-1.07684,21.58,Aqua,D
2026-07-24T14:54:00.000Z,44.88194,-1.11977,109.11,Aqua,D
2026-07-24T14:54:00.000Z,44.88423,-1.10647,281.03,Aqua,D
2026-07-24T14:54:00.000Z,44.88651,-1.0932,140.46,Aqua,D
2026-07-24T14:54:00.000Z,44.88863,-1.13619,38.82,Aqua,D
2026-07-24T14:54:00.000Z,44.88879,-1.07993,58.71,Aqua,D
2026-07-24T14:54:00.000Z,44.89091,-1.12289,119.46,Aqua,D
2026-07-24T14:54:00.000Z,44.8932,-1.1096,234.02,Aqua,D
2026-07-24T14:54:00.000Z,44.89345,-0.99755,118.15,Aqua,D
2026-07-24T14:54:00.000Z,44.89548,-1.09632,199.0,Aqua,D
2026-07-24T14:54:00.000Z,44.89561,-1.04025,10.81,Aqua,D
2026-07-24T14:54:00.000Z,44.89775,-1.08305,99.69,Aqua,D
2026-07-24T14:54:00.000Z,44.89787,-1.02703,164.87,Aqua,D
2026-07-24T14:54:00.000Z,44.89988,-1.12602,70.67,Aqua,D
2026-07-24T14:54:00.000Z,44.90003,-1.06979,72.98,Aqua,D
2026-07-24T14:54:00.000Z,44.90014,-1.01382,361.31,Aqua,D
2026-07-24T14:54:00.000Z,44.90216,-1.11272,149.03,Aqua,D
2026-07-24T14:54:00.000Z,44.90229,-1.05656,312.08,Aqua,D
2026-07-24T14:54:00.000Z,44.90239,-1.00063,140.83,Aqua,D
2026-07-24T14:54:00.000Z,44.90444,-1.09944,135.06,Aqua,D
2026-07-24T14:54:00.000Z,44.90456,-1.04334,394.02,Aqua,D
2026-07-24T14:54:00.000Z,44.90671,-1.08617,91.16,Aqua,D
2026-07-24T14:54:00.000Z,44.90682,-1.03012,197.06,Aqua,D
2026-07-24T14:54:00.000Z,44.90886,-1.12913,48.09,Aqua,D
2026-07-24T14:54:00.000Z,44.90898,-1.07291,165.23,Aqua,D
2026-07-24T14:54:00.000Z,44.90908,-1.01691,375.88,Aqua,D
2026-07-24T14:54:00.000Z,44.91113,-1.11584,209.6,Aqua,D
2026-07-24T14:54:00.000Z,44.91124,-1.05968,311.39,Aqua,D
2026-07-24T14:54:00.000Z,44.9134,-1.10256,156.66,Aqua,D
2026-07-24T14:54:00.000Z,44.91351,-1.04644,257.61,Aqua,D
2026-07-24T14:54:00.000Z,44.91567,-1.08928,231.87,Aqua,D
2026-07-24T14:54:00.000Z,44.91793,-1.07602,246.44,Aqua,D
2026-07-24T14:54:00.000Z,44.9202,-1.06277,61.76,Aqua,D
2026-07-24T14:54:00.000Z,44.9206,-1.11172,85.4,Aqua,D
2026-07-24T14:54:00.000Z,44.92291,-1.09846,162.89,Aqua,D
2026-07-24T14:54:00.000Z,44.92521,-1.08521,60.58,Aqua,D
2026-07-24T14:54:00.000Z,45.11226,-0.53483,14.95,Aqua,D
2026-07-24T19:34:00.000Z,44.37958,-1.08221,163.66,Terra,N
2026-07-24T19:34:00.000Z,44.38038,-1.11383,0.0,Terra,N
2026-07-24T19:34:00.000Z,44.38807,-1.08136,139.72,Terra,N
2026-07-24T19:36:00.000Z,44.38504,-1.12095,0.0,Terra,N
2026-07-24T19:36:00.000Z,44.91476,-1.12626,0.0,Terra,N
2026-07-25T01:13:00.000Z,44.37392,-1.08357,2.39,N21,N
2026-07-25T01:13:00.000Z,44.37457,-1.07669,3.04,N21,N
2026-07-25T01:13:00.000Z,44.37502,-1.08576,2.6,N21,N
2026-07-25T01:13:00.000Z,44.37921,-1.08306,2.39,N21,N
2026-07-25T01:13:00.000Z,44.37941,-1.08762,2.39,N21,N
2026-07-25T01:13:00.000Z,44.37962,-1.09221,2.85,N21,N
2026-07-25T01:13:00.000Z,44.38031,-1.08529,2.6,N21,N
2026-07-25T01:13:00.000Z,44.38121,-1.10355,2.54,N21,N
2026-07-25T01:13:00.000Z,44.38409,-1.07352,9.47,N21,N
2026-07-25T01:13:00.000Z,44.3843,-1.07805,9.47,N21,N
2026-07-25T01:13:00.000Z,44.3845,-1.08259,12.2,N21,N
2026-07-25T01:13:00.000Z,44.3847,-1.08715,12.2,N21,N
2026-07-25T01:13:00.000Z,44.38491,-1.09171,4.68,N21,N
2026-07-25T01:13:00.000Z,44.38511,-1.09627,4.68,N21,N
2026-07-25T01:13:00.000Z,44.38551,-1.10542,7.02,N21,N
2026-07-25T01:13:00.000Z,44.38572,-1.11003,6.67,N21,N
2026-07-25T01:13:00.000Z,44.38958,-1.07758,9.47,N21,N
2026-07-25T01:13:00.000Z,44.38979,-1.08213,12.2,N21,N
2026-07-25T01:13:00.000Z,44.43867,-1.10544,4.16,N21,N
2026-07-25T01:13:00.000Z,44.43889,-1.11003,4.16,N21,N
2026-07-25T01:13:00.000Z,44.43911,-1.11464,6.32,N21,N
2026-07-25T01:13:00.000Z,44.43932,-1.11926,6.32,N21,N
2026-07-25T01:13:00.000Z,44.43954,-1.12386,4.54,N21,N
2026-07-25T01:13:00.000Z,44.43975,-1.12845,4.54,N21,N
2026-07-25T01:13:00.000Z,44.44376,-1.10047,5.71,N21,N
2026-07-25T01:13:00.000Z,44.44397,-1.10501,4.16,N21,N
2026-07-25T01:13:00.000Z,44.44419,-1.1096,4.16,N21,N
2026-07-25T01:13:00.000Z,44.4444,-1.11421,6.32,N21,N
2026-07-25T01:13:00.000Z,44.44463,-1.11884,6.32,N21,N
2026-07-25T01:13:00.000Z,44.44949,-1.10922,3.22,N21,N
2026-07-25T01:13:00.000Z,44.76775,-1.04178,3.83,N21,N
2026-07-25T01:13:00.000Z,44.76796,-1.04638,3.84,N21,N
2026-07-25T01:13:00.000Z,44.76818,-1.05097,3.84,N21,N
2026-07-25T01:13:00.000Z,44.76839,-1.05558,3.9,N21,N
2026-07-25T01:13:00.000Z,44.76861,-1.06019,3.9,N21,N
2026-07-25T01:13:00.000Z,44.76883,-1.0648,3.72,N21,N
2026-07-25T01:13:00.000Z,44.76905,-1.06943,3.72,N21,N
2026-07-25T01:13:00.000Z,44.76926,-1.07402,4.12,N21,N
2026-07-25T01:13:00.000Z,44.76947,-1.0786,4.12,N21,N
2026-07-25T01:13:00.000Z,44.76969,-1.08321,1.58,N21,N
2026-07-25T01:13:00.000Z,44.76991,-1.08784,1.58,N21,N
2026-07-25T01:13:00.000Z,44.77369,-1.0551,4.93,N21,N
2026-07-25T01:13:00.000Z,44.77415,-0.95401,2.45,N21,N
2026-07-25T01:13:00.000Z,44.77434,-1.06894,6.99,N21,N
2026-07-25T01:13:00.000Z,44.77456,-1.07355,2.93,N21,N
2026-07-25T01:13:00.000Z,44.77478,-1.07813,2.93,N21,N
2026-07-25T01:13:00.000Z,44.77499,-1.08275,7.49,N21,N
2026-07-25T01:13:00.000Z,44.77543,-1.092,1.84,N21,N
2026-07-25T01:13:00.000Z,44.77565,-1.09662,1.84,N21,N
2026-07-25T01:13:00.000Z,44.77586,-1.10124,3.19,N21,N
2026-07-25T01:13:00.000Z,44.77608,-1.10587,3.19,N21,N
2026-07-25T01:13:00.000Z,44.77629,-1.11053,6.03,N21,N
2026-07-25T01:13:00.000Z,44.77652,-1.11518,6.03,N21,N
2026-07-25T01:13:00.000Z,44.77986,-1.07308,2.93,N21,N
2026-07-25T01:13:00.000Z,44.78008,-1.07769,2.93,N21,N
2026-07-25T01:13:00.000Z,44.78074,-1.09156,1.84,N21,N
2026-07-25T01:13:00.000Z,44.78095,-1.09618,1.84,N21,N
2026-07-25T01:13:00.000Z,44.78117,-1.10079,3.19,N21,N
2026-07-25T01:13:00.000Z,44.78139,-1.10542,3.19,N21,N
2026-07-25T01:13:00.000Z,44.78161,-1.11005,6.03,N21,N
2026-07-25T01:13:00.000Z,44.78183,-1.11469,6.03,N21,N
2026-07-25T01:13:00.000Z,44.78494,-1.06801,2.79,N21,N
2026-07-25T01:13:00.000Z,44.78516,-1.07263,4.86,N21,N
2026-07-25T01:13:00.000Z,44.78538,-1.07723,4.86,N21,N
2026-07-25T01:13:00.000Z,44.78549,-1.10711,11.69,N21,N
2026-07-25T01:13:00.000Z,44.7856,-1.08185,3.71,N21,N
2026-07-25T01:13:00.000Z,44.78568,-1.11177,4.23,N21,N
2026-07-25T01:13:00.000Z,44.78582,-1.08647,3.71,N21,N
2026-07-25T01:13:00.000Z,44.78588,-1.11642,4.23,N21,N
2026-07-25T01:13:00.000Z,44.78625,-0.98495,1.75,N21,N
2026-07-25T01:13:00.000Z,44.78648,-1.10035,4.02,N21,N
2026-07-25T01:13:00.000Z,44.7867,-1.10496,4.02,N21,N
2026-07-25T01:13:00.000Z,44.78692,-1.10961,2.74,N21,N
2026-07-25T01:13:00.000Z,44.78714,-1.11424,2.74,N21,N
2026-07-25T01:13:00.000Z,44.78736,-1.11889,3.46,N21,N
2026-07-25T01:13:00.000Z,44.78943,-1.07424,9.24,N21,N
2026-07-25T01:13:00.000Z,44.78963,-1.07886,9.24,N21,N
2026-07-25T01:13:00.000Z,44.78982,-1.08349,7.32,N21,N
2026-07-25T01:13:00.000Z,44.79002,-1.08812,7.32,N21,N
2026-07-25T01:13:00.000Z,44.79024,-1.06756,2.79,N21,N
2026-07-25T01:13:00.000Z,44.79047,-1.07217,4.86,N21,N
2026-07-25T01:13:00.000Z,44.79068,-1.07678,4.86,N21,N
2026-07-25T01:13:00.000Z,44.79091,-1.0814,3.71,N21,N
2026-07-25T01:13:00.000Z,44.79113,-1.08602,3.71,N21,N
2026-07-25T01:13:00.000Z,44.79119,-1.11593,4.23,N21,N
2026-07-25T01:13:00.000Z,44.79135,-1.09065,3.56,N21,N
2026-07-25T01:13:00.000Z,44.79157,-1.09527,3.56,N21,N
2026-07-25T01:13:00.000Z,44.79223,-1.10915,2.74,N21,N
2026-07-25T01:13:00.000Z,44.79245,-1.11378,2.74,N21,N
2026-07-25T01:13:00.000Z,44.79473,-1.07377,7.1,N21,N
2026-07-25T01:13:00.000Z,44.79493,-1.07838,7.1,N21,N
2026-07-25T01:13:00.000Z,44.79513,-1.08302,9.1,N21,N
2026-07-25T01:13:00.000Z,44.79533,-1.08765,9.1,N21,N
2026-07-25T01:13:00.000Z,44.79572,-1.09691,17.0,N21,N
2026-07-25T01:13:00.000Z,44.79577,-1.07172,7.67,N21,N
2026-07-25T01:13:00.000Z,44.79592,-1.10154,6.89,N21,N
2026-07-25T01:13:00.000Z,44.79599,-1.07632,7.67,N21,N
2026-07-25T01:13:00.000Z,44.79611,-1.10618,6.89,N21,N
2026-07-25T01:13:00.000Z,44.79621,-1.08094,7.72,N21,N
2026-07-25T01:13:00.000Z,44.79643,-1.08556,7.72,N21,N
2026-07-25T01:13:00.000Z,44.79666,-1.0902,14.39,N21,N
2026-07-25T01:13:00.000Z,44.79688,-1.09481,14.39,N21,N
2026-07-25T01:13:00.000Z,44.7971,-1.09944,7.83,N21,N
2026-07-25T01:13:00.000Z,44.79732,-1.10407,7.83,N21,N
2026-07-25T01:13:00.000Z,44.80017,-1.0528,2.85,N21,N
2026-07-25T01:13:00.000Z,44.80024,-1.07792,7.1,N21,N
2026-07-25T01:13:00.000Z,44.8004,-1.05741,2.85,N21,N
2026-07-25T01:13:00.000Z,44.80044,-1.08256,9.1,N21,N
2026-07-25T01:13:00.000Z,44.80064,-1.08719,9.1,N21,N
2026-07-25T01:13:00.000Z,44.80083,-1.09183,17.0,N21,N
2026-07-25T01:13:00.000Z,44.80103,-1.09646,17.0,N21,N
2026-07-25T01:13:00.000Z,44.80123,-1.10108,6.89,N21,N
2026-07-25T01:13:00.000Z,44.80152,-1.0805,7.72,N21,N
2026-07-25T01:13:00.000Z,44.80174,-1.08513,7.72,N21,N
2026-07-25T01:13:00.000Z,44.80196,-1.08976,14.39,N21,N
2026-07-25T01:13:00.000Z,44.80219,-1.09438,14.39,N21,N
2026-07-25T01:13:00.000Z,44.80241,-1.099,7.83,N21,N
2026-07-25T01:13:00.000Z,44.80594,-1.08672,9.86,N21,N
2026-07-25T01:13:00.000Z,44.80634,-1.09597,11.07,N21,N
2026-07-25T01:13:00.000Z,44.84537,-1.13456,7.08,N21,N
2026-07-25T01:13:00.000Z,44.85028,-1.12478,5.99,N21,N
2026-07-25T01:13:00.000Z,44.85049,-1.12943,5.99,N21,N
2026-07-25T01:13:00.000Z,44.85069,-1.13408,13.78,N21,N
2026-07-25T01:13:00.000Z,44.8511,-1.1434,7.1,N21,N
2026-07-25T01:13:00.000Z,44.85538,-1.11967,11.14,N21,N
2026-07-25T01:13:00.000Z,44.8556,-1.12432,5.99,N21,N
2026-07-25T01:13:00.000Z,44.85986,-1.10062,9.66,N21,N
2026-07-25T01:13:00.000Z,44.86007,-1.10526,9.02,N21,N
2026-07-25T01:13:00.000Z,44.86496,-1.09553,9.66,N21,N
2026-07-25T01:13:00.000Z,44.86517,-1.10015,9.66,N21,N
2026-07-25T01:13:00.000Z,44.87027,-1.0951,6.44,N21,N
2026-07-25T01:13:00.000Z,44.87048,-1.09972,6.44,N21,N
2026-07-25T01:13:00.000Z,44.8707,-1.10435,5.55,N21,N
2026-07-25T01:13:00.000Z,44.87091,-1.109,5.55,N21,N
2026-07-25T01:13:00.000Z,44.8722,-0.91076,3.14,N21,N
2026-07-25T01:13:00.000Z,44.87746,-0.91031,3.14,N21,N
2026-07-25T01:13:00.000Z,44.87768,-0.91485,3.14,N21,N
2026-07-25T01:13:00.000Z,44.8779,-0.91939,6.41,N21,N
2026-07-25T01:13:00.000Z,44.88246,-0.91031,15.1,N21,N
2026-07-25T01:13:00.000Z,44.88266,-0.91486,15.1,N21,N
2026-07-25T01:13:00.000Z,44.88272,-0.90984,12.41,N21,N
2026-07-25T01:13:00.000Z,44.88285,-0.91943,15.1,N21,N
2026-07-25T01:13:00.000Z,44.88295,-0.91439,12.41,N21,N
2026-07-25T01:13:00.000Z,44.88316,-0.91895,7.53,N21,N
2026-07-25T01:13:00.000Z,44.88325,-0.92852,2.74,N21,N
2026-07-25T01:13:00.000Z,44.88344,-0.93306,2.74,N21,N
2026-07-25T01:13:00.000Z,44.88361,-0.92803,3.66,N21,N
2026-07-25T01:13:00.000Z,44.88383,-0.93257,3.66,N21,N
2026-07-25T01:13:00.000Z,44.88405,-0.93711,3.44,N21,N
2026-07-25T01:13:00.000Z,44.88851,-0.92804,2.74,N21,N
2026-07-25T01:13:00.000Z,44.88866,-0.92304,7.53,N21,N
2026-07-25T01:13:00.000Z,44.88887,-0.92756,3.66,N21,N
2026-07-25T01:13:00.000Z,44.88932,-0.93664,3.44,N21,N
2026-07-25T01:13:00.000Z,44.89318,-0.91387,7.68,N21,N
2026-07-25T01:13:00.000Z,44.89327,-1.13062,5.9,N21,N
2026-07-25T01:13:00.000Z,44.89338,-0.91843,27.93,N21,N
2026-07-25T01:13:00.000Z,44.89359,-0.92299,27.93,N21,N
2026-07-25T01:13:00.000Z,44.8937,-0.91799,22.86,N21,N
2026-07-25T01:13:00.000Z,44.89378,-0.92754,66.29,N21,N
2026-07-25T01:13:00.000Z,44.89392,-0.92254,22.86,N21,N
2026-07-25T01:13:00.000Z,44.89398,-0.9321,66.29,N21,N
2026-07-25T01:13:00.000Z,44.89414,-0.92708,57.97,N21,N
2026-07-25T01:13:00.000Z,44.89418,-0.93667,14.3,N21,N
2026-07-25T01:13:00.000Z,44.89437,-0.93164,57.97,N21,N
2026-07-25T01:13:00.000Z,44.89459,-0.9362,14.49,N21,N
2026-07-25T01:13:00.000Z,44.89865,-0.91794,27.93,N21,N
2026-07-25T01:13:00.000Z,44.89885,-0.9225,27.93,N21,N
2026-07-25T01:13:00.000Z,44.89896,-0.91752,22.86,N21,N
2026-07-25T01:13:00.000Z,44.89905,-0.92706,66.29,N21,N
2026-07-25T01:13:00.000Z,44.89919,-0.92208,22.86,N21,N
2026-07-25T01:13:00.000Z,44.89925,-0.93163,66.29,N21,N
2026-07-25T01:13:00.000Z,44.89941,-0.92663,57.97,N21,N
2026-07-25T01:13:00.000Z,44.89945,-0.9362,14.3,N21,N
2026-07-25T01:13:00.000Z,44.89964,-0.93118,57.97,N21,N
2026-07-25T01:13:00.000Z,44.89965,-0.94078,14.3,N21,N
2026-07-25T01:13:00.000Z,44.89986,-0.93574,14.49,N21,N
2026-07-25T01:13:00.000Z,44.90009,-0.94032,14.49,N21,N
2026-07-25T01:13:00.000Z,44.90369,-1.1251,10.84,N21,N
2026-07-25T01:13:00.000Z,44.90412,-0.92205,7.16,N21,N
2026-07-25T01:13:00.000Z,44.90432,-0.9266,16.83,N21,N
2026-07-25T01:13:00.000Z,44.90493,-0.94031,5.72,N21,N
2026-07-25T01:13:00.000Z,44.90512,-0.94489,15.74,N21,N
2026-07-25T01:13:00.000Z,44.90613,-0.96779,6.25,N21,N
2026-07-25T01:13:00.000Z,44.9062,-1.09279,9.66,N21,N
2026-07-25T01:13:00.000Z,44.90746,-1.09208,10.02,N21,N
2026-07-25T01:13:00.000Z,44.90924,-1.12931,4.11,N21,N
2026-07-25T01:13:00.000Z,44.90939,-0.9216,7.16,N21,N
2026-07-25T01:13:00.000Z,44.9177,-0.98976,4.22,N21,N
2026-07-25T01:13:00.000Z,44.91842,-1.12912,6.96,N21,N
2026-07-25T01:13:00.000Z,44.91851,-1.00816,5.13,N21,N
2026-07-25T01:13:00.000Z,44.91872,-1.01278,5.13,N21,N
2026-07-25T01:13:00.000Z,44.91882,-1.13845,5.04,N21,N
2026-07-25T01:13:00.000Z,44.92314,-1.11474,12.15,N21,N
2026-07-25T01:13:00.000Z,44.92319,-0.99391,4.22,N21,N
2026-07-25T01:13:00.000Z,44.9234,-0.99851,9.25,N21,N
2026-07-25T01:13:00.000Z,44.9236,-1.00311,9.25,N21,N
2026-07-25T01:13:00.000Z,44.92381,-1.0077,5.13,N21,N
2026-07-25T01:13:00.000Z,44.924,-1.0123,5.13,N21,N
2026-07-25T01:13:00.000Z,44.92664,-1.0724,8.93,N21,N
2026-07-25T01:13:00.000Z,44.92685,-1.07706,8.93,N21,N
2026-07-25T01:13:00.000Z,44.92705,-1.0817,11.18,N21,N
2026-07-25T01:13:00.000Z,44.92725,-1.08633,11.18,N21,N
2026-07-25T01:13:00.000Z,44.92745,-1.09099,10.35,N21,N
2026-07-25T01:13:00.000Z,44.92765,-1.09564,10.35,N21,N
2026-07-25T01:13:00.000Z,44.92785,-1.10028,8.44,N21,N
2026-07-25T01:13:00.000Z,44.92805,-1.10494,8.44,N21,N
2026-07-25T01:13:00.000Z,44.92807,-0.98423,4.74,N21,N
2026-07-25T01:13:00.000Z,44.92826,-1.1096,12.15,N21,N
2026-07-25T01:13:00.000Z,44.92827,-0.98883,10.65,N21,N
2026-07-25T01:13:00.000Z,44.92846,-1.11425,12.15,N21,N
2026-07-25T01:13:00.000Z,44.92848,-0.99344,10.65,N21,N
2026-07-25T01:13:00.000Z,44.92867,-1.11891,17.54,N21,N
2026-07-25T01:13:00.000Z,44.92869,-0.99804,8.42,N21,N
2026-07-25T01:13:00.000Z,44.92889,-1.00264,8.42,N21,N
2026-07-25T01:13:00.000Z,44.92906,-1.12817,4.93,N21,N
2026-07-25T01:13:00.000Z,44.92909,-1.00722,6.43,N21,N
2026-07-25T01:13:00.000Z,44.92926,-1.1328,4.93,N21,N
2026-07-25T01:13:00.000Z,44.9293,-1.01181,6.43,N21,N
2026-07-25T01:13:00.000Z,44.92946,-1.13744,6.27,N21,N
2026-07-25T01:13:00.000Z,44.93236,-1.08123,14.18,N21,N
2026-07-25T01:13:00.000Z,44.93256,-1.08588,14.18,N21,N
2026-07-25T01:13:00.000Z,44.93277,-1.09053,16.47,N21,N
2026-07-25T01:13:00.000Z,44.93297,-1.09518,16.47,N21,N
2026-07-25T01:13:00.000Z,44.93315,-0.97919,4.74,N21,N
2026-07-25T01:13:00.000Z,44.93336,-0.98378,4.74,N21,N
2026-07-25T01:13:00.000Z,44.93337,-1.10449,7.43,N21,N
2026-07-25T01:13:00.000Z,44.93356,-0.98836,10.65,N21,N
2026-07-25T01:13:00.000Z,44.93358,-1.10915,5.13,N21,N
2026-07-25T01:13:00.000Z,44.93378,-1.11382,5.13,N21,N
2026-07-25T01:13:00.000Z,44.93398,-0.99757,8.42,N21,N
2026-07-25T01:13:00.000Z,44.93418,-1.00217,8.42,N21,N
2026-07-25T01:13:00.000Z,44.93438,-1.00676,6.43,N21,N
2026-07-25T01:13:00.000Z,44.93459,-1.13239,11.14,N21,N
2026-07-25T01:13:00.000Z,44.935,-1.02059,6.31,N21,N
2026-07-25T01:13:00.000Z,44.93521,-1.0252,4.02,N21,N
2026-07-25T01:13:00.000Z,44.93541,-1.02981,4.02,N21,N
2026-07-25T01:13:00.000Z,44.93603,-1.04372,7.56,N21,N
2026-07-25T01:13:00.000Z,44.93623,-1.04836,7.56,N21,N
2026-07-25T01:13:00.000Z,44.93644,-1.05297,8.34,N21,N
2026-07-25T01:13:00.000Z,44.93665,-1.05759,8.34,N21,N
2026-07-25T01:13:00.000Z,44.93685,-1.06221,9.51,N21,N
2026-07-25T01:13:00.000Z,44.93706,-1.06685,9.51,N21,N
2026-07-25T01:13:00.000Z,44.93726,-1.07148,16.47,N21,N
2026-07-25T01:13:00.000Z,44.93747,-1.07611,16.47,N21,N
2026-07-25T01:13:00.000Z,44.93767,-1.08075,14.18,N21,N
2026-07-25T01:13:00.000Z,44.93787,-1.0854,14.18,N21,N
2026-07-25T01:13:00.000Z,44.93808,-1.09006,16.47,N21,N
2026-07-25T01:13:00.000Z,44.93828,-1.09472,16.47,N21,N
2026-07-25T01:13:00.000Z,44.93849,-1.09938,7.43,N21,N
2026-07-25T01:13:00.000Z,44.93869,-1.10403,7.43,N21,N
2026-07-25T01:13:00.000Z,44.9389,-1.10871,5.13,N21,N
2026-07-25T01:13:00.000Z,44.9391,-1.11342,5.13,N21,N
2026-07-25T01:13:00.000Z,44.94032,-1.14122,8.05,N21,N
2026-07-25T01:13:00.000Z,44.94052,-1.14594,3.4,N21,N
2026-07-25T01:13:00.000Z,44.94071,-1.02939,5.89,N21,N
2026-07-25T01:13:00.000Z,44.94092,-1.03401,5.13,N21,N
2026-07-25T01:13:00.000Z,44.94113,-1.03864,5.13,N21,N
2026-07-25T01:13:00.000Z,44.94133,-1.0433,45.83,N21,N
2026-07-25T01:13:00.000Z,44.94154,-1.04793,45.83,N21,N
2026-07-25T01:13:00.000Z,44.94175,-1.05255,19.38,N21,N
2026-07-25T01:13:00.000Z,44.94196,-1.05718,19.38,N21,N
2026-07-25T01:13:00.000Z,44.94216,-1.06181,14.55,N21,N
2026-07-25T01:13:00.000Z,44.94236,-1.06643,14.55,N21,N
2026-07-25T01:13:00.000Z,44.94257,-1.07104,12.62,N21,N
2026-07-25T01:13:00.000Z,44.94278,-1.07569,12.62,N21,N
2026-07-25T01:13:00.000Z,44.94298,-1.08034,8.91,N21,N
2026-07-25T01:13:00.000Z,44.94319,-1.08499,8.91,N21,N
2026-07-25T01:13:00.000Z,44.9434,-1.08964,6.55,N21,N
2026-07-25T01:13:00.000Z,44.9436,-1.09428,6.55,N21,N
2026-07-25T01:13:00.000Z,44.94381,-1.09895,6.04,N21,N
2026-07-25T01:13:00.000Z,44.94401,-1.10361,6.04,N21,N
2026-07-25T01:13:00.000Z,44.94422,-1.10831,9.4,N21,N
2026-07-25T01:13:00.000Z,44.94442,-1.11299,9.4,N21,N
2026-07-25T01:13:00.000Z,44.94564,-1.14076,4.47,N21,N
2026-07-25T01:13:00.000Z,44.94585,-1.14545,6.09,N21,N
2026-07-25T01:13:00.000Z,44.94685,-1.04751,45.83,N21,N
2026-07-25T01:13:00.000Z,44.94705,-1.05213,19.38,N21,N
2026-07-25T01:13:00.000Z,44.94726,-1.05675,19.38,N21,N
2026-07-25T01:13:00.000Z,44.94747,-1.06139,14.55,N21,N
2026-07-25T01:13:00.000Z,44.94767,-1.066,14.55,N21,N
2026-07-25T01:13:00.000Z,44.94788,-1.07063,12.62,N21,N
2026-07-25T01:13:00.000Z,44.94809,-1.07527,12.62,N21,N
2026-07-25T01:13:00.000Z,44.94829,-1.07991,8.91,N21,N
2026-07-25T01:13:00.000Z,44.9485,-1.08455,8.91,N21,N
2026-07-25T01:13:00.000Z,44.94871,-1.08921,6.55,N21,N
2026-07-25T01:13:00.000Z,44.94891,-1.09386,6.55,N21,N
2026-07-25T01:13:00.000Z,44.94912,-1.09853,6.04,N21,N
2026-07-25T01:13:00.000Z,44.94933,-1.10321,6.04,N21,N
2026-07-25T01:13:00.000Z,44.94954,-1.10789,9.4,N21,N
2026-07-25T01:13:00.000Z,44.95057,-1.13108,17.36,N21,N
2026-07-25T01:13:00.000Z,44.95077,-1.13566,4.47,N21,N
2026-07-25T01:13:00.000Z,44.95097,-1.1403,4.47,N21,N
2026-07-25T01:13:00.000Z,44.95298,-1.06558,5.48,N21,N
2026-07-25T01:13:00.000Z,44.95319,-1.07019,3.52,N21,N
2026-07-25T01:13:00.000Z,44.9534,-1.07482,3.52,N21,N
2026-07-25T01:13:00.000Z,44.95403,-1.08879,5.81,N21,N
2026-07-25T01:13:00.000Z,44.95423,-1.09345,5.81,N21,N
2026-07-25T01:13:00.000Z,44.95444,-1.09813,6.19,N21,N
2026-07-25T01:13:00.000Z,44.9545,-0.98201,5.13,N21,N
2026-07-25T01:13:00.000Z,44.95465,-1.1028,6.19,N21,N
2026-07-25T01:13:00.000Z,44.95486,-1.10747,13.81,N21,N
2026-07-25T01:13:00.000Z,44.95568,-1.12603,3.03,N21,N
2026-07-25T01:13:00.000Z,44.95589,-1.13063,3.03,N21,N
2026-07-25T01:13:00.000Z,44.95829,-1.06513,5.48,N21,N
2026-07-25T01:13:00.000Z,44.9585,-1.06976,3.52,N21,N
2026-07-25T01:13:00.000Z,44.95871,-1.07439,3.52,N21,N
2026-07-25T01:13:00.000Z,44.95892,-1.07903,8.34,N21,N
2026-07-25T01:13:00.000Z,44.95913,-1.08368,8.34,N21,N
2026-07-25T01:13:00.000Z,44.95934,-1.08834,5.81,N21,N
2026-07-25T01:13:00.000Z,44.95955,-1.09299,5.81,N21,N
2026-07-25T01:13:00.000Z,44.95976,-1.09767,6.19,N21,N
2026-07-25T01:13:00.000Z,44.95996,-1.10236,6.19,N21,N
2026-07-25T01:13:00.000Z,44.9608,-1.12098,9.22,N21,N
2026-07-25T01:13:00.000Z,44.96101,-1.12562,3.03,N21,N
2026-07-25T01:13:00.000Z,44.96122,-1.13025,3.03,N21,N
2026-07-25T01:13:00.000Z,44.9636,-1.06468,3.96,N21,N
2026-07-25T01:13:00.000Z,44.96381,-1.06932,4.84,N21,N
2026-07-25T01:13:00.000Z,44.96402,-1.07396,4.84,N21,N
2026-07-25T01:13:00.000Z,44.96423,-1.07859,5.36,N21,N
2026-07-25T01:13:00.000Z,44.96444,-1.08324,5.36,N21,N
2026-07-25T01:13:00.000Z,44.96486,-1.09255,12.64,N21,N
2026-07-25T01:13:00.000Z,44.96507,-1.09722,4.68,N21,N
2026-07-25T01:13:00.000Z,44.96592,-1.11588,3.94,N21,N
2026-07-25T01:13:00.000Z,44.96612,-1.12054,3.94,N21,N
2026-07-25T01:13:00.000Z,44.96633,-1.1252,2.82,N21,N
2026-07-25T01:13:00.000Z,44.96655,-1.12983,2.82,N21,N
2026-07-25T01:13:00.000Z,44.96869,-1.05957,3.96,N21,N
2026-07-25T01:13:00.000Z,44.9689,-1.0642,3.96,N21,N
2026-07-25T01:13:00.000Z,44.96912,-1.06885,4.84,N21,N
2026-07-25T01:13:00.000Z,44.96933,-1.07351,4.84,N21,N
2026-07-25T01:13:00.000Z,44.96954,-1.07816,5.36,N21,N
2026-07-25T01:13:00.000Z,44.97039,-1.09679,4.68,N21,N
2026-07-25T01:13:00.000Z,44.9706,-1.10146,4.68,N21,N
2026-07-25T01:13:00.000Z,44.97187,-1.12941,2.82,N21,N
2026-07-25T01:13:00.000Z,44.97357,-1.04985,5.09,N21,N
2026-07-25T01:13:00.000Z,44.97421,-1.06376,4.39,N21,N
2026-07-25T01:13:00.000Z,44.97443,-1.06841,5.03,N21,N
2026-07-25T01:13:00.000Z,44.97485,-1.0777,3.96,N21,N
2026-07-25T01:13:00.000Z,44.97506,-1.08235,3.96,N21,N
2026-07-25T01:13:00.000Z,44.97549,-1.09164,7.63,N21,N
2026-07-25T01:13:00.000Z,44.97866,-1.04477,4.87,N21,N
2026-07-25T01:13:00.000Z,44.97887,-1.04941,5.09,N21,N
2026-07-25T01:13:00.000Z,44.97909,-1.05406,5.09,N21,N
2026-07-25T01:13:00.000Z,44.97931,-1.05871,4.39,N21,N
2026-07-25T01:13:00.000Z,44.97952,-1.06334,4.39,N21,N
2026-07-25T01:13:00.000Z,44.97974,-1.06798,5.03,N21,N
2026-07-25T01:13:00.000Z,44.97995,-1.07262,5.03,N21,N
2026-07-25T01:13:00.000Z,44.98016,-1.07726,3.96,N21,N
2026-07-25T01:13:00.000Z,44.98038,-1.0819,3.96,N21,N
2026-07-25T01:13:00.000Z,44.98418,-1.04896,2.32,N21,N
2026-07-25T01:13:00.000Z,44.9844,-1.05359,2.32,N21,N
2026-07-25T01:13:00.000Z,44.98461,-1.05823,2.73,N21,N
2026-07-25T01:13:00.000Z,44.98483,-1.06288,2.73,N21,N
2026-07-25T01:13:00.000Z,44.98504,-1.06752,4.23,N21,N
2026-07-25T01:13:00.000Z,44.98526,-1.07217,4.23,N21,N
2026-07-25T01:13:00.000Z,44.98548,-1.07682,3.68,N21,N
2026-07-25T01:13:00.000Z,44.98948,-1.0485,2.32,N21,N
2026-07-25T01:13:00.000Z,44.9897,-1.05313,2.32,N21,N
2026-07-25T01:13:00.000Z,44.98992,-1.05778,2.73,N21,N
2026-07-25T01:13:00.000Z,44.99014,-1.06242,2.73,N21,N
2026-07-25T01:13:00.000Z,44.99316,-1.04153,1.26,N21,N
2026-07-25T01:13:00.000Z,44.99335,-1.04616,1.26,N21,N
2026-07-25T01:13:00.000Z,44.99354,-1.0508,1.19,N21,N
2026-07-25T01:13:00.000Z,44.99374,-1.05543,1.19,N21,N
2026-07-25T01:13:00.000Z,44.99393,-1.06007,1.09,N21,N
2026-07-25T01:13:00.000Z,44.99489,-1.0833,1.71,N21,N
2026-07-25T01:49:00.000Z,44.36808,-1.10546,6.52,N,N
2026-07-25T01:49:00.000Z,44.36878,-1.11216,6.52,N,N
2026-07-25T01:49:00.000Z,44.3691,-1.15323,5.39,N,N
2026-07-25T01:49:00.000Z,44.36914,-1.07792,14.53,N,N
2026-07-25T01:49:00.000Z,44.36948,-1.11887,9.95,N,N
2026-07-25T01:49:00.000Z,44.3698,-1.15996,6.51,N,N
2026-07-25T01:49:00.000Z,44.36984,-1.08458,14.53,N,N
2026-07-25T01:49:00.000Z,44.37054,-1.09125,9.66,N,N
2026-07-25T01:49:00.000Z,44.37124,-1.09795,9.66,N,N
2026-07-25T01:49:00.000Z,44.37193,-1.10465,6.52,N,N
2026-07-25T01:49:00.000Z,44.37264,-1.11135,6.52,N,N
2026-07-25T01:49:00.000Z,44.37299,-1.07711,16.69,N,N
2026-07-25T01:49:00.000Z,44.37333,-1.11806,9.95,N,N
2026-07-25T01:49:00.000Z,44.37369,-1.08378,16.69,N,N
2026-07-25T01:49:00.000Z,44.37404,-1.12477,9.95,N,N
2026-07-25T01:49:00.000Z,44.37439,-1.09045,27.49,N,N
2026-07-25T01:49:00.000Z,44.3751,-1.09715,27.49,N,N
2026-07-25T01:49:00.000Z,44.37579,-1.10385,4.95,N,N
2026-07-25T01:49:00.000Z,44.3765,-1.11054,4.95,N,N
2026-07-25T01:49:00.000Z,44.37685,-1.07631,16.69,N,N
2026-07-25T01:49:00.000Z,44.3772,-1.11725,6.35,N,N
2026-07-25T01:49:00.000Z,44.37754,-1.08297,16.69,N,N
2026-07-25T01:49:00.000Z,44.3779,-1.12396,6.35,N,N
2026-07-25T01:49:00.000Z,44.37825,-1.08965,27.49,N,N
2026-07-25T01:49:00.000Z,44.37895,-1.09636,27.49,N,N
2026-07-25T01:49:00.000Z,44.37965,-1.10304,4.95,N,N
2026-07-25T01:49:00.000Z,44.38105,-1.11645,6.35,N,N
2026-07-25T01:49:00.000Z,44.38139,-1.15755,5.07,N,N
2026-07-25T01:49:00.000Z,44.3814,-1.08217,16.6,N,N
2026-07-25T01:49:00.000Z,44.3821,-1.08886,10.17,N,N
2026-07-25T01:49:00.000Z,44.3828,-1.09555,10.17,N,N
2026-07-25T01:49:00.000Z,44.38351,-1.10224,5.78,N,N
2026-07-25T01:49:00.000Z,44.38421,-1.10894,5.78,N,N
2026-07-25T01:49:00.000Z,44.38455,-1.0747,16.6,N,N
2026-07-25T01:49:00.000Z,44.38491,-1.11565,7.85,N,N
2026-07-25T01:49:00.000Z,44.38525,-1.08137,16.6,N,N
2026-07-25T01:49:00.000Z,44.38595,-1.08805,10.17,N,N
2026-07-25T01:49:00.000Z,44.3884,-1.07391,12.74,N,N
2026-07-25T01:49:00.000Z,44.38911,-1.08057,12.74,N,N
2026-07-25T01:49:00.000Z,44.38981,-1.08725,7.8,N,N
2026-07-25T01:49:00.000Z,44.42393,-1.14883,4.05,N,N
2026-07-25T01:49:00.000Z,44.42465,-1.15557,4.05,N,N
2026-07-25T01:49:00.000Z,44.42709,-1.14131,5.49,N,N
2026-07-25T01:49:00.000Z,44.4278,-1.14804,5.59,N,N
2026-07-25T01:49:00.000Z,44.42851,-1.15478,5.59,N,N
2026-07-25T01:49:00.000Z,44.42952,-1.12707,5.78,N,N
2026-07-25T01:49:00.000Z,44.42974,-1.12768,3.83,N,N
2026-07-25T01:49:00.000Z,44.43043,-1.13442,3.83,N,N
2026-07-25T01:49:00.000Z,44.43095,-1.14052,5.49,N,N
2026-07-25T01:49:00.000Z,44.43111,-1.14115,5.59,N,N
2026-07-25T01:49:00.000Z,44.43167,-1.14725,5.59,N,N
2026-07-25T01:49:00.000Z,44.43179,-1.14789,5.59,N,N
2026-07-25T01:49:00.000Z,44.43482,-1.13973,7.44,N,N
2026-07-25T01:49:00.000Z,44.43498,-1.14035,5.59,N,N
2026-07-25T01:49:00.000Z,44.43967,-1.11125,7.52,N,N
2026-07-25T01:49:00.000Z,44.43996,-1.11181,7.76,N,N
2026-07-25T01:49:00.000Z,44.44039,-1.11798,4.83,N,N
2026-07-25T01:49:00.000Z,44.44065,-1.11856,7.76,N,N
2026-07-25T01:49:00.000Z,44.44425,-1.11719,4.83,N,N
2026-07-25T01:49:00.000Z,44.77749,-0.96595,2.47,N,N
2026-07-25T01:49:00.000Z,44.77818,-0.97267,2.47,N,N
2026-07-25T01:49:00.000Z,44.77858,-1.20878,4.2,N,N
2026-07-25T01:49:00.000Z,44.77928,-1.21567,3.9,N,N
2026-07-25T01:49:00.000Z,44.77997,-1.22259,3.9,N,N
2026-07-25T01:49:00.000Z,44.78248,-1.20797,5.92,N,N
2026-07-25T01:49:00.000Z,44.78317,-1.21487,3.0,N,N
2026-07-25T01:49:00.000Z,44.78387,-1.22179,3.0,N,N
2026-07-25T01:49:00.000Z,44.78456,-1.22871,2.18,N,N
2026-07-25T01:49:00.000Z,44.79956,-0.98886,1.92,N,N
2026-07-25T01:49:00.000Z,44.80725,-1.21696,1.49,N,N
2026-07-25T01:49:00.000Z,44.80796,-1.2239,2.7,N,N
2026-07-25T01:49:00.000Z,44.81044,-1.20923,1.49,N,N
2026-07-25T01:49:00.000Z,44.81115,-1.21615,1.49,N,N
2026-07-25T01:49:00.000Z,44.81434,-1.20845,3.71,N,N
2026-07-25T01:49:00.000Z,44.86314,-0.91439,2.93,N,N
2026-07-25T01:49:00.000Z,44.86699,-0.91357,2.84,N,N
2026-07-25T01:49:00.000Z,44.87083,-0.91276,2.84,N,N
2026-07-25T01:49:00.000Z,44.87468,-0.91195,4.06,N,N
2026-07-25T01:49:00.000Z,44.87853,-0.91115,4.06,N,N
2026-07-25T01:49:00.000Z,44.87923,-0.91787,4.06,N,N
2026-07-25T01:49:00.000Z,44.88238,-0.91034,3.27,N,N
2026-07-25T01:49:00.000Z,44.88622,-0.90953,3.27,N,N
2026-07-25T01:49:00.000Z,44.89462,-0.91462,4.08,N,N
2026-07-25T01:49:00.000Z,44.89533,-0.92135,7.09,N,N
2026-07-25T01:49:00.000Z,44.89917,-0.92054,2.5,N,N
2026-07-25T02:11:00.000Z,44.3664,-1.14908,2.72,N20,N
2026-07-25T02:11:00.000Z,44.36698,-1.08903,2.08,N20,N
2026-07-25T02:11:00.000Z,44.36717,-1.15383,2.72,N20,N
2026-07-25T02:11:00.000Z,44.36774,-1.09378,2.08,N20,N
2026-07-25T02:11:00.000Z,44.36851,-1.09853,3.46,N20,N
2026-07-25T02:11:00.000Z,44.3687,-1.07849,10.9,N20,N
2026-07-25T02:11:00.000Z,44.36946,-1.08325,10.9,N20,N
2026-07-25T02:11:00.000Z,44.36966,-1.14806,1.33,N20,N
2026-07-25T02:11:00.000Z,44.37024,-1.088,2.08,N20,N
2026-07-25T02:11:00.000Z,44.37043,-1.15281,1.33,N20,N
2026-07-25T02:11:00.000Z,44.371,-1.09276,2.08,N20,N
2026-07-25T02:11:00.000Z,44.37119,-1.15756,1.42,N20,N
2026-07-25T02:11:00.000Z,44.37119,-1.07272,2.15,N20,N
2026-07-25T02:11:00.000Z,44.37177,-1.09751,3.46,N20,N
2026-07-25T02:11:00.000Z,44.37196,-1.07747,14.99,N20,N
2026-07-25T02:11:00.000Z,44.37272,-1.08222,14.99,N20,N
2026-07-25T02:11:00.000Z,44.37349,-1.08698,9.02,N20,N
2026-07-25T02:11:00.000Z,44.37444,-1.07169,2.15,N20,N
2026-07-25T02:11:00.000Z,44.37503,-1.09648,1.93,N20,N
2026-07-25T02:11:00.000Z,44.37521,-1.16128,1.42,N20,N
2026-07-25T02:11:00.000Z,44.37521,-1.07645,14.99,N20,N
2026-07-25T02:11:00.000Z,44.37598,-1.16603,1.79,N20,N
2026-07-25T02:11:00.000Z,44.37598,-1.0812,14.99,N20,N
2026-07-25T02:11:00.000Z,44.37674,-1.17078,1.79,N20,N
2026-07-25T02:11:00.000Z,44.37675,-1.08595,9.02,N20,N
2026-07-25T02:11:00.000Z,44.3783,-1.07301,5.45,N20,N
2026-07-25T02:11:00.000Z,44.37907,-1.07776,11.03,N20,N
2026-07-25T02:11:00.000Z,44.37984,-1.08251,11.03,N20,N
2026-07-25T02:11:00.000Z,44.38061,-1.08726,3.74,N20,N
2026-07-25T02:11:00.000Z,44.38096,-1.15449,2.45,N20,N
2026-07-25T02:11:00.000Z,44.38138,-1.09201,3.74,N20,N
2026-07-25T02:11:00.000Z,44.38156,-1.07199,5.45,N20,N
2026-07-25T02:11:00.000Z,44.38173,-1.15924,2.45,N20,N
2026-07-25T02:11:00.000Z,44.38233,-1.07674,11.03,N20,N
2026-07-25T02:11:00.000Z,44.38309,-1.08149,11.03,N20,N
2026-07-25T02:11:00.000Z,44.38387,-1.08624,3.74,N20,N
2026-07-25T02:11:00.000Z,44.38422,-1.15347,2.75,N20,N
2026-07-25T02:11:00.000Z,44.38464,-1.09099,3.74,N20,N
2026-07-25T02:11:00.000Z,44.38482,-1.07096,3.4,N20,N
2026-07-25T02:11:00.000Z,44.38559,-1.07571,10.12,N20,N
2026-07-25T02:11:00.000Z,44.38635,-1.08046,10.12,N20,N
2026-07-25T02:11:00.000Z,44.38712,-1.08521,4.24,N20,N
2026-07-25T02:11:00.000Z,44.38789,-1.08996,4.24,N20,N
2026-07-25T02:11:00.000Z,44.38884,-1.07469,10.12,N20,N
2026-07-25T02:11:00.000Z,44.38961,-1.07944,10.12,N20,N
2026-07-25T02:11:00.000Z,44.39038,-1.08419,4.24,N20,N
2026-07-25T02:11:00.000Z,44.75868,-1.05245,3.28,N20,N
2026-07-25T02:11:00.000Z,44.77207,-1.17876,2.11,N20,N
2026-07-25T02:11:00.000Z,44.77227,-1.15861,3.62,N20,N
2026-07-25T02:11:00.000Z,44.77283,-1.18353,1.91,N20,N
2026-07-25T02:11:00.000Z,44.77318,-0.97248,2.82,N20,N
2026-07-25T02:11:00.000Z,44.77456,-1.17295,2.11,N20,N
2026-07-25T02:11:00.000Z,44.77533,-1.17773,2.11,N20,N
2026-07-25T02:11:00.000Z,44.77567,-0.96666,2.87,N20,N
2026-07-25T02:11:00.000Z,44.77609,-1.18251,1.91,N20,N
2026-07-25T02:11:00.000Z,44.77706,-1.16715,3.98,N20,N
2026-07-25T02:11:00.000Z,44.77721,-0.97623,2.82,N20,N
2026-07-25T02:11:00.000Z,44.77761,-1.19207,1.38,N20,N
2026-07-25T02:11:00.000Z,44.77782,-1.17193,1.5,N20,N
2026-07-25T02:11:00.000Z,44.77815,-0.96084,2.17,N20,N
2026-07-25T02:11:00.000Z,44.77837,-1.19685,1.38,N20,N
2026-07-25T02:11:00.000Z,44.77842,-1.1115,8.98,N20,N
2026-07-25T02:11:00.000Z,44.77858,-1.17671,1.5,N20,N
2026-07-25T02:11:00.000Z,44.77892,-0.96563,2.17,N20,N
2026-07-25T02:11:00.000Z,44.77919,-1.11628,8.98,N20,N
2026-07-25T02:11:00.000Z,44.77935,-1.18149,2.06,N20,N
2026-07-25T02:11:00.000Z,44.77995,-1.12106,14.95,N20,N
2026-07-25T02:11:00.000Z,44.78091,-1.10569,3.77,N20,N
2026-07-25T02:11:00.000Z,44.78168,-1.11047,4.13,N20,N
2026-07-25T02:11:00.000Z,44.78244,-1.11525,4.13,N20,N
2026-07-25T02:11:00.000Z,44.7826,-1.18046,2.06,N20,N
2026-07-25T02:11:00.000Z,44.78321,-1.12003,5.24,N20,N
2026-07-25T02:11:00.000Z,44.78493,-1.10945,4.13,N20,N
2026-07-25T02:11:00.000Z,44.7857,-1.11423,4.13,N20,N
2026-07-25T02:11:00.000Z,44.78586,-1.17944,2.53,N20,N
2026-07-25T02:11:00.000Z,44.78646,-1.11901,5.24,N20,N
2026-07-25T02:11:00.000Z,44.78819,-1.10842,3.09,N20,N
2026-07-25T02:11:00.000Z,44.78896,-1.1132,3.09,N20,N
2026-07-25T02:11:00.000Z,44.7893,-0.98747,2.13,N20,N
2026-07-25T02:11:00.000Z,44.78972,-1.11798,2.63,N20,N
2026-07-25T02:11:00.000Z,44.79255,-0.98644,2.13,N20,N
2026-07-25T02:11:00.000Z,44.79298,-1.11695,2.63,N20,N
2026-07-25T02:11:00.000Z,44.79332,-0.99122,2.13,N20,N
2026-07-25T02:11:00.000Z,44.79581,-0.9854,2.23,N20,N
2026-07-25T02:11:00.000Z,44.79658,-0.99019,2.23,N20,N
2026-07-25T02:11:00.000Z,44.80574,-1.21837,1.37,N20,N
2026-07-25T02:11:00.000Z,44.80824,-1.21257,1.37,N20,N
2026-07-25T02:11:00.000Z,44.809,-1.21735,1.37,N20,N
2026-07-25T02:11:00.000Z,44.811,-0.99324,3.95,N20,N
2026-07-25T02:11:00.000Z,44.8115,-1.21154,2.13,N20,N
2026-07-25T02:11:00.000Z,44.81425,-0.9922,3.95,N20,N
2026-07-25T02:11:00.000Z,44.81503,-0.99699,3.95,N20,N
2026-07-25T02:11:00.000Z,44.83403,-1.13674,1.25,N20,N
2026-07-25T02:11:00.000Z,44.83782,-0.98974,3.02,N20,N
2026-07-25T02:11:00.000Z,44.84031,-0.98392,3.02,N20,N
2026-07-25T02:11:00.000Z,44.84304,-1.12887,3.91,N20,N
2026-07-25T02:11:00.000Z,44.84533,-1.14322,4.57,N20,N
2026-07-25T02:11:00.000Z,44.84553,-1.12306,3.64,N20,N
2026-07-25T02:11:00.000Z,44.84587,-0.99724,3.86,N20,N
2026-07-25T02:11:00.000Z,44.84706,-1.13263,3.45,N20,N
2026-07-25T02:11:00.000Z,44.84762,-1.15758,2.55,N20,N
2026-07-25T02:11:00.000Z,44.84782,-1.13741,3.45,N20,N
2026-07-25T02:11:00.000Z,44.84802,-1.11724,4.86,N20,N
2026-07-25T02:11:00.000Z,44.84879,-1.12203,3.64,N20,N
2026-07-25T02:11:00.000Z,44.84955,-1.12681,3.64,N20,N
2026-07-25T02:11:00.000Z,44.85011,-1.15177,1.76,N20,N
2026-07-25T02:11:00.000Z,44.85032,-1.1316,3.45,N20,N
2026-07-25T02:11:00.000Z,44.85088,-1.15655,1.76,N20,N
2026-07-25T02:11:00.000Z,44.85128,-1.11622,2.63,N20,N
2026-07-25T02:11:00.000Z,44.85184,-1.14117,4.8,N20,N
2026-07-25T02:11:00.000Z,44.85204,-1.121,3.24,N20,N
2026-07-25T02:11:00.000Z,44.8526,-1.14595,4.8,N20,N
2026-07-25T02:11:00.000Z,44.85273,-0.95479,2.02,N20,N
2026-07-25T02:11:00.000Z,44.85281,-1.12579,3.24,N20,N
2026-07-25T02:11:00.000Z,44.8535,-0.95958,2.04,N20,N
2026-07-25T02:11:00.000Z,44.85357,-1.13057,2.21,N20,N
2026-07-25T02:11:00.000Z,44.85453,-1.11519,2.63,N20,N
2026-07-25T02:11:00.000Z,44.8553,-1.11997,3.24,N20,N
2026-07-25T02:11:00.000Z,44.85606,-1.12476,3.24,N20,N
2026-07-25T02:11:00.000Z,44.85683,-1.12954,2.21,N20,N
2026-07-25T02:11:00.000Z,44.85703,-1.10937,5.05,N20,N
2026-07-25T02:11:00.000Z,44.85779,-1.11416,5.05,N20,N
2026-07-25T02:11:00.000Z,44.85855,-1.11894,5.31,N20,N
2026-07-25T02:11:00.000Z,44.85932,-1.12373,5.31,N20,N
2026-07-25T02:11:00.000Z,44.86105,-1.11313,5.05,N20,N
2026-07-25T02:11:00.000Z,44.86181,-1.11792,5.31,N20,N
2026-07-25T02:11:00.000Z,44.86258,-1.1227,5.31,N20,N
2026-07-25T02:11:00.000Z,44.86277,-1.10253,6.25,N20,N
2026-07-25T02:11:00.000Z,44.86334,-1.12749,6.15,N20,N
2026-07-25T02:11:00.000Z,44.86354,-1.10731,4.95,N20,N
2026-07-25T02:11:00.000Z,44.8643,-1.1121,4.95,N20,N
2026-07-25T02:11:00.000Z,44.86507,-1.11689,3.57,N20,N
2026-07-25T02:11:00.000Z,44.86583,-1.12167,3.57,N20,N
2026-07-25T02:11:00.000Z,44.86603,-1.1015,6.25,N20,N
2026-07-25T02:11:00.000Z,44.8666,-1.12646,3.75,N20,N
2026-07-25T02:11:00.000Z,44.86679,-1.10629,4.95,N20,N
2026-07-25T02:11:00.000Z,44.86756,-1.11107,4.95,N20,N
2026-07-25T02:11:00.000Z,44.86832,-1.11586,3.57,N20,N
2026-07-25T02:11:00.000Z,44.86909,-1.12064,3.57,N20,N
2026-07-25T02:11:00.000Z,44.86929,-1.10047,4.1,N20,N
2026-07-25T02:11:00.000Z,44.87005,-1.10526,7.11,N20,N
2026-07-25T02:11:00.000Z,44.87082,-1.11004,7.11,N20,N
2026-07-25T02:11:00.000Z,44.87158,-1.11483,4.31,N20,N
2026-07-25T02:11:00.000Z,44.87234,-1.11962,4.31,N20,N
2026-07-25T02:11:00.000Z,44.87254,-1.09944,4.1,N20,N
2026-07-25T02:11:00.000Z,44.87331,-1.10423,7.11,N20,N
2026-07-25T02:11:00.000Z,44.87407,-1.10901,7.11,N20,N
2026-07-25T02:11:00.000Z,44.87484,-1.1138,4.31,N20,N
2026-07-25T02:11:00.000Z,44.87809,-1.11277,2.77,N20,N
2026-07-25T02:11:00.000Z,44.87906,-1.09738,4.51,N20,N
2026-07-25T02:11:00.000Z,44.87922,-1.1627,4.28,N20,N
2026-07-25T02:11:00.000Z,44.87999,-1.16749,4.28,N20,N
2026-07-25T02:11:00.000Z,44.88135,-1.11174,2.77,N20,N
2026-07-25T02:11:00.000Z,44.88172,-1.15688,4.01,N20,N
2026-07-25T02:11:00.000Z,44.88211,-1.11653,2.77,N20,N
2026-07-25T02:11:00.000Z,44.88248,-1.16167,4.28,N20,N
2026-07-25T02:11:00.000Z,44.88384,-1.10592,4.73,N20,N
2026-07-25T02:11:00.000Z,44.88418,-0.98002,4.18,N20,N
2026-07-25T02:11:00.000Z,44.88421,-1.15107,1.84,N20,N
2026-07-25T02:11:00.000Z,44.88461,-1.11071,4.26,N20,N
2026-07-25T02:11:00.000Z,44.88495,-0.98481,4.18,N20,N
2026-07-25T02:11:00.000Z,44.88537,-1.1155,4.26,N20,N
2026-07-25T02:11:00.000Z,44.88633,-1.10011,4.73,N20,N
2026-07-25T02:11:00.000Z,44.8871,-1.10489,4.73,N20,N
2026-07-25T02:11:00.000Z,44.88786,-1.10968,4.26,N20,N
2026-07-25T02:11:00.000Z,44.88863,-1.11447,4.26,N20,N
2026-07-25T02:11:00.000Z,44.88882,-1.09429,5.59,N20,N
2026-07-25T02:11:00.000Z,44.88898,-0.98856,4.45,N20,N
2026-07-25T02:11:00.000Z,44.88959,-1.09908,5.12,N20,N
2026-07-25T02:11:00.000Z,44.88974,-0.99335,4.45,N20,N
2026-07-25T02:11:00.000Z,44.89035,-1.10386,5.12,N20,N
2026-07-25T02:11:00.000Z,44.89112,-1.10865,4.47,N20,N
2026-07-25T02:11:00.000Z,44.89189,-1.11344,4.47,N20,N
2026-07-25T02:11:00.000Z,44.89208,-1.09326,5.59,N20,N
2026-07-25T02:11:00.000Z,44.89285,-1.09805,5.12,N20,N
2026-07-25T02:11:00.000Z,44.89361,-1.10283,5.12,N20,N
2026-07-25T02:11:00.000Z,44.89437,-1.10762,4.47,N20,N
2026-07-25T02:11:00.000Z,44.89534,-1.09223,7.27,N20,N
2026-07-25T02:11:00.000Z,44.8961,-1.09702,4.6,N20,N
2026-07-25T02:11:00.000Z,44.89687,-1.1018,4.6,N20,N
2026-07-25T02:11:00.000Z,44.89763,-1.10659,6.21,N20,N
2026-07-25T02:11:00.000Z,44.89936,-1.09598,4.6,N20,N
2026-07-25T02:11:00.000Z,44.90012,-1.10077,4.6,N20,N
2026-07-25T02:11:00.000Z,44.90108,-1.08538,4.61,N20,N
2026-07-25T02:11:00.000Z,44.90185,-1.09016,4.61,N20,N
2026-07-25T02:11:00.000Z,44.90338,-1.09974,6.45,N20,N
2026-07-25T02:11:00.000Z,44.90644,-1.1189,5.32,N20,N
2026-07-25T02:11:00.000Z,44.90664,-1.09871,6.45,N20,N
2026-07-25T02:11:00.000Z,44.9072,-1.12369,2.24,N20,N
2026-07-25T02:11:00.000Z,44.90989,-1.09768,6.16,N20,N
2026-07-25T02:11:00.000Z,44.91372,-1.12163,3.99,N20,N
2026-07-25T02:11:00.000Z,44.91755,-1.06002,4.36,N20,N
2026-07-25T02:11:00.000Z,44.92158,-1.06378,4.36,N20,N
2026-07-25T02:11:00.000Z,44.92234,-1.06857,8.21,N20,N
2026-07-25T02:11:00.000Z,44.92537,-1.06563,3.51,N20,N
2026-07-25T02:11:00.000Z,44.92613,-1.07042,3.29,N20,N
2026-07-25T02:11:00.000Z,44.9269,-1.07521,3.29,N20,N
2026-07-25T02:11:00.000Z,44.92694,-1.09732,4.07,N20,N
2026-07-25T02:11:00.000Z,44.92767,-1.08,4.74,N20,N
2026-07-25T02:11:00.000Z,44.9277,-1.10211,4.07,N20,N
2026-07-25T02:11:00.000Z,44.92844,-1.08479,4.74,N20,N
2026-07-25T02:11:00.000Z,44.9292,-1.08959,11.43,N20,N
2026-07-25T02:11:00.000Z,44.92997,-1.09438,11.43,N20,N
2026-07-25T02:11:00.000Z,44.93016,-1.07418,3.29,N20,N
2026-07-25T02:11:00.000Z,44.93073,-1.09917,5.15,N20,N
2026-07-25T02:11:00.000Z,44.93092,-1.07897,4.74,N20,N
2026-07-25T02:11:00.000Z,44.93322,-1.09335,11.43,N20,N
2026-07-25T02:11:00.000Z,44.93399,-1.09814,5.15,N20,N
2026-07-25T02:11:00.000Z,44.93418,-1.07794,1.82,N20,N
2026-07-25T02:11:00.000Z,44.93495,-1.08273,1.82,N20,N
2026-07-25T02:11:00.000Z,44.93571,-1.08752,9.73,N20,N
2026-07-25T02:11:00.000Z,44.93648,-1.09232,9.73,N20,N
2026-07-25T02:11:00.000Z,44.9382,-1.0817,1.82,N20,N
2026-07-25T02:11:00.000Z,44.93897,-1.08649,9.73,N20,N
2026-07-25T02:11:00.000Z,44.94146,-1.08067,2.78,N20,N
2026-07-25T02:11:00.000Z,44.94223,-1.08546,4.75,N20,N
2026-07-25T02:56:00.000Z,44.36531,-1.15556,2.22,N21,N
2026-07-25T02:56:00.000Z,44.36649,-1.1598,2.42,N21,N
2026-07-25T02:56:00.000Z,44.36908,-1.14863,2.22,N21,N
2026-07-25T02:56:00.000Z,44.37262,-1.16137,2.42,N21,N
2026-07-25T02:56:00.000Z,44.37378,-1.16558,1.94,N21,N
2026-07-25T02:56:00.000Z,44.37496,-1.16981,1.94,N21,N
2026-07-25T02:56:00.000Z,44.37754,-1.15865,3.16,N21,N
2026-07-25T02:56:00.000Z,44.41647,-1.15302,3.87,N21,N
2026-07-25T02:56:00.000Z,44.42631,-1.14753,3.17,N21,N
2026-07-25T02:56:00.000Z,44.43005,-1.14056,4.08,N21,N
2026-07-25T02:56:00.000Z,44.43123,-1.14479,3.54,N21,N
2026-07-25T02:56:00.000Z,44.43615,-1.14204,3.54,N21,N
2026-07-25T02:56:00.000Z,44.44008,-1.11541,3.34,N21,N
2026-07-25T02:56:00.000Z,44.445,-1.11265,3.57,N21,N
2026-07-25T02:56:00.000Z,44.44991,-1.10986,3.57,N21,N
2026-07-25T02:56:00.000Z,44.76921,-1.18325,0.87,N21,N
2026-07-25T02:56:00.000Z,44.7729,-1.17634,1.5,N21,N
2026-07-25T02:56:00.000Z,44.77407,-1.18053,1.5,N21,N
2026-07-25T02:56:00.000Z,44.77521,-1.08357,2.16,N21,N
2026-07-25T02:56:00.000Z,44.77615,-1.10717,4.85,N21,N
2026-07-25T02:56:00.000Z,44.77667,-0.94629,3.82,N21,N
2026-07-25T02:56:00.000Z,44.77694,-0.94473,3.83,N21,N
2026-07-25T02:56:00.000Z,44.7773,-1.11132,4.85,N21,N
2026-07-25T02:56:00.000Z,44.77785,-0.95054,6.11,N21,N
2026-07-25T02:56:00.000Z,44.77814,-0.94897,3.83,N21,N
2026-07-25T02:56:00.000Z,44.77847,-1.11551,8.14,N21,N
2026-07-25T02:56:00.000Z,44.77962,-1.11967,8.14,N21,N
2026-07-25T02:56:00.000Z,44.77987,-1.10027,5.1,N21,N
2026-07-25T02:56:00.000Z,44.78078,-1.12383,6.85,N21,N
2026-07-25T02:56:00.000Z,44.78103,-1.10445,4.85,N21,N
2026-07-25T02:56:00.000Z,44.78157,-0.94351,3.82,N21,N
2026-07-25T02:56:00.000Z,44.78186,-0.94198,3.83,N21,N
2026-07-25T02:56:00.000Z,44.78219,-1.10862,4.85,N21,N
2026-07-25T02:56:00.000Z,44.78334,-1.11277,8.14,N21,N
2026-07-25T02:56:00.000Z,44.7845,-1.11694,8.14,N21,N
2026-07-25T02:56:00.000Z,44.78566,-1.1211,6.85,N21,N
2026-07-25T02:56:00.000Z,44.78707,-1.10588,3.19,N21,N
2026-07-25T02:56:00.000Z,44.78731,-1.08645,4.43,N21,N
2026-07-25T02:56:00.000Z,44.78822,-1.11003,1.17,N21,N
2026-07-25T02:56:00.000Z,44.78938,-1.1142,1.17,N21,N
2026-07-25T02:56:00.000Z,44.79054,-1.11838,2.69,N21,N
2026-07-25T02:56:00.000Z,44.79592,-1.07679,2.85,N21,N
2026-07-25T02:56:00.000Z,44.79708,-1.08098,2.85,N21,N
2026-07-25T02:56:00.000Z,44.79939,-1.08932,6.05,N21,N
2026-07-25T02:56:00.000Z,44.80054,-1.09348,4.0,N21,N
2026-07-25T02:56:00.000Z,44.80196,-1.07823,3.06,N21,N
2026-07-25T02:56:00.000Z,44.80248,-1.22203,1.0,N21,N
2026-07-25T02:56:00.000Z,44.80311,-1.08239,5.95,N21,N
2026-07-25T02:56:00.000Z,44.80427,-1.08657,5.95,N21,N
2026-07-25T02:56:00.000Z,44.80543,-1.09076,5.41,N21,N
2026-07-25T02:56:00.000Z,44.80735,-1.21936,1.02,N21,N
2026-07-25T02:56:00.000Z,44.81108,-1.21263,1.02,N21,N
2026-07-25T02:56:00.000Z,44.81364,-1.20161,1.67,N21,N
2026-07-25T02:56:00.000Z,44.8162,-1.19062,1.55,N21,N
2026-07-25T02:56:00.000Z,44.81735,-1.19476,1.55,N21,N
2026-07-25T02:56:00.000Z,44.8199,-1.18368,2.41,N21,N
2026-07-25T02:56:00.000Z,44.82106,-1.18789,1.46,N21,N
2026-07-25T02:56:00.000Z,44.8433,-1.14642,1.52,N21,N
2026-07-25T02:56:00.000Z,44.84359,-1.12706,1.88,N21,N
2026-07-25T02:56:00.000Z,44.84465,-1.14417,1.91,N21,N
2026-07-25T02:56:00.000Z,44.84471,-1.02384,5.51,N21,N
2026-07-25T02:56:00.000Z,44.84486,-1.12488,3.25,N21,N
2026-07-25T02:56:00.000Z,44.84587,-1.13536,1.26,N21,N
2026-07-25T02:56:00.000Z,44.84702,-1.13953,1.26,N21,N
2026-07-25T02:56:00.000Z,44.84718,-1.13316,4.55,N21,N
2026-07-25T02:56:00.000Z,44.84722,-1.01261,4.78,N21,N
2026-07-25T02:56:00.000Z,44.84815,-1.15663,1.96,N21,N
2026-07-25T02:56:00.000Z,44.84817,-1.1437,1.52,N21,N
2026-07-25T02:56:00.000Z,44.84835,-1.13731,1.91,N21,N
2026-07-25T02:56:00.000Z,44.84841,-1.01686,4.78,N21,N
2026-07-25T02:56:00.000Z,44.84907,-1.1674,1.69,N21,N
2026-07-25T02:56:00.000Z,44.84951,-1.14146,1.91,N21,N
2026-07-25T02:56:00.000Z,44.84959,-1.02107,5.51,N21,N
2026-07-25T02:56:00.000Z,44.84973,-1.12217,5.75,N21,N
2026-07-25T02:56:00.000Z,44.85068,-1.1456,3.45,N21,N
2026-07-25T02:56:00.000Z,44.85088,-1.1263,4.84,N21,N
2026-07-25T02:56:00.000Z,44.85205,-1.13045,4.84,N21,N
2026-07-25T02:56:00.000Z,44.85322,-1.1346,4.84,N21,N
2026-07-25T02:56:00.000Z,44.85329,-1.01406,8.14,N21,N
2026-07-25T02:56:00.000Z,44.85447,-1.01828,7.63,N21,N
2026-07-25T02:56:00.000Z,44.8546,-1.11944,5.75,N21,N
2026-07-25T02:56:00.000Z,44.85576,-1.12359,4.84,N21,N
2026-07-25T02:56:00.000Z,44.85735,-1.17713,0.65,N21,N
2026-07-25T02:56:00.000Z,44.85946,-1.11672,5.09,N21,N
2026-07-25T02:56:00.000Z,44.86063,-1.12087,5.11,N21,N
2026-07-25T02:56:00.000Z,44.86085,-1.10155,6.75,N21,N
2026-07-25T02:56:00.000Z,44.86201,-1.10571,6.75,N21,N
2026-07-25T02:56:00.000Z,44.86317,-1.10985,5.09,N21,N
2026-07-25T02:56:00.000Z,44.86433,-1.11399,5.09,N21,N
2026-07-25T02:56:00.000Z,44.8644,-0.8506,4.59,N21,N
2026-07-25T02:56:00.000Z,44.86455,-1.09465,5.09,N21,N
2026-07-25T02:56:00.000Z,44.86486,-1.17614,1.38,N21,N
2026-07-25T02:56:00.000Z,44.86549,-1.11813,5.11,N21,N
2026-07-25T02:56:00.000Z,44.86602,-1.18025,1.38,N21,N
2026-07-25T02:56:00.000Z,44.86688,-1.10298,7.8,N21,N
2026-07-25T02:56:00.000Z,44.86804,-1.10712,4.62,N21,N
2026-07-25T02:56:00.000Z,44.8692,-1.11127,4.62,N21,N
2026-07-25T02:56:00.000Z,44.86942,-1.09189,5.09,N21,N
2026-07-25T02:56:00.000Z,44.86971,-1.17337,1.38,N21,N
2026-07-25T02:56:00.000Z,44.87035,-1.1154,5.33,N21,N
2026-07-25T02:56:00.000Z,44.87174,-1.10022,7.8,N21,N
2026-07-25T02:56:00.000Z,44.87291,-1.10439,4.62,N21,N
2026-07-25T02:56:00.000Z,44.87407,-1.10854,4.62,N21,N
2026-07-25T02:56:00.000Z,44.87511,-0.88908,8.21,N21,N
2026-07-25T02:56:00.000Z,44.87522,-1.11267,5.33,N21,N
2026-07-25T02:56:00.000Z,44.87582,-0.88795,8.35,N21,N
2026-07-25T02:56:00.000Z,44.87592,-1.15544,2.01,N21,N
2026-07-25T02:56:00.000Z,44.87823,-1.1637,3.53,N21,N
2026-07-25T02:56:00.000Z,44.87867,-0.90187,6.56,N21,N
2026-07-25T02:56:00.000Z,44.87939,-1.16787,3.93,N21,N
2026-07-25T02:56:00.000Z,44.88008,-1.10992,3.83,N21,N
2026-07-25T02:56:00.000Z,44.88077,-1.15267,2.03,N21,N
2026-07-25T02:56:00.000Z,44.88124,-1.11406,3.83,N21,N
2026-07-25T02:56:00.000Z,44.88193,-1.15682,1.83,N21,N
2026-07-25T02:56:00.000Z,44.88255,-0.87493,4.08,N21,N
2026-07-25T02:56:00.000Z,44.88373,-0.8792,4.08,N21,N
2026-07-25T02:56:00.000Z,44.88443,-0.87812,6.28,N21,N
2026-07-25T02:56:00.000Z,44.88495,-1.10719,3.83,N21,N
2026-07-25T02:56:00.000Z,44.8861,-1.11133,3.83,N21,N
2026-07-25T02:56:00.000Z,44.88866,-1.1003,12.77,N21,N
2026-07-25T02:56:00.000Z,44.88981,-1.10444,6.1,N21,N
2026-07-25T02:56:00.000Z,44.89096,-1.10857,6.1,N21,N
2026-07-25T02:56:00.000Z,44.89185,-1.13196,1.95,N21,N
2026-07-25T02:56:00.000Z,44.89211,-1.1127,12.29,N21,N
2026-07-25T02:56:00.000Z,44.89437,-0.91752,3.46,N21,N
2026-07-25T02:56:00.000Z,44.89467,-1.10168,6.1,N21,N
2026-07-25T02:56:00.000Z,44.89554,-0.92176,3.46,N21,N
2026-07-25T02:56:00.000Z,44.89582,-1.10581,6.1,N21,N
2026-07-25T02:56:00.000Z,44.89645,-0.92053,7.49,N21,N
2026-07-25T02:56:00.000Z,44.8967,-1.1292,4.07,N21,N
2026-07-25T02:56:00.000Z,44.89671,-0.92599,5.27,N21,N
2026-07-25T02:56:00.000Z,44.89765,-0.92475,7.49,N21,N
2026-07-25T02:56:00.000Z,44.89788,-0.93022,5.27,N21,N
2026-07-25T02:56:00.000Z,44.89837,-1.09477,6.48,N21,N
2026-07-25T02:56:00.000Z,44.89884,-0.92897,8.37,N21,N
2026-07-25T02:56:00.000Z,44.89952,-1.09892,5.43,N21,N
2026-07-25T02:56:00.000Z,44.90004,-0.93318,8.37,N21,N
2026-07-25T02:56:00.000Z,44.90043,-0.91896,3.46,N21,N
2026-07-25T02:56:00.000Z,44.90155,-1.12646,4.07,N21,N
2026-07-25T02:56:00.000Z,44.9016,-0.92319,5.27,N21,N
2026-07-25T02:56:00.000Z,44.90278,-0.92743,5.27,N21,N
2026-07-25T02:56:00.000Z,44.90374,-0.92619,8.37,N21,N
2026-07-25T02:56:00.000Z,44.90553,-1.10031,5.43,N21,N
2026-07-25T02:56:00.000Z,44.91242,-1.12514,2.85,N21,N
2026-07-25T02:56:00.000Z,44.91728,-1.12242,11.09,N21,N
2026-07-25T02:56:00.000Z,44.92098,-1.11551,11.09,N21,N
2026-07-25T02:56:00.000Z,44.9223,-1.01849,1.18,N21,N
2026-07-25T02:56:00.000Z,44.92585,-1.1128,1.46,N21,N
2026-07-25T02:56:00.000Z,44.92727,-1.09762,8.5,N21,N
2026-07-25T02:56:00.000Z,44.92807,-0.93194,4.24,N21,N
2026-07-25T02:56:00.000Z,44.92842,-1.10177,5.4,N21,N
2026-07-25T02:56:00.000Z,44.93077,-1.04194,2.8,N21,N
2026-07-25T02:56:00.000Z,44.93179,-1.03249,3.1,N21,N
2026-07-25T02:56:00.000Z,44.93213,-1.09487,8.98,N21,N
2026-07-25T02:56:00.000Z,44.9333,-1.0309,3.17,N21,N
2026-07-25T02:56:00.000Z,44.93389,-1.09299,17.06,N21,N
2026-07-25T02:56:00.000Z,44.93447,-1.03504,2.8,N21,N
2026-07-25T02:56:00.000Z,44.93583,-1.0198,4.83,N21,N
2026-07-25T02:56:00.000Z,44.93699,-1.09214,8.98,N21,N
2026-07-25T02:56:00.000Z,44.93701,-1.02399,4.11,N21,N
2026-07-25T02:56:00.000Z,44.93818,-1.02815,4.11,N21,N
2026-07-25T02:56:00.000Z,44.9407,-1.01705,4.83,N21,N
2026-07-25T02:56:00.000Z,44.94187,-1.0212,4.11,N21,N
2026-07-25T02:56:00.000Z,44.94304,-1.02536,4.11,N21,N
2026-07-25T02:56:00.000Z,44.9442,-1.0295,4.69,N21,N
2026-07-25T02:56:00.000Z,44.9444,-1.01011,6.58,N21,N
2026-07-25T02:56:00.000Z,44.94557,-1.01428,6.58,N21,N
2026-07-25T02:56:00.000Z,44.94673,-1.01843,11.55,N21,N
2026-07-25T02:56:00.000Z,44.9479,-1.02258,11.55,N21,N
2026-07-25T02:56:00.000Z,44.94926,-1.00733,6.58,N21,N
2026-07-25T02:56:00.000Z,44.95044,-1.01152,6.58,N21,N
2026-07-25T02:56:00.000Z,44.95133,-0.9138,5.8,N21,N
2026-07-25T02:56:00.000Z,44.95161,-1.01568,11.55,N21,N
2026-07-25T02:56:00.000Z,44.95277,-1.01984,11.55,N21,N
2026-07-25T02:56:00.000Z,44.95395,-1.02401,7.02,N21,N
2026-07-25T02:56:00.000Z,44.95414,-1.00457,14.38,N21,N
2026-07-25T02:56:00.000Z,44.95511,-1.02818,7.02,N21,N
2026-07-25T02:56:00.000Z,44.95531,-1.00875,14.38,N21,N
2026-07-25T02:56:00.000Z,44.95648,-1.01292,45.88,N21,N
2026-07-25T02:56:00.000Z,44.95723,-0.93487,2.38,N21,N
2026-07-25T02:56:00.000Z,44.95741,-0.91526,2.66,N21,N
2026-07-25T02:56:00.000Z,44.95764,-1.01707,45.88,N21,N
2026-07-25T02:56:00.000Z,44.95859,-0.91948,2.66,N21,N
2026-07-25T02:56:00.000Z,44.95881,-1.02123,22.98,N21,N
2026-07-25T02:56:00.000Z,44.95901,-1.00182,14.38,N21,N
2026-07-25T02:56:00.000Z,44.95998,-1.0254,22.98,N21,N
2026-07-25T02:56:00.000Z,44.96018,-1.00599,14.38,N21,N
2026-07-25T02:56:00.000Z,44.96135,-1.01016,45.88,N21,N
2026-07-25T02:56:00.000Z,44.96212,-0.9321,2.38,N21,N
2026-07-25T02:56:00.000Z,44.96251,-1.01431,45.88,N21,N
2026-07-25T02:56:00.000Z,44.96368,-1.01847,22.98,N21,N
2026-07-25T02:56:00.000Z,44.96389,-0.99907,16.03,N21,N
2026-07-25T02:56:00.000Z,44.96505,-1.00324,16.03,N21,N
2026-07-25T02:56:00.000Z,44.96583,-0.92511,3.83,N21,N
2026-07-25T02:56:00.000Z,44.96622,-1.00739,17.55,N21,N
2026-07-25T02:56:00.000Z,44.96701,-0.92932,4.27,N21,N
2026-07-25T02:56:00.000Z,44.96855,-1.01572,4.22,N21,N
2026-07-25T02:56:00.000Z,44.96876,-0.99629,16.03,N21,N
2026-07-25T03:30:00.000Z,44.36966,-1.10984,1.92,N,N
2026-07-25T03:30:00.000Z,44.3702,-1.10854,4.45,N,N
2026-07-25T03:30:00.000Z,44.37029,-1.08945,5.34,N,N
2026-07-25T03:30:00.000Z,44.37077,-1.08824,3.82,N,N
2026-07-25T03:30:00.000Z,44.37248,-1.11788,1.92,N,N
2026-07-25T03:30:00.000Z,44.37305,-1.11655,3.74,N,N
2026-07-25T03:30:00.000Z,44.3731,-1.09749,5.34,N,N
2026-07-25T03:30:00.000Z,44.37362,-1.09626,4.45,N,N
2026-07-25T03:30:00.000Z,44.37368,-1.07695,7.92,N,N
2026-07-25T03:30:00.000Z,44.37414,-1.07581,5.69,N,N
2026-07-25T03:30:00.000Z,44.37591,-1.12458,3.74,N,N
2026-07-25T03:30:00.000Z,44.37593,-1.10556,5.11,N,N
2026-07-25T03:30:00.000Z,44.37648,-1.10428,4.45,N,N
2026-07-25T03:30:00.000Z,44.37654,-1.0851,5.34,N,N
2026-07-25T03:30:00.000Z,44.37703,-1.08393,5.69,N,N
2026-07-25T03:30:00.000Z,44.37875,-1.11362,5.11,N,N
2026-07-25T03:30:00.000Z,44.37934,-1.11232,3.74,N,N
2026-07-25T03:30:00.000Z,44.37936,-1.09315,5.34,N,N
2026-07-25T03:30:00.000Z,44.37989,-1.09196,5.26,N,N
2026-07-25T03:30:00.000Z,44.38219,-1.10124,5.11,N,N
2026-07-25T03:30:00.000Z,44.38275,-1.1,5.26,N,N
2026-07-25T03:30:00.000Z,44.38329,-1.07962,5.69,N,N
2026-07-25T03:30:00.000Z,44.38616,-1.08768,5.26,N,N
2026-07-25T03:30:00.000Z,44.38955,-1.07526,2.42,N,N
2026-07-25T03:30:00.000Z,44.41792,-1.15524,3.96,N,N
2026-07-25T03:30:00.000Z,44.43038,-1.14656,1.76,N,N
2026-07-25T03:30:00.000Z,44.43379,-1.13425,1.76,N,N
2026-07-25T03:30:00.000Z,44.4366,-1.14222,1.76,N,N
2026-07-25T03:30:00.000Z,44.43901,-1.1051,6.93,N,N
2026-07-25T03:30:00.000Z,44.44001,-1.1299,7.98,N,N
2026-07-25T03:30:00.000Z,44.44065,-1.10969,6.4,N,N
2026-07-25T03:30:00.000Z,44.44185,-1.11303,6.93,N,N
2026-07-25T03:30:00.000Z,44.44343,-1.11758,6.4,N,N
2026-07-25T03:30:00.000Z,44.44403,-1.09724,2.6,N,N
2026-07-25T03:30:00.000Z,44.44468,-1.12091,10.18,N,N
2026-07-25T03:30:00.000Z,44.44522,-1.10069,6.93,N,N
2026-07-25T03:30:00.000Z,44.44686,-1.10528,8.7,N,N
2026-07-25T03:30:00.000Z,44.44808,-1.10866,6.93,N,N
2026-07-25T03:30:00.000Z,44.44964,-1.11317,8.7,N,N
2026-07-25T03:30:00.000Z,44.45089,-1.1165,10.18,N,N
2026-07-25T03:30:00.000Z,44.45306,-1.10084,8.7,N,N
2026-07-25T03:30:00.000Z,44.45429,-1.10426,2.73,N,N
2026-07-25T03:30:00.000Z,44.76736,-1.04113,3.74,N,N
2026-07-25T03:30:00.000Z,44.76835,-1.03828,6.9,N,N
2026-07-25T03:30:00.000Z,44.76949,-1.06906,4.4,N,N
2026-07-25T03:30:00.000Z,44.77016,-1.04905,3.74,N,N
2026-07-25T03:30:00.000Z,44.77293,-1.05692,4.4,N,N
2026-07-25T03:30:00.000Z,44.77398,-1.05401,7.75,N,N
2026-07-25T03:30:00.000Z,44.77821,-0.98412,3.7,N,N
2026-07-25T03:30:00.000Z,44.77907,-0.98157,5.33,N,N
2026-07-25T03:30:00.000Z,44.78059,-1.10056,7.85,N,N
2026-07-25T03:30:00.000Z,44.78442,-0.97979,7.06,N,N
2026-07-25T03:30:00.000Z,44.78719,-0.98768,4.2,N,N
2026-07-25T03:30:00.000Z,44.78811,-0.98517,5.33,N,N
2026-07-25T03:30:00.000Z,44.79138,-1.08105,6.11,N,N
2026-07-25T03:30:00.000Z,44.79339,-0.98332,4.2,N,N
2026-07-25T03:30:00.000Z,44.79361,-1.07188,5.28,N,N
2026-07-25T03:30:00.000Z,44.79431,-0.98082,10.73,N,N
2026-07-25T03:30:00.000Z,44.79617,-0.99125,4.2,N,N
2026-07-25T03:30:00.000Z,44.79638,-1.07976,6.28,N,N
2026-07-25T03:30:00.000Z,44.79712,-0.98872,6.23,N,N
2026-07-25T03:30:00.000Z,44.79757,-1.07676,4.21,N,N
2026-07-25T03:30:00.000Z,44.79912,-1.08759,6.28,N,N
2026-07-25T03:30:00.000Z,44.79958,-0.97893,4.74,N,N
2026-07-25T03:30:00.000Z,44.80036,-1.08457,6.12,N,N
2026-07-25T03:30:00.000Z,44.80187,-1.09543,8.68,N,N
2026-07-25T03:30:00.000Z,44.80237,-0.9869,4.74,N,N
2026-07-25T03:30:00.000Z,44.80314,-1.09236,6.12,N,N
2026-07-25T03:30:00.000Z,44.80334,-0.98442,6.23,N,N
2026-07-25T03:30:00.000Z,44.8053,-1.08325,6.19,N,N
2026-07-25T03:30:00.000Z,44.80615,-0.99233,6.23,N,N
2026-07-25T03:30:00.000Z,44.80855,-0.9825,4.74,N,N
2026-07-25T03:30:00.000Z,44.80952,-0.98002,2.85,N,N
2026-07-25T03:30:00.000Z,44.81133,-0.99046,9.09,N,N
2026-07-25T03:30:00.000Z,44.81234,-0.98796,2.85,N,N
2026-07-25T03:30:00.000Z,44.84727,-1.12984,3.52,N,N
2026-07-25T03:30:00.000Z,44.85004,-1.13764,3.52,N,N
2026-07-25T03:30:00.000Z,44.85069,-1.11777,6.27,N,N
2026-07-25T03:30:00.000Z,44.85188,-1.12866,5.99,N,N
2026-07-25T03:30:00.000Z,44.85344,-1.12555,3.52,N,N
2026-07-25T03:30:00.000Z,44.85531,-1.11651,5.99,N,N
2026-07-25T03:30:00.000Z,44.85685,-1.11345,4.26,N,N
2026-07-25T03:30:00.000Z,44.85962,-1.12127,3.99,N,N
2026-07-25T03:30:00.000Z,44.86027,-1.10139,4.26,N,N
2026-07-25T03:30:00.000Z,44.86302,-1.10917,4.26,N,N
2026-07-25T03:30:00.000Z,44.86577,-1.11695,3.99,N,N
2026-07-25T03:30:00.000Z,44.86643,-1.09706,10.08,N,N
2026-07-25T03:30:00.000Z,44.86919,-1.10487,10.08,N,N
2026-07-25T03:30:00.000Z,44.8697,-0.95101,6.48,N,N
2026-07-25T03:30:00.000Z,44.87194,-1.11265,8.85,N,N
2026-07-25T03:30:00.000Z,44.87422,-0.94425,10.15,N,N
2026-07-25T03:30:00.000Z,44.8759,-0.94668,6.48,N,N
2026-07-25T03:30:00.000Z,44.877,-0.95217,5.91,N,N
2026-07-25T03:30:00.000Z,44.87873,-0.95459,6.48,N,N
2026-07-25T03:30:00.000Z,44.87978,-0.96007,5.91,N,N
2026-07-25T03:30:00.000Z,44.88154,-0.96244,9.43,N,N
2026-07-25T03:30:00.000Z,44.88317,-0.94775,5.91,N,N
2026-07-25T03:30:00.000Z,44.88424,-1.10399,3.44,N,N
2026-07-25T03:30:00.000Z,44.88491,-0.95021,6.83,N,N
2026-07-25T03:30:00.000Z,44.88595,-0.95566,5.91,N,N
2026-07-25T03:30:00.000Z,44.88657,-0.93545,5.64,N,N
2026-07-25T03:30:00.000Z,44.88698,-1.11175,3.44,N,N
2026-07-25T03:30:00.000Z,44.88772,-0.95809,15.23,N,N
2026-07-25T03:30:00.000Z,44.88829,-0.93798,6.83,N,N
2026-07-25T03:30:00.000Z,44.88873,-0.96356,6.6,N,N
2026-07-25T03:30:00.000Z,44.89039,-1.09965,3.44,N,N
2026-07-25T03:30:00.000Z,44.8915,-0.97147,6.6,N,N
2026-07-25T03:30:00.000Z,44.89312,-1.1074,3.44,N,N
2026-07-25T03:30:00.000Z,44.89335,-0.97385,9.13,N,N
2026-07-25T03:30:00.000Z,44.89653,-1.09526,3.79,N,N
2026-07-25T03:30:00.000Z,44.89855,-1.12284,7.66,N,N
2026-07-25T03:30:00.000Z,44.89926,-1.10302,3.79,N,N
2026-07-25T03:30:00.000Z,44.90107,-0.95478,11.41,N,N
2026-07-25T03:30:00.000Z,44.90129,-1.13062,2.62,N,N
2026-07-25T03:30:00.000Z,44.9029,-0.95726,8.27,N,N
2026-07-25T03:30:00.000Z,44.90807,-1.01869,9.82,N,N
2026-07-25T03:30:00.000Z,44.91081,-1.02652,10.36,N,N
2026-07-25T03:30:00.000Z,44.91132,-0.98089,16.41,N,N
2026-07-25T03:30:00.000Z,44.91148,-1.00648,8.68,N,N
2026-07-25T03:30:00.000Z,44.91189,-0.96078,14.35,N,N
2026-07-25T03:30:00.000Z,44.91214,-0.98635,12.95,N,N
2026-07-25T03:30:00.000Z,44.91277,-0.96617,14.23,N,N
2026-07-25T03:30:00.000Z,44.91352,-1.00876,17.49,N,N
2026-07-25T03:30:00.000Z,44.91423,-1.01432,8.68,N,N
2026-07-25T03:30:00.000Z,44.91697,-1.02213,4.74,N,N
2026-07-25T03:30:00.000Z,44.9183,-0.98198,8.66,N,N
2026-07-25T03:30:00.000Z,44.91907,-1.02435,17.6,N,N
2026-07-25T03:30:00.000Z,44.91935,-1.11162,4.33,N,N
2026-07-25T03:30:00.000Z,44.91972,-1.11765,4.35,N,N
2026-07-25T03:30:00.000Z,44.91972,-1.02999,4.74,N,N
2026-07-25T03:30:00.000Z,44.92105,-0.98984,8.66,N,N
2026-07-25T03:30:00.000Z,44.92213,-1.1194,4.33,N,N
2026-07-25T03:30:00.000Z,44.92307,-0.99221,12.89,N,N
2026-07-25T03:30:00.000Z,44.9238,-0.99769,8.84,N,N
2026-07-25T03:30:00.000Z,44.92426,-0.95208,13.9,N,N
2026-07-25T03:30:00.000Z,44.92453,-1.0657,7.02,N,N
2026-07-25T03:30:00.000Z,44.92585,-1.00005,12.89,N,N
2026-07-25T03:30:00.000Z,44.92588,-1.11334,4.35,N,N
2026-07-25T03:30:00.000Z,44.92616,-1.08755,3.9,N,N
2026-07-25T03:30:00.000Z,44.92647,-0.98006,10.86,N,N
2026-07-25T03:30:00.000Z,44.92655,-1.00556,8.84,N,N
2026-07-25T03:30:00.000Z,44.92658,-1.09344,6.71,N,N
2026-07-25T03:30:00.000Z,44.9268,-1.06772,4.49,N,N
2026-07-25T03:30:00.000Z,44.92723,-0.98549,8.66,N,N
2026-07-25T03:30:00.000Z,44.92727,-1.0735,6.58,N,N
2026-07-25T03:30:00.000Z,44.92796,-1.05355,4.42,N,N
2026-07-25T03:30:00.000Z,44.92829,-1.11514,4.75,N,N
2026-07-25T03:30:00.000Z,44.92865,-1.0079,10.16,N,N
2026-07-25T03:30:00.000Z,44.92892,-1.09531,3.9,N,N
2026-07-25T03:30:00.000Z,44.92925,-0.98789,11.26,N,N
2026-07-25T03:30:00.000Z,44.92931,-1.10124,6.71,N,N
2026-07-25T03:30:00.000Z,44.92956,-1.07549,4.49,N,N
2026-07-25T03:30:00.000Z,44.92986,-0.96785,10.86,N,N
2026-07-25T03:30:00.000Z,44.92997,-0.99335,8.84,N,N
2026-07-25T03:30:00.000Z,44.93,-1.08131,6.58,N,N
2026-07-25T03:30:00.000Z,44.93019,-1.05562,11.48,N,N
2026-07-25T03:30:00.000Z,44.93069,-1.06135,4.42,N,N
2026-07-25T03:30:00.000Z,44.93203,-0.99573,11.26,N,N
2026-07-25T03:30:00.000Z,44.93232,-1.08326,8.32,N,N
2026-07-25T03:30:00.000Z,44.93271,-1.0012,8.84,N,N
2026-07-25T03:30:00.000Z,44.93272,-1.0891,6.71,N,N
2026-07-25T03:30:00.000Z,44.93296,-1.0634,4.49,N,N
2026-07-25T03:30:00.000Z,44.93342,-1.06918,5.97,N,N
2026-07-25T03:30:00.000Z,44.93358,-1.04348,12.2,N,N
2026-07-25T03:30:00.000Z,44.93409,-1.04914,4.42,N,N
2026-07-25T03:30:00.000Z,44.93509,-1.09102,8.32,N,N
2026-07-25T03:30:00.000Z,44.93542,-0.98353,11.26,N,N
2026-07-25T03:30:00.000Z,44.93545,-1.09691,6.71,N,N
2026-07-25T03:30:00.000Z,44.93573,-1.07121,4.49,N,N
2026-07-25T03:30:00.000Z,44.93616,-1.07701,5.97,N,N
2026-07-25T03:30:00.000Z,44.93634,-1.05127,12.2,N,N
2026-07-25T03:30:00.000Z,44.93684,-1.057,4.42,N,N
2026-07-25T03:30:00.000Z,44.93699,-1.0314,3.42,N,N
2026-07-25T03:30:00.000Z,44.93752,-1.03698,11.19,N,N
2026-07-25T03:30:00.000Z,44.93821,-0.99139,11.26,N,N
2026-07-25T03:30:00.000Z,44.93849,-1.07898,8.32,N,N
2026-07-25T03:30:00.000Z,44.93887,-1.08478,4.64,N,N
2026-07-25T03:30:00.000Z,44.93911,-1.05907,12.97,N,N
2026-07-25T03:30:00.000Z,44.93956,-1.06479,5.97,N,N
2026-07-25T03:30:00.000Z,44.93974,-1.03914,12.2,N,N
2026-07-25T03:30:00.000Z,44.94024,-1.04475,18.37,N,N
2026-07-25T03:30:00.000Z,44.94098,-0.9992,12.03,N,N
2026-07-25T03:30:00.000Z,44.94123,-1.08669,8.32,N,N
2026-07-25T03:30:00.000Z,44.94159,-1.09254,4.64,N,N
2026-07-25T03:30:00.000Z,44.94187,-1.06684,12.97,N,N
2026-07-25T03:30:00.000Z,44.94229,-1.07262,5.97,N,N
2026-07-25T03:30:00.000Z,44.94248,-1.04688,12.2,N,N
2026-07-25T03:30:00.000Z,44.94296,-1.05255,18.37,N,N
2026-07-25T03:30:00.000Z,44.94436,-0.98701,10.04,N,N
2026-07-25T03:30:00.000Z,44.94463,-1.07461,9.02,N,N
2026-07-25T03:30:00.000Z,44.945,-1.08037,4.64,N,N
2026-07-25T03:30:00.000Z,44.94523,-1.05465,12.97,N,N
2026-07-25T03:30:00.000Z,44.94567,-1.06035,25.71,N,N
2026-07-25T03:30:00.000Z,44.94587,-1.03475,3.05,N,N
2026-07-25T03:30:00.000Z,44.94637,-1.04033,18.37,N,N
2026-07-25T03:30:00.000Z,44.948,-1.06243,12.97,N,N
2026-07-25T03:30:00.000Z,44.94863,-1.04253,3.05,N,N
2026-07-25T03:30:00.000Z,44.94909,-1.04815,18.37,N,N
2026-07-25T03:30:00.000Z,44.94989,-1.00262,14.91,N,N
2026-07-25T03:30:00.000Z,44.95052,-0.98262,10.04,N,N
2026-07-25T03:30:00.000Z,44.95139,-1.05032,11.06,N,N
2026-07-25T03:30:00.000Z,44.95267,-1.01049,5.41,N,N
2026-07-25T03:30:00.000Z,44.95479,-1.03819,3.05,N,N
2026-07-25T03:30:00.000Z,44.95668,-0.97824,8.45,N,N
2026-07-25T03:30:00.000Z,44.95883,-1.00612,5.41,N,N
2026-07-25T04:25:00.000Z,44.77205,-1.03073,12.22,Aqua,N
2026-07-25T04:25:00.000Z,44.77475,-1.04515,15.1,Aqua,N
2026-07-25T04:25:00.000Z,44.77617,-1.10596,26.63,Aqua,N
2026-07-25T04:25:00.000Z,44.77884,-1.12026,12.29,Aqua,N
2026-07-25T04:25:00.000Z,44.78547,-1.10259,22.3,Aqua,N
2026-07-25T04:25:00.000Z,44.78814,-1.1169,26.7,Aqua,N
2026-07-25T04:25:00.000Z,44.78943,-1.07053,12.75,Aqua,N
2026-07-25T04:25:00.000Z,44.79875,-1.06715,29.74,Aqua,N
2026-07-25T04:25:00.000Z,44.80141,-1.0815,39.75,Aqua,N
2026-07-25T04:25:00.000Z,44.88774,-0.93509,19.57,Aqua,N
2026-07-25T04:25:00.000Z,44.89978,-0.94615,19.09,Aqua,N
2026-07-25T04:25:00.000Z,44.90246,-0.96064,16.55,Aqua,N
2026-07-25T04:25:00.000Z,44.90375,-0.91369,31.98,Aqua,N
2026-07-25T04:25:00.000Z,44.90644,-0.92822,92.15,Aqua,N
2026-07-25T04:25:00.000Z,44.90911,-0.94273,51.95,Aqua,N
2026-07-25T04:25:00.000Z,44.91578,-0.92478,58.14,Aqua,N
2026-07-25T04:25:00.000Z,44.93577,-0.97931,22.93,Aqua,N
2026-07-25T04:25:00.000Z,44.93967,-1.05474,21.69,Aqua,N
2026-07-25T04:25:00.000Z,44.9423,-1.0691,24.17,Aqua,N
2026-07-25T04:25:00.000Z,44.94231,-0.98695,40.11,Aqua,N
2026-07-25T04:25:00.000Z,44.945,-1.00135,35.54,Aqua,N
2026-07-25T04:25:00.000Z,44.9477,-1.01574,20.91,Aqua,N
2026-07-25T04:25:00.000Z,44.94892,-0.9691,17.23,Aqua,N
2026-07-25T04:25:00.000Z,44.95038,-1.0301,18.13,Aqua,N
2026-07-25T04:25:00.000Z,44.95162,-0.98353,44.92,Aqua,N
2026-07-25T04:25:00.000Z,44.95431,-0.99794,69.69,Aqua,N
2026-07-25T04:25:00.000Z,44.957,-1.01234,158.67,Aqua,N
2026-07-25T04:25:00.000Z,44.95968,-1.02671,43.44,Aqua,N
2026-07-25T04:25:00.000Z,44.96093,-0.98011,61.77,Aqua,N
2026-07-25T04:25:00.000Z,44.96362,-0.99453,125.28,Aqua,N
2026-07-25T04:25:00.000Z,44.9663,-1.00893,196.97,Aqua,N
2026-07-25T04:25:00.000Z,44.96898,-1.02331,24.06,Aqua,N
2026-07-25T04:25:00.000Z,44.97025,-0.9767,28.34,Aqua,N
2026-07-25T04:25:00.000Z,44.97293,-0.99112,28.0,Aqua,N
2026-07-25T04:25:00.000Z,44.97957,-0.9733,14.15,Aqua,N
2026-07-25T04:27:00.000Z,44.38924,-1.07635,21.18,Aqua,N
2026-07-25T04:27:00.000Z,44.43819,-1.09952,28.09,Aqua,N
2026-07-25T04:27:00.000Z,44.44088,-1.11394,37.49,Aqua,N
2026-07-25T04:27:00.000Z,44.44355,-1.12835,19.07,Aqua,N
2026-07-25T04:27:00.000Z,44.44755,-1.09611,58.19,Aqua,N
2026-07-25T04:27:00.000Z,44.45023,-1.11054,55.81,Aqua,N
2026-07-25T11:53:00.000Z,44.7757,-1.20657,4.94,N20,D
2026-07-25T11:53:00.000Z,44.77876,-1.21231,7.09,N20,D
2026-07-25T11:53:00.000Z,44.93284,-1.09166,9.0,N20,D
2026-07-25T11:53:00.000Z,44.93469,-1.08575,10.67,N20,D
2026-07-25T11:53:00.000Z,44.93647,-1.08835,8.62,N20,D
2026-07-25T11:53:00.000Z,44.93655,-1.04634,14.01,N20,D
2026-07-25T11:53:00.000Z,44.94016,-1.04705,6.16,N20,D
2026-07-25T11:53:00.000Z,44.94025,-1.08926,4.96,N20,D
2026-07-25T11:53:00.000Z,44.94387,-1.05643,12.39,N20,D
2026-07-25T11:53:00.000Z,44.94571,-1.05059,6.16,N20,D
2026-07-25T11:53:00.000Z,44.94579,-1.05916,8.53,N20,D
2026-07-25T11:53:00.000Z,44.94754,-1.04472,6.16,N20,D
2026-07-25T11:53:00.000Z,44.94951,-1.04749,6.58,N20,D
2026-07-25T12:40:00.000Z,44.36842,-1.09172,7.66,N21,D
2026-07-25T12:40:00.000Z,44.3736,-1.08429,15.17,N21,D
2026-07-25T12:40:00.000Z,44.43919,-1.10843,16.1,N21,D
2026-07-25T12:40:00.000Z,44.44194,-1.13285,9.88,N21,D
2026-07-25T12:40:00.000Z,44.44298,-1.12739,9.88,N21,D
2026-07-25T12:40:00.000Z,44.76973,-1.06309,9.49,N21,D
2026-07-25T12:40:00.000Z,44.77871,-1.11287,57.62,N21,D
2026-07-25T12:40:00.000Z,44.82726,-0.95159,241.76,N21,D
2026-07-25T12:40:00.000Z,44.82826,-0.94622,241.76,N21,D
2026-07-25T12:40:00.000Z,44.83168,-0.94748,241.76,N21,D
2026-07-25T12:40:00.000Z,44.83268,-0.9421,388.49,N21,D
2026-07-25T12:40:00.000Z,44.83368,-0.93673,388.49,N21,D
2026-07-25T12:40:00.000Z,44.83709,-0.93798,331.55,N21,D
2026-07-25T12:40:00.000Z,44.89226,-1.00108,11.9,N21,D
2026-07-25T12:40:00.000Z,44.90695,-1.00075,8.86,N21,D
2026-07-25T12:40:00.000Z,44.91177,-1.01405,6.39,N21,D
2026-07-25T12:40:00.000Z,44.91278,-1.00866,6.39,N21,D
2026-07-25T12:40:00.000Z,44.93216,-1.08694,7.98,N21,D
2026-07-25T12:40:00.000Z,44.9343,-1.01087,6.55,N21,D
2026-07-25T12:40:00.000Z,44.93457,-1.09362,47.17,N21,D
2026-07-25T12:40:00.000Z,44.93852,-1.04708,14.37,N21,D
2026-07-25T12:40:00.000Z,44.93936,-1.04913,18.07,N21,D
2026-07-25T12:40:00.000Z,44.9397,-1.06659,13.26,N21,D
2026-07-25T12:40:00.000Z,44.94073,-1.06119,13.26,N21,D
2026-07-25T12:40:00.000Z,44.94278,-1.05041,27.58,N21,D
2026-07-25T12:40:00.000Z,44.95028,-1.0301,4.57,N21,D
2026-07-25T13:16:00.000Z,44.36849,-1.10216,3.59,N,D
2026-07-25T13:16:00.000Z,44.37051,-1.0867,3.86,N,D
2026-07-25T13:16:00.000Z,44.3746,-1.0824,5.31,N,D
2026-07-25T13:16:00.000Z,44.37734,-1.08844,5.89,N,D
2026-07-25T13:16:00.000Z,44.37801,-1.08328,5.31,N,D
2026-07-25T13:16:00.000Z,44.38417,-1.09017,5.07,N,D
2026-07-25T13:16:00.000Z,44.43597,-1.11652,6.41,N,D
2026-07-25T13:16:00.000Z,44.43665,-1.11136,6.41,N,D
2026-07-25T13:16:00.000Z,44.43731,-1.10619,5.1,N,D
2026-07-25T13:16:00.000Z,44.43743,-1.11436,9.56,N,D
2026-07-25T13:16:00.000Z,44.43805,-1.1277,3.96,N,D
2026-07-25T13:16:00.000Z,44.43812,-1.1092,5.36,N,D
2026-07-25T13:16:00.000Z,44.4388,-1.10404,5.36,N,D
2026-07-25T13:16:00.000Z,44.44073,-1.10706,5.1,N,D
2026-07-25T13:16:00.000Z,44.44079,-1.13373,5.87,N,D
2026-07-25T13:16:00.000Z,44.44146,-1.12857,5.56,N,D
2026-07-25T13:16:00.000Z,44.44207,-1.09671,2.91,N,D
2026-07-25T13:16:00.000Z,44.44488,-1.12944,5.56,N,D
2026-07-25T13:16:00.000Z,44.44823,-1.10362,17.82,N,D
2026-07-25T13:16:00.000Z,44.7618,-1.03271,5.51,N,D
2026-07-25T13:16:00.000Z,44.76317,-1.0493,8.63,N,D
2026-07-25T13:16:00.000Z,44.76386,-1.04406,7.44,N,D
2026-07-25T13:16:00.000Z,44.76453,-1.01173,2.44,N,D
2026-07-25T13:16:00.000Z,44.76454,-1.03883,7.44,N,D
2026-07-25T13:16:00.000Z,44.76523,-1.03359,5.51,N,D
2026-07-25T13:16:00.000Z,44.76591,-1.02834,5.51,N,D
2026-07-25T13:16:00.000Z,44.7666,-1.05017,6.77,N,D
2026-07-25T13:16:00.000Z,44.76729,-1.07197,3.41,N,D
2026-07-25T13:16:00.000Z,44.76729,-1.04494,8.41,N,D
2026-07-25T13:16:00.000Z,44.76783,-1.0522,8.66,N,D
2026-07-25T13:16:00.000Z,44.76797,-1.06674,9.64,N,D
2026-07-25T13:16:00.000Z,44.76797,-1.0397,8.41,N,D
2026-07-25T13:16:00.000Z,44.7685,-1.04696,8.66,N,D
2026-07-25T13:16:00.000Z,44.76865,-1.03446,6.43,N,D
2026-07-25T13:16:00.000Z,44.76925,-1.06878,8.65,N,D
2026-07-25T13:16:00.000Z,44.76934,-1.05628,6.77,N,D
2026-07-25T13:16:00.000Z,44.76992,-1.06355,10.84,N,D
2026-07-25T13:16:00.000Z,44.76999,-0.96972,48.08,N,D
2026-07-25T13:16:00.000Z,44.77003,-1.05105,6.77,N,D
2026-07-25T13:16:00.000Z,44.77412,-0.96532,48.08,N,D
2026-07-25T13:16:00.000Z,44.77414,-1.11325,17.19,N,D
2026-07-25T13:16:00.000Z,44.77482,-1.10803,24.96,N,D
2026-07-25T13:16:00.000Z,44.77549,-1.10281,24.96,N,D
2026-07-25T13:16:00.000Z,44.77549,-0.95477,8.52,N,D
2026-07-25T13:16:00.000Z,44.77567,-1.21063,4.49,N,D
2026-07-25T13:16:00.000Z,44.77617,-1.09758,13.11,N,D
2026-07-25T13:16:00.000Z,44.77617,-0.9495,27.07,N,D
2026-07-25T13:16:00.000Z,44.77635,-1.20543,3.65,N,D
2026-07-25T13:16:00.000Z,44.77686,-0.94423,27.07,N,D
2026-07-25T13:16:00.000Z,44.7769,-1.11935,17.19,N,D
2026-07-25T13:16:00.000Z,44.77757,-1.11413,17.19,N,D
2026-07-25T13:16:00.000Z,44.77824,-1.10891,24.96,N,D
2026-07-25T13:16:00.000Z,44.77908,-1.21152,4.49,N,D
2026-07-25T13:16:00.000Z,44.77961,-0.95037,5.41,N,D
2026-07-25T13:16:00.000Z,44.77976,-1.20632,3.65,N,D
2026-07-25T13:16:00.000Z,44.78032,-1.12023,9.42,N,D
2026-07-25T13:16:00.000Z,44.78099,-1.11501,9.42,N,D
2026-07-25T13:16:00.000Z,44.78167,-1.10979,7.66,N,D
2026-07-25T13:16:00.000Z,44.78374,-1.12111,9.42,N,D
2026-07-25T13:16:00.000Z,44.78442,-1.11588,9.42,N,D
2026-07-25T13:16:00.000Z,44.79029,-0.98739,4.98,N,D
2026-07-25T13:16:00.000Z,44.80149,-1.09323,4.93,N,D
2026-07-25T13:16:00.000Z,44.80194,-0.97947,9.79,N,D
2026-07-25T13:16:00.000Z,44.80471,-0.98561,6.39,N,D
2026-07-25T13:16:00.000Z,44.80492,-1.09411,3.77,N,D
2026-07-25T13:16:00.000Z,44.80814,-0.98648,6.39,N,D
2026-07-25T13:16:00.000Z,44.82121,-0.99524,5.7,N,D
2026-07-25T13:16:00.000Z,44.82663,-0.95302,62.73,N,D
2026-07-25T13:16:00.000Z,44.8273,-0.94773,16.19,N,D
2026-07-25T13:16:00.000Z,44.82798,-0.94245,16.19,N,D
2026-07-25T13:16:00.000Z,44.82866,-0.93717,10.24,N,D
2026-07-25T13:16:00.000Z,44.83007,-0.95388,11.16,N,D
2026-07-25T13:16:00.000Z,44.83075,-0.9486,19.14,N,D
2026-07-25T13:16:00.000Z,44.83142,-0.94331,19.14,N,D
2026-07-25T13:16:00.000Z,44.8321,-0.93803,39.39,N,D
2026-07-25T13:16:00.000Z,44.83278,-0.93275,39.39,N,D
2026-07-25T13:16:00.000Z,44.83487,-0.94418,19.14,N,D
2026-07-25T13:16:00.000Z,44.83622,-0.93362,39.39,N,D
2026-07-25T13:16:00.000Z,44.83689,-0.92832,8.58,N,D
2026-07-25T13:16:00.000Z,44.83763,-0.95034,8.77,N,D
2026-07-25T13:16:00.000Z,44.8383,-0.94505,8.77,N,D
2026-07-25T13:16:00.000Z,44.84034,-0.92919,6.92,N,D
2026-07-25T13:16:00.000Z,44.84106,-0.95122,8.77,N,D
2026-07-25T13:16:00.000Z,44.84111,-0.97849,4.87,N,D
2026-07-25T13:16:00.000Z,44.84175,-0.94593,8.77,N,D
2026-07-25T13:16:00.000Z,44.84451,-0.95209,5.47,N,D
2026-07-25T13:16:00.000Z,44.84519,-0.9468,5.47,N,D
2026-07-25T13:16:00.000Z,44.84587,-0.94151,4.56,N,D
2026-07-25T13:16:00.000Z,44.84591,-0.9688,22.49,N,D
2026-07-25T13:16:00.000Z,44.84597,-1.02328,6.14,N,D
2026-07-25T13:16:00.000Z,44.84659,-0.96353,9.55,N,D
2026-07-25T13:16:00.000Z,44.84727,-0.95825,9.55,N,D
2026-07-25T13:16:00.000Z,44.84795,-0.95296,5.47,N,D
2026-07-25T13:16:00.000Z,44.8481,-1.14299,9.98,N,D
2026-07-25T13:16:00.000Z,44.84863,-0.94767,5.47,N,D
2026-07-25T13:16:00.000Z,44.84879,-1.13776,12.92,N,D
2026-07-25T13:16:00.000Z,44.84931,-0.94237,4.56,N,D
2026-07-25T13:16:00.000Z,44.84941,-1.02414,3.04,N,D
2026-07-25T13:16:00.000Z,44.85009,-1.01888,5.51,N,D
2026-07-25T13:16:00.000Z,44.85071,-0.95911,10.64,N,D
2026-07-25T13:16:00.000Z,44.85207,-0.94853,29.15,N,D
2026-07-25T13:16:00.000Z,44.85352,-1.01975,5.51,N,D
2026-07-25T13:16:00.000Z,44.85421,-1.01447,5.51,N,D
2026-07-25T13:16:00.000Z,44.85551,-0.9494,29.15,N,D
2026-07-25T13:16:00.000Z,44.85833,-1.01007,6.05,N,D
2026-07-25T13:16:00.000Z,44.85896,-0.95027,13.31,N,D
2026-07-25T13:16:00.000Z,44.8624,-0.95114,13.31,N,D
2026-07-25T13:16:00.000Z,44.86796,-1.09938,3.73,N,D
2026-07-25T13:16:00.000Z,44.86865,-1.09413,3.73,N,D
2026-07-25T13:16:00.000Z,44.87002,-1.11074,3.66,N,D
2026-07-25T13:16:00.000Z,44.87135,-0.96431,7.55,N,D
2026-07-25T13:16:00.000Z,44.87165,-1.11368,6.65,N,D
2026-07-25T13:16:00.000Z,44.88306,-0.98364,15.82,N,D
2026-07-25T13:16:00.000Z,44.88501,-0.98117,7.93,N,D
2026-07-25T13:16:00.000Z,44.88873,-1.09093,3.93,N,D
2026-07-25T13:16:00.000Z,44.88987,-0.99876,35.67,N,D
2026-07-25T13:16:00.000Z,44.89216,-1.0918,4.61,N,D
2026-07-25T13:16:00.000Z,44.89356,-1.10843,7.8,N,D
2026-07-25T13:16:00.000Z,44.89839,-1.12591,5.61,N,D
2026-07-25T13:16:00.000Z,44.90692,-0.94845,13.26,N,D
2026-07-25T13:16:00.000Z,44.9076,-0.94314,14.66,N,D
2026-07-25T13:16:00.000Z,44.92285,-0.99075,5.85,N,D
2026-07-25T13:16:00.000Z,44.93399,-1.09705,7.26,N,D
2026-07-25T13:16:00.000Z,44.93467,-1.09179,12.96,N,D
2026-07-25T13:16:00.000Z,44.93535,-1.08653,12.96,N,D
2026-07-25T13:16:00.000Z,44.9381,-1.09266,12.96,N,D
2026-07-25T13:16:00.000Z,44.93878,-1.08741,12.96,N,D
2026-07-25T13:16:00.000Z,44.94012,-1.04966,12.54,N,D
2026-07-25T13:16:00.000Z,44.94356,-1.05053,12.54,N,D
2026-07-25T13:16:00.000Z,44.94563,-1.06194,8.92,N,D
2026-07-25T13:16:00.000Z,44.94631,-1.05667,8.92,N,D
2026-07-25T13:16:00.000Z,44.95042,-1.05227,28.67,N,D
2026-07-25T13:16:00.000Z,44.95108,-1.01974,6.96,N,D
2026-07-25T13:16:00.000Z,44.95176,-1.01446,6.96,N,D
2026-07-25T13:16:00.000Z,44.95522,-1.0426,14.35,N,D
2026-07-25T13:16:00.000Z,44.95727,-1.02677,14.47,N,D
2026-07-25T13:16:00.000Z,44.95795,-1.02148,18.44,N,D
2026-07-25T13:16:00.000Z,44.95863,-1.01619,18.44,N,D
2026-07-25T13:16:00.000Z,44.95929,-0.98357,7.89,N,D
2026-07-25T13:16:00.000Z,44.95932,-1.01091,12.67,N,D
2026-07-25T13:16:00.000Z,44.95997,-0.97827,8.68,N,D
2026-07-25T13:16:00.000Z,44.96071,-1.02764,14.47,N,D
2026-07-25T13:16:00.000Z,44.96139,-1.02235,18.44,N,D
2026-07-25T13:16:00.000Z,44.96208,-1.01706,18.44,N,D
2026-07-25T13:16:00.000Z,44.96273,-0.98444,6.34,N,D
2026-07-25T13:16:00.000Z,44.96481,-0.99591,12.04,N,D
2026-07-25T13:16:00.000Z,44.96549,-0.99061,6.34,N,D
2026-07-25T13:16:00.000Z,44.96825,-0.99678,8.62,N,D
2026-07-25T13:16:00.000Z,44.96893,-0.99148,19.06,N,D
2026-07-25T13:16:00.000Z,44.96961,-0.98618,19.06,N,D
2026-07-25T13:16:00.000Z,44.97237,-0.99235,19.06,N,D
2026-07-25T13:16:00.000Z,44.97306,-0.98705,19.06,N,D
2026-07-25T13:16:00.000Z,44.97375,-1.00911,4.66,N,D
2026-07-25T13:16:00.000Z,44.97444,-1.00382,3.26,N,D
2026-07-25T13:33:00.000Z,44.36892,-1.10204,6.36,N20,D
2026-07-25T13:33:00.000Z,44.3778,-1.10333,15.25,N20,D
2026-07-25T13:33:00.000Z,44.43551,-1.11154,10.05,N20,D
2026-07-25T13:33:00.000Z,44.43724,-1.13124,6.23,N20,D
2026-07-25T13:33:00.000Z,44.43805,-1.13638,6.7,N20,D
2026-07-25T13:33:00.000Z,44.43853,-1.1303,11.19,N20,D
2026-07-25T13:33:00.000Z,44.43857,-1.11307,11.48,N20,D
2026-07-25T13:33:00.000Z,44.43995,-1.11216,7.04,N20,D
2026-07-25T13:33:00.000Z,44.44167,-1.13189,6.23,N20,D
2026-07-25T13:33:00.000Z,44.44835,-1.10213,4.94,N20,D
2026-07-25T13:33:00.000Z,44.44932,-1.1073,7.31,N20,D
2026-07-25T13:33:00.000Z,44.762,-1.04571,5.18,N20,D
2026-07-25T13:33:00.000Z,44.76244,-1.03952,5.18,N20,D
2026-07-25T13:33:00.000Z,44.76289,-1.0333,7.35,N20,D
2026-07-25T13:33:00.000Z,44.76333,-1.02705,7.35,N20,D
2026-07-25T13:33:00.000Z,44.76394,-1.0503,7.77,N20,D
2026-07-25T13:33:00.000Z,44.76441,-1.04411,7.77,N20,D
2026-07-25T13:33:00.000Z,44.7647,-1.07113,2.27,N20,D
2026-07-25T13:33:00.000Z,44.76489,-1.03792,12.37,N20,D
2026-07-25T13:33:00.000Z,44.76514,-1.06495,2.27,N20,D
2026-07-25T13:33:00.000Z,44.76537,-1.0317,12.37,N20,D
2026-07-25T13:33:00.000Z,44.76585,-1.02547,7.59,N20,D
2026-07-25T13:33:00.000Z,44.76647,-1.04637,5.18,N20,D
2026-07-25T13:33:00.000Z,44.76697,-1.0695,9.17,N20,D
2026-07-25T13:33:00.000Z,44.76736,-1.03395,7.35,N20,D
2026-07-25T13:33:00.000Z,44.76745,-1.06333,11.25,N20,D
2026-07-25T13:33:00.000Z,44.76793,-1.05714,11.25,N20,D
2026-07-25T13:33:00.000Z,44.76841,-1.05096,7.77,N20,D
2026-07-25T13:33:00.000Z,44.76961,-1.0656,13.2,N20,D
2026-07-25T13:33:00.000Z,44.77005,-1.05942,9.31,N20,D
2026-07-25T13:33:00.000Z,44.77013,-0.96944,34.67,N20,D
2026-07-25T13:33:00.000Z,44.7705,-1.05323,9.31,N20,D
2026-07-25T13:33:00.000Z,44.77061,-0.96318,117.63,N20,D
2026-07-25T13:33:00.000Z,44.77179,-0.97157,168.89,N20,D
2026-07-25T13:33:00.000Z,44.77302,-1.10778,13.36,N20,D
2026-07-25T13:33:00.000Z,44.77313,-0.95271,18.59,N20,D
2026-07-25T13:33:00.000Z,44.7735,-1.10164,31.77,N20,D
2026-07-25T13:33:00.000Z,44.77357,-0.94642,4.66,N20,D
2026-07-25T13:33:00.000Z,44.77462,-0.97006,34.67,N20,D
2026-07-25T13:33:00.000Z,44.77496,-1.11628,7.32,N20,D
2026-07-25T13:33:00.000Z,44.77541,-1.11014,22.7,N20,D
2026-07-25T13:33:00.000Z,44.77586,-1.104,22.7,N20,D
2026-07-25T13:33:00.000Z,44.77606,-0.95122,15.38,N20,D
2026-07-25T13:33:00.000Z,44.7763,-1.09783,17.76,N20,D
2026-07-25T13:33:00.000Z,44.77654,-0.94494,15.38,N20,D
2026-07-25T13:33:00.000Z,44.77673,-0.96592,6.63,N20,D
2026-07-25T13:33:00.000Z,44.77807,-0.94705,11.32,N20,D
2026-07-25T13:33:00.000Z,44.77851,-0.94077,11.32,N20,D
2026-07-25T13:33:00.000Z,44.77942,-1.11695,7.32,N20,D
2026-07-25T13:33:00.000Z,44.77987,-1.1108,22.7,N20,D
2026-07-25T13:33:00.000Z,44.78008,-0.95813,28.47,N20,D
2026-07-25T13:33:00.000Z,44.78056,-0.95184,13.39,N20,D
2026-07-25T13:33:00.000Z,44.78167,-0.96027,22.77,N20,D
2026-07-25T13:33:00.000Z,44.78212,-0.95397,22.77,N20,D
2026-07-25T13:33:00.000Z,44.80277,-0.98224,12.38,N20,D
2026-07-25T13:33:00.000Z,44.80353,-1.09548,6.54,N20,D
2026-07-25T13:33:00.000Z,44.82257,-0.95962,12.82,N20,D
2026-07-25T13:33:00.000Z,44.82303,-0.95336,20.74,N20,D
2026-07-25T13:33:00.000Z,44.82706,-0.96025,12.82,N20,D
2026-07-25T13:33:00.000Z,44.82753,-0.95397,20.74,N20,D
2026-07-25T13:33:00.000Z,44.82799,-0.94769,20.74,N20,D
2026-07-25T13:33:00.000Z,44.82845,-0.9414,8.89,N20,D
2026-07-25T13:33:00.000Z,44.8289,-0.93512,8.89,N20,D
2026-07-25T13:33:00.000Z,44.83249,-0.94831,17.64,N20,D
2026-07-25T13:33:00.000Z,44.83295,-0.94203,37.19,N20,D
2026-07-25T13:33:00.000Z,44.8334,-0.93574,37.19,N20,D
2026-07-25T13:33:00.000Z,44.83387,-0.92944,7.0,N20,D
2026-07-25T13:33:00.000Z,44.83698,-0.94894,17.64,N20,D
2026-07-25T13:33:00.000Z,44.83744,-0.94266,37.19,N20,D
2026-07-25T13:33:00.000Z,44.83791,-0.93637,37.19,N20,D
2026-07-25T13:33:00.000Z,44.83837,-0.93006,7.0,N20,D
2026-07-25T13:33:00.000Z,44.84148,-0.94959,7.1,N20,D
2026-07-25T13:33:00.000Z,44.84241,-0.93697,12.83,N20,D
2026-07-25T13:33:00.000Z,44.84457,-0.96908,11.24,N20,D
2026-07-25T13:33:00.000Z,44.8455,-0.95653,7.1,N20,D
2026-07-25T13:33:00.000Z,44.8458,-1.13272,7.62,N20,D
2026-07-25T13:33:00.000Z,44.84597,-0.95024,7.1,N20,D
2026-07-25T13:33:00.000Z,44.84644,-0.94392,12.83,N20,D
2026-07-25T13:33:00.000Z,44.84953,-0.96344,6.94,N20,D
2026-07-25T13:33:00.000Z,44.84978,-1.13953,30.08,N20,D
2026-07-25T13:33:00.000Z,44.8498,-1.02049,11.3,N20,D
2026-07-25T13:33:00.000Z,44.85,-0.95716,9.98,N20,D
2026-07-25T13:33:00.000Z,44.85047,-0.95085,9.98,N20,D
2026-07-25T13:33:00.000Z,44.85094,-0.94453,8.48,N20,D
2026-07-25T13:33:00.000Z,44.85497,-0.95147,9.98,N20,D
2026-07-25T13:33:00.000Z,44.85544,-0.94515,8.48,N20,D
2026-07-25T13:33:00.000Z,44.85947,-0.95208,10.49,N20,D
2026-07-25T13:33:00.000Z,44.86183,-0.92049,4.1,N20,D
2026-07-25T13:33:00.000Z,44.8644,-1.10042,7.78,N20,D
2026-07-25T13:33:00.000Z,44.86519,-1.17302,6.99,N20,D
2026-07-25T13:33:00.000Z,44.86752,-0.9659,3.72,N20,D
2026-07-25T13:33:00.000Z,44.86841,-1.1698,5.26,N20,D
2026-07-25T13:33:00.000Z,44.86964,-1.17362,7.77,N20,D
2026-07-25T13:33:00.000Z,44.87201,-0.96651,3.72,N20,D
2026-07-25T13:33:00.000Z,44.87603,-0.97342,11.29,N20,D
2026-07-25T13:33:00.000Z,44.87774,-0.9761,10.45,N20,D
2026-07-25T13:33:00.000Z,44.87819,-0.96981,14.8,N20,D
2026-07-25T13:33:00.000Z,44.88005,-0.98033,6.12,N20,D
2026-07-25T13:33:00.000Z,44.88052,-0.97405,11.29,N20,D
2026-07-25T13:33:00.000Z,44.88179,-0.98302,18.35,N20,D
2026-07-25T13:33:00.000Z,44.88454,-0.98095,16.68,N20,D
2026-07-25T13:33:00.000Z,44.88759,-1.00035,4.96,N20,D
2026-07-25T13:33:00.000Z,44.88943,-1.00308,7.93,N20,D
2026-07-25T13:33:00.000Z,44.88988,-0.99683,7.88,N20,D
2026-07-25T13:33:00.000Z,44.89074,-1.11039,7.11,N20,D
2026-07-25T13:33:00.000Z,44.89119,-1.10421,7.11,N20,D
2026-07-25T13:33:00.000Z,44.89831,-1.1302,3.57,N20,D
2026-07-25T13:33:00.000Z,44.90697,-0.94833,12.22,N20,D
2026-07-25T13:33:00.000Z,44.92877,-1.08438,7.93,N20,D
2026-07-25T13:33:00.000Z,44.93121,-0.98993,10.78,N20,D
2026-07-25T13:33:00.000Z,44.93231,-1.09745,17.53,N20,D
2026-07-25T13:33:00.000Z,44.93278,-1.09124,7.93,N20,D
2026-07-25T13:33:00.000Z,44.93324,-1.08502,7.93,N20,D
2026-07-25T13:33:00.000Z,44.93724,-1.09188,14.62,N20,D
2026-07-25T13:33:00.000Z,44.94051,-1.0482,22.16,N20,D
2026-07-25T13:33:00.000Z,44.94405,-1.06131,15.49,N20,D
2026-07-25T13:33:00.000Z,44.94901,-1.05569,24.54,N20,D
2026-07-25T13:33:00.000Z,44.95912,-0.98106,14.56,N20,D
2026-07-25T13:33:00.000Z,44.96032,-1.02567,13.34,N20,D
2026-07-25T13:33:00.000Z,44.96078,-1.01938,21.26,N20,D
2026-07-25T13:33:00.000Z,44.96362,-0.98167,7.59,N20,D
2026-07-25T13:33:00.000Z,44.96669,-1.00119,11.99,N20,D
2026-07-25T13:33:00.000Z,44.96764,-0.98858,10.35,N20,D
2026-07-25T13:33:00.000Z,44.97213,-0.98921,20.19,N20,D
2026-07-25T15:31:00.000Z,44.77243,-0.98075,61.62,Aqua,D
2026-07-25T15:31:00.000Z,44.77428,-0.95942,377.39,Aqua,D
2026-07-25T15:31:00.000Z,44.90203,-0.94459,70.06,Aqua,D
2026-07-25T15:31:00.000Z,44.91248,-0.92984,33.75,Aqua,D
2026-07-25T15:31:00.000Z,44.94297,-0.97874,29.26,Aqua,D
2026-07-26T00:56:00.000Z,44.72943,-0.83069,8.68,N21,N
2026-07-26T00:56:00.000Z,44.72948,-0.83843,8.68,N21,N
2026-07-26T00:56:00.000Z,44.72953,-0.84627,8.77,N21,N
2026-07-26T00:56:00.000Z,44.72959,-0.85405,8.77,N21,N
2026-07-26T00:56:00.000Z,44.72964,-0.86184,7.56,N21,N
2026-07-26T00:56:00.000Z,44.72969,-0.86968,7.56,N21,N
2026-07-26T00:56:00.000Z,44.72975,-0.87757,6.61,N21,N
2026-07-26T00:56:00.000Z,44.73604,-0.83846,8.68,N21,N
2026-07-26T00:56:00.000Z,44.7361,-0.84628,8.77,N21,N
2026-07-26T00:56:00.000Z,44.73615,-0.85406,8.77,N21,N
2026-07-26T00:56:00.000Z,44.73621,-0.86184,7.56,N21,N
2026-07-26T00:56:00.000Z,44.73626,-0.86967,7.56,N21,N
2026-07-26T00:56:00.000Z,44.73632,-0.87752,6.61,N21,N
2026-07-26T00:56:00.000Z,44.73637,-0.88537,6.61,N21,N
2026-07-26T00:56:00.000Z,44.74154,-0.85636,1.92,N21,N
2026-07-26T00:56:00.000Z,44.74156,-0.86416,1.92,N21,N
2026-07-26T00:56:00.000Z,44.74158,-0.87196,3.51,N21,N
2026-07-26T00:56:00.000Z,44.7416,-0.87979,3.51,N21,N
2026-07-26T00:56:00.000Z,44.74161,-0.88765,3.42,N21,N
2026-07-26T00:56:00.000Z,44.74163,-0.89551,3.42,N21,N
2026-07-26T00:56:00.000Z,44.74165,-0.90339,2.78,N21,N
2026-07-26T00:56:00.000Z,44.74166,-0.91135,2.78,N21,N
2026-07-26T00:56:00.000Z,44.74167,-0.91927,2.5,N21,N
2026-07-26T00:56:00.000Z,44.74169,-0.9272,2.5,N21,N
2026-07-26T00:56:00.000Z,44.74277,-0.86185,3.64,N21,N
2026-07-26T00:56:00.000Z,44.74283,-0.86965,3.64,N21,N
2026-07-26T00:56:00.000Z,44.74294,-0.88531,6.91,N21,N
2026-07-26T00:56:00.000Z,44.74813,-0.86412,1.92,N21,N
2026-07-26T00:56:00.000Z,44.75478,-0.89535,6.37,N21,N
2026-07-26T00:56:00.000Z,44.7548,-0.90324,5.72,N21,N
2026-07-26T00:56:00.000Z,44.75614,-0.89306,7.53,N21,N
2026-07-26T00:56:00.000Z,44.76138,-0.9032,5.72,N21,N
2026-07-26T00:56:00.000Z,44.76142,-0.91893,5.22,N21,N
2026-07-26T00:56:00.000Z,44.76152,-0.95852,16.31,N21,N
2026-07-26T00:56:00.000Z,44.76154,-0.96649,13.86,N21,N
2026-07-26T00:56:00.000Z,44.76278,-0.90096,7.53,N21,N
2026-07-26T00:56:00.000Z,44.76319,-0.95623,12.43,N21,N
2026-07-26T00:56:00.000Z,44.76324,-0.96417,12.43,N21,N
2026-07-26T00:56:00.000Z,44.76805,-0.93475,7.27,N21,N
2026-07-26T00:56:00.000Z,44.76809,-0.95057,8.27,N21,N
2026-07-26T00:56:00.000Z,44.76811,-0.95846,8.27,N21,N
2026-07-26T00:56:00.000Z,44.76813,-0.96636,13.43,N21,N
2026-07-26T00:56:00.000Z,44.77466,-0.94265,7.27,N21,N
2026-07-26T00:56:00.000Z,44.78125,-0.9426,4.13,N21,N
2026-07-26T00:56:00.000Z,44.84055,-0.94226,4.26,N21,N
2026-07-26T00:56:00.000Z,44.84074,-0.974,2.66,N21,N
2026-07-26T00:56:00.000Z,44.84532,-0.9437,2.93,N21,N
2026-07-26T00:56:00.000Z,44.84533,-0.95158,2.93,N21,N
2026-07-26T00:56:00.000Z,44.84535,-0.97549,3.23,N21,N
2026-07-26T00:56:00.000Z,44.84536,-0.98346,3.23,N21,N
2026-07-26T00:56:00.000Z,44.84719,-0.95011,4.19,N21,N
2026-07-26T00:56:00.000Z,44.84729,-0.96599,3.79,N21,N
2026-07-26T00:56:00.000Z,44.84734,-0.97397,3.79,N21,N
2026-07-26T00:56:00.000Z,44.84739,-0.98191,2.94,N21,N
2026-07-26T00:56:00.000Z,44.84743,-0.98991,2.94,N21,N
2026-07-26T00:56:00.000Z,44.85194,-0.95948,5.29,N21,N
2026-07-26T00:56:00.000Z,44.85195,-0.97544,3.23,N21,N
2026-07-26T00:56:00.000Z,44.85195,-0.96745,5.29,N21,N
2026-07-26T00:56:00.000Z,44.85196,-0.98339,3.23,N21,N
2026-07-26T00:56:00.000Z,44.85378,-0.95013,4.19,N21,N
2026-07-26T00:56:00.000Z,44.85384,-0.95801,4.19,N21,N
2026-07-26T00:56:00.000Z,44.85388,-0.96596,3.79,N21,N
2026-07-26T00:56:00.000Z,44.85394,-0.97394,3.79,N21,N
2026-07-26T00:56:00.000Z,44.85398,-0.98189,2.94,N21,N
2026-07-26T00:56:00.000Z,44.85852,-0.95156,7.9,N21,N
2026-07-26T00:56:00.000Z,44.85853,-0.95948,4.06,N21,N
2026-07-26T00:56:00.000Z,44.85856,-0.97538,2.22,N21,N
2026-07-26T00:56:00.000Z,44.86038,-0.95015,2.87,N21,N
2026-07-26T00:56:00.000Z,44.86043,-0.95806,2.87,N21,N
2026-07-26T00:56:00.000Z,44.86515,-0.9674,4.06,N21,N
2026-07-26T00:56:00.000Z,44.86708,-0.96602,1.74,N21,N
2026-07-26T00:56:00.000Z,44.87174,-0.96744,5.59,N21,N
2026-07-26T00:56:00.000Z,44.87176,-0.97539,7.31,N21,N
2026-07-26T00:56:00.000Z,44.87368,-0.96606,4.83,N21,N
2026-07-26T00:56:00.000Z,44.87373,-0.974,4.83,N21,N
2026-07-26T00:56:00.000Z,44.87379,-0.98195,6.75,N21,N
2026-07-26T00:56:00.000Z,44.87817,-0.90408,2.1,N21,N
2026-07-26T00:56:00.000Z,44.87836,-0.97535,7.31,N21,N
2026-07-26T00:56:00.000Z,44.87838,-0.9833,7.31,N21,N
2026-07-26T00:56:00.000Z,44.87979,-0.9028,2.39,N21,N
2026-07-26T00:56:00.000Z,44.88033,-0.97399,4.83,N21,N
2026-07-26T00:56:00.000Z,44.88039,-0.98195,6.75,N21,N
2026-07-26T00:56:00.000Z,44.88045,-0.98992,6.75,N21,N
2026-07-26T00:56:00.000Z,44.8847,-0.88825,1.64,N21,N
2026-07-26T00:56:00.000Z,44.88498,-0.98329,4.94,N21,N
2026-07-26T00:56:00.000Z,44.88501,-0.99128,7.79,N21,N
2026-07-26T00:56:00.000Z,44.88502,-0.99929,7.79,N21,N
2026-07-26T00:56:00.000Z,44.88504,-1.00734,12.18,N21,N
2026-07-26T00:56:00.000Z,44.88623,-0.88706,1.75,N21,N
2026-07-26T00:56:00.000Z,44.88711,-0.99795,13.2,N21,N
2026-07-26T00:56:00.000Z,44.88717,-1.00599,13.2,N21,N
2026-07-26T00:56:00.000Z,44.89165,-1.00731,12.18,N21,N
2026-07-26T00:56:00.000Z,44.90459,-0.92759,2.26,N21,N
2026-07-26T00:56:00.000Z,44.90462,-0.93552,2.26,N21,N
2026-07-26T00:56:00.000Z,44.90468,-0.95142,3.22,N21,N
2026-07-26T00:56:00.000Z,44.90474,-0.96737,2.94,N21,N
2026-07-26T00:56:00.000Z,44.91121,-0.93551,2.46,N21,N
2026-07-26T00:56:00.000Z,44.91124,-0.94348,1.64,N21,N
2026-07-26T00:56:00.000Z,44.94481,-1.06339,4.24,N21,N
2026-07-26T00:56:00.000Z,44.9491,-1.06212,9.6,N21,N
2026-07-26T00:56:00.000Z,44.9491,-1.05405,3.93,N21,N
2026-07-26T00:56:00.000Z,44.95139,-1.0554,5.72,N21,N
2026-07-26T00:56:00.000Z,44.95144,-1.06345,5.72,N21,N
2026-07-26T00:56:00.000Z,44.95573,-1.04594,3.93,N21,N
2026-07-26T00:56:00.000Z,44.95785,-1.02325,2.27,N21,N
2026-07-26T00:56:00.000Z,44.95789,-1.03126,2.27,N21,N
2026-07-26T00:56:00.000Z,44.96234,-1.02181,5.36,N21,N
2026-07-26T00:56:00.000Z,44.96235,-1.02981,5.12,N21,N
2026-07-26T00:56:00.000Z,44.96437,-1.00722,3.71,N21,N
2026-07-26T00:56:00.000Z,44.96447,-1.02329,1.98,N21,N
2026-07-26T00:56:00.000Z,44.96451,-1.03128,1.98,N21,N
2026-07-26T00:56:00.000Z,44.96894,-1.0057,4.21,N21,N
2026-07-26T01:32:00.000Z,44.72462,-0.84102,7.12,N,N
2026-07-26T01:32:00.000Z,44.7256,-0.85584,6.37,N,N
2026-07-26T01:32:00.000Z,44.72609,-0.86325,6.29,N,N
2026-07-26T01:32:00.000Z,44.72636,-0.81949,0.81,N,N
2026-07-26T01:32:00.000Z,44.72681,-0.8269,2.26,N,N
2026-07-26T01:32:00.000Z,44.72726,-0.83429,2.26,N,N
2026-07-26T01:32:00.000Z,44.72771,-0.84171,6.15,N,N
2026-07-26T01:32:00.000Z,44.72816,-0.84913,6.15,N,N
2026-07-26T01:32:00.000Z,44.72848,-0.82559,6.75,N,N
2026-07-26T01:32:00.000Z,44.72861,-0.85655,6.66,N,N
2026-07-26T01:32:00.000Z,44.72897,-0.83299,7.12,N,N
2026-07-26T01:32:00.000Z,44.72906,-0.86398,6.66,N,N
2026-07-26T01:32:00.000Z,44.72947,-0.84038,7.12,N,N
2026-07-26T01:32:00.000Z,44.72952,-0.87144,5.54,N,N
2026-07-26T01:32:00.000Z,44.72996,-0.84781,6.37,N,N
2026-07-26T01:32:00.000Z,44.72997,-0.87892,5.54,N,N
2026-07-26T01:32:00.000Z,44.73045,-0.85521,6.37,N,N
2026-07-26T01:32:00.000Z,44.73094,-0.86262,6.29,N,N
2026-07-26T01:32:00.000Z,44.7312,-0.81884,11.32,N,N
2026-07-26T01:32:00.000Z,44.73143,-0.87007,6.29,N,N
2026-07-26T01:32:00.000Z,44.73166,-0.82626,38.38,N,N
2026-07-26T01:32:00.000Z,44.73192,-0.87753,8.05,N,N
2026-07-26T01:32:00.000Z,44.73211,-0.83366,38.38,N,N
2026-07-26T01:32:00.000Z,44.73242,-0.88499,8.05,N,N
2026-07-26T01:32:00.000Z,44.73256,-0.84108,11.7,N,N
2026-07-26T01:32:00.000Z,44.73283,-0.81758,35.58,N,N
2026-07-26T01:32:00.000Z,44.73301,-0.84851,11.7,N,N
2026-07-26T01:32:00.000Z,44.73332,-0.82498,35.58,N,N
2026-07-26T01:32:00.000Z,44.73346,-0.85592,3.44,N,N
2026-07-26T01:32:00.000Z,44.73381,-0.83238,21.97,N,N
2026-07-26T01:32:00.000Z,44.73391,-0.86335,3.44,N,N
2026-07-26T01:32:00.000Z,44.73431,-0.83978,21.97,N,N
2026-07-26T01:32:00.000Z,44.73437,-0.8708,6.11,N,N
2026-07-26T01:32:00.000Z,44.7348,-0.8472,4.27,N,N
2026-07-26T01:32:00.000Z,44.73482,-0.87827,6.11,N,N
2026-07-26T01:32:00.000Z,44.73528,-0.88574,12.76,N,N
2026-07-26T01:32:00.000Z,44.7353,-0.85461,4.27,N,N
2026-07-26T01:32:00.000Z,44.73573,-0.8932,12.76,N,N
2026-07-26T01:32:00.000Z,44.73579,-0.86201,3.38,N,N
2026-07-26T01:32:00.000Z,44.73604,-0.81823,11.32,N,N
2026-07-26T01:32:00.000Z,44.73618,-0.90067,4.44,N,N
2026-07-26T01:32:00.000Z,44.73628,-0.86945,3.38,N,N
2026-07-26T01:32:00.000Z,44.7365,-0.82563,38.38,N,N
2026-07-26T01:32:00.000Z,44.73677,-0.87689,9.47,N,N
2026-07-26T01:32:00.000Z,44.73695,-0.83304,38.38,N,N
2026-07-26T01:32:00.000Z,44.73727,-0.88434,9.47,N,N
2026-07-26T01:32:00.000Z,44.73741,-0.84047,11.7,N,N
2026-07-26T01:32:00.000Z,44.73776,-0.89179,9.28,N,N
2026-07-26T01:32:00.000Z,44.73786,-0.84789,11.7,N,N
2026-07-26T01:32:00.000Z,44.73816,-0.82436,35.58,N,N
2026-07-26T01:32:00.000Z,44.73826,-0.89925,9.28,N,N
2026-07-26T01:32:00.000Z,44.73831,-0.8553,3.44,N,N
2026-07-26T01:32:00.000Z,44.73866,-0.83176,21.97,N,N
2026-07-26T01:32:00.000Z,44.73875,-0.90675,3.58,N,N
2026-07-26T01:32:00.000Z,44.73915,-0.83917,21.97,N,N
2026-07-26T01:32:00.000Z,44.73922,-0.87017,6.11,N,N
2026-07-26T01:32:00.000Z,44.73965,-0.84659,4.27,N,N
2026-07-26T01:32:00.000Z,44.73967,-0.87761,6.11,N,N
2026-07-26T01:32:00.000Z,44.74013,-0.88508,12.76,N,N
2026-07-26T01:32:00.000Z,44.74014,-0.85399,4.27,N,N
2026-07-26T01:32:00.000Z,44.74058,-0.89255,12.76,N,N
2026-07-26T01:32:00.000Z,44.74104,-0.90003,4.44,N,N
2026-07-26T01:32:00.000Z,44.74134,-0.825,0.97,N,N
2026-07-26T01:32:00.000Z,44.74149,-0.90754,4.44,N,N
2026-07-26T01:32:00.000Z,44.74163,-0.87625,9.47,N,N
2026-07-26T01:32:00.000Z,44.74179,-0.83241,0.97,N,N
2026-07-26T01:32:00.000Z,44.74212,-0.8837,9.47,N,N
2026-07-26T01:32:00.000Z,44.74225,-0.83984,0.54,N,N
2026-07-26T01:32:00.000Z,44.74262,-0.89116,9.28,N,N
2026-07-26T01:32:00.000Z,44.743,-0.82373,1.7,N,N
2026-07-26T01:32:00.000Z,44.74312,-0.89863,9.28,N,N
2026-07-26T01:32:00.000Z,44.74316,-0.85468,0.72,N,N
2026-07-26T01:32:00.000Z,44.74361,-0.90611,3.58,N,N
2026-07-26T01:32:00.000Z,44.74362,-0.86211,0.72,N,N
2026-07-26T01:32:00.000Z,44.74453,-0.87697,4.91,N,N
2026-07-26T01:32:00.000Z,44.74498,-0.88443,6.21,N,N
2026-07-26T01:32:00.000Z,44.74544,-0.89189,6.21,N,N
2026-07-26T01:32:00.000Z,44.7459,-0.89938,1.85,N,N
2026-07-26T01:32:00.000Z,44.74635,-0.90688,1.85,N,N
2026-07-26T01:32:00.000Z,44.74648,-0.87563,7.13,N,N
2026-07-26T01:32:00.000Z,44.74698,-0.88306,7.13,N,N
2026-07-26T01:32:00.000Z,44.74747,-0.89051,3.49,N,N
2026-07-26T01:32:00.000Z,44.74763,-1.0424,8.75,N,N
2026-07-26T01:32:00.000Z,44.74772,-0.92942,4.9,N,N
2026-07-26T01:32:00.000Z,44.74847,-0.90547,2.15,N,N
2026-07-26T01:32:00.000Z,44.74874,-1.0282,1.55,N,N
2026-07-26T01:32:00.000Z,44.74893,-0.8689,4.91,N,N
2026-07-26T01:32:00.000Z,44.74919,-1.03578,5.22,N,N
2026-07-26T01:32:00.000Z,44.74938,-0.87633,4.91,N,N
2026-07-26T01:32:00.000Z,44.74964,-1.04338,5.22,N,N
2026-07-26T01:32:00.000Z,44.74984,-0.88376,6.21,N,N
2026-07-26T01:32:00.000Z,44.74997,-0.92797,4.18,N,N
2026-07-26T01:32:00.000Z,44.7503,-0.89124,6.21,N,N
2026-07-26T01:32:00.000Z,44.75047,-0.93547,6.9,N,N
2026-07-26T01:32:00.000Z,44.75076,-0.89873,1.85,N,N
2026-07-26T01:32:00.000Z,44.75084,-0.86759,5.94,N,N
2026-07-26T01:32:00.000Z,44.75134,-0.875,7.13,N,N
2026-07-26T01:32:00.000Z,44.75154,-1.0266,3.06,N,N
2026-07-26T01:32:00.000Z,44.75167,-0.91371,3.95,N,N
2026-07-26T01:32:00.000Z,44.75183,-0.88241,7.13,N,N
2026-07-26T01:32:00.000Z,44.75203,-1.03414,3.06,N,N
2026-07-26T01:32:00.000Z,44.75233,-0.88986,3.49,N,N
2026-07-26T01:32:00.000Z,44.75252,-1.04172,8.75,N,N
2026-07-26T01:32:00.000Z,44.75259,-0.92875,4.9,N,N
2026-07-26T01:32:00.000Z,44.75283,-0.89735,3.49,N,N
2026-07-26T01:32:00.000Z,44.75304,-0.93626,4.9,N,N
2026-07-26T01:32:00.000Z,44.75333,-0.90483,2.15,N,N
2026-07-26T01:32:00.000Z,44.7535,-0.94378,4.86,N,N
2026-07-26T01:32:00.000Z,44.75363,-1.02755,5.39,N,N
2026-07-26T01:32:00.000Z,44.75378,-0.86827,8.72,N,N
2026-07-26T01:32:00.000Z,44.75383,-0.9123,2.15,N,N
2026-07-26T01:32:00.000Z,44.75408,-1.0351,5.55,N,N
2026-07-26T01:32:00.000Z,44.75423,-0.87568,8.72,N,N
2026-07-26T01:32:00.000Z,44.75453,-1.04272,5.55,N,N
2026-07-26T01:32:00.000Z,44.75469,-0.88311,13.24,N,N
2026-07-26T01:32:00.000Z,44.75483,-0.92731,4.18,N,N
2026-07-26T01:32:00.000Z,44.75499,-1.05034,3.72,N,N
2026-07-26T01:32:00.000Z,44.75515,-0.89058,13.24,N,N
2026-07-26T01:32:00.000Z,44.75533,-0.93481,6.9,N,N
2026-07-26T01:32:00.000Z,44.75562,-0.89809,25.57,N,N
2026-07-26T01:32:00.000Z,44.75583,-0.94233,6.9,N,N
2026-07-26T01:32:00.000Z,44.75607,-0.90558,25.57,N,N
2026-07-26T01:32:00.000Z,44.75643,-1.02597,7.72,N,N
2026-07-26T01:32:00.000Z,44.75653,-0.91306,4.34,N,N
2026-07-26T01:32:00.000Z,44.75692,-1.03351,7.72,N,N
2026-07-26T01:32:00.000Z,44.75699,-0.92056,4.34,N,N
2026-07-26T01:32:00.000Z,44.75741,-1.0411,4.91,N,N
2026-07-26T01:32:00.000Z,44.75745,-0.92809,3.12,N,N
2026-07-26T01:32:00.000Z,44.75791,-1.04872,4.91,N,N
2026-07-26T01:32:00.000Z,44.75791,-0.93561,3.12,N,N
2026-07-26T01:32:00.000Z,44.75806,-1.01937,5.39,N,N
2026-07-26T01:32:00.000Z,44.75837,-0.94314,5.7,N,N
2026-07-26T01:32:00.000Z,44.75841,-1.05635,12.31,N,N
2026-07-26T01:32:00.000Z,44.75852,-1.02691,5.39,N,N
2026-07-26T01:32:00.000Z,44.75883,-0.95065,5.7,N,N
2026-07-26T01:32:00.000Z,44.75897,-1.03447,5.55,N,N
2026-07-26T01:32:00.000Z,44.75909,-0.87503,8.72,N,N
2026-07-26T01:32:00.000Z,44.75929,-0.95819,13.49,N,N
2026-07-26T01:32:00.000Z,44.75943,-1.04208,5.55,N,N
2026-07-26T01:32:00.000Z,44.75955,-0.88247,13.24,N,N
2026-07-26T01:32:00.000Z,44.75989,-1.04972,3.72,N,N
2026-07-26T01:32:00.000Z,44.76001,-0.88996,13.24,N,N
2026-07-26T01:32:00.000Z,44.76032,-1.01023,4.8,N,N
2026-07-26T01:32:00.000Z,44.76034,-1.05733,3.72,N,N
2026-07-26T01:32:00.000Z,44.76048,-0.89746,25.57,N,N
2026-07-26T01:32:00.000Z,44.7608,-1.06495,1.82,N,N
2026-07-26T01:32:00.000Z,44.76094,-0.90495,25.57,N,N
2026-07-26T01:32:00.000Z,44.76139,-0.91244,4.34,N,N
2026-07-26T01:32:00.000Z,44.76181,-1.03289,7.72,N,N
2026-07-26T01:32:00.000Z,44.76186,-0.91993,4.34,N,N
2026-07-26T01:32:00.000Z,44.76231,-1.04048,4.91,N,N
2026-07-26T01:32:00.000Z,44.76232,-0.92744,3.12,N,N
2026-07-26T01:32:00.000Z,44.7625,-1.01113,2.39,N,N
2026-07-26T01:32:00.000Z,44.76278,-0.93498,3.12,N,N
2026-07-26T01:32:00.000Z,44.76281,-1.0481,4.91,N,N
2026-07-26T01:32:00.000Z,44.76324,-0.9425,5.7,N,N
2026-07-26T01:32:00.000Z,44.76331,-1.0557,12.31,N,N
2026-07-26T01:32:00.000Z,44.76341,-1.02627,1.77,N,N
2026-07-26T01:32:00.000Z,44.7637,-0.95,5.7,N,N
2026-07-26T01:32:00.000Z,44.76381,-1.06332,12.31,N,N
2026-07-26T01:32:00.000Z,44.76387,-1.03383,6.69,N,N
2026-07-26T01:32:00.000Z,44.76416,-0.95751,13.49,N,N
2026-07-26T01:32:00.000Z,44.76432,-1.04144,6.69,N,N
2026-07-26T01:32:00.000Z,44.76462,-0.96505,13.49,N,N
2026-07-26T01:32:00.000Z,44.76478,-1.04905,5.99,N,N
2026-07-26T01:32:00.000Z,44.76524,-1.05668,5.99,N,N
2026-07-26T01:32:00.000Z,44.76533,-0.89681,25.18,N,N
2026-07-26T01:32:00.000Z,44.76569,-1.0643,13.39,N,N
2026-07-26T01:32:00.000Z,44.76579,-0.90431,25.18,N,N
2026-07-26T01:32:00.000Z,44.76626,-0.91181,5.25,N,N
2026-07-26T01:32:00.000Z,44.76646,-0.99533,1.51,N,N
2026-07-26T01:32:00.000Z,44.76719,-0.92681,4.95,N,N
2026-07-26T01:32:00.000Z,44.76765,-0.93434,4.95,N,N
2026-07-26T01:32:00.000Z,44.76784,-1.01806,1.77,N,N
2026-07-26T01:32:00.000Z,44.76811,-0.94187,5.75,N,N
2026-07-26T01:32:00.000Z,44.76857,-0.94938,5.75,N,N
2026-07-26T01:32:00.000Z,44.76904,-0.9569,4.49,N,N
2026-07-26T01:32:00.000Z,44.7695,-0.9644,4.49,N,N
2026-07-26T01:32:00.000Z,44.76968,-1.04839,5.99,N,N
2026-07-26T01:32:00.000Z,44.76996,-0.97194,2.38,N,N
2026-07-26T01:32:00.000Z,44.77014,-1.05602,5.99,N,N
2026-07-26T01:32:00.000Z,44.77042,-0.97952,2.38,N,N
2026-07-26T01:32:00.000Z,44.77252,-0.9337,4.95,N,N
2026-07-26T01:32:00.000Z,44.77289,-1.1019,2.74,N,N
2026-07-26T01:32:00.000Z,44.77299,-0.94124,5.75,N,N
2026-07-26T01:32:00.000Z,44.77335,-1.1096,13.32,N,N
2026-07-26T01:32:00.000Z,44.77345,-0.94877,5.75,N,N
2026-07-26T01:32:00.000Z,44.77373,-1.21668,1.04,N,N
2026-07-26T01:32:00.000Z,44.77381,-1.1173,13.32,N,N
2026-07-26T01:32:00.000Z,44.77388,-1.20248,1.87,N,N
2026-07-26T01:32:00.000Z,44.77391,-0.95627,4.49,N,N
2026-07-26T01:32:00.000Z,44.77438,-0.96378,4.49,N,N
2026-07-26T01:32:00.000Z,44.77479,-1.21796,2.89,N,N
2026-07-26T01:32:00.000Z,44.77484,-0.97131,2.38,N,N
2026-07-26T01:32:00.000Z,44.77655,-1.16349,1.94,N,N
2026-07-26T01:32:00.000Z,44.77739,-0.93306,3.23,N,N
2026-07-26T01:32:00.000Z,44.77785,-0.9406,6.7,N,N
2026-07-26T01:32:00.000Z,44.77826,-1.10895,4.72,N,N
2026-07-26T01:32:00.000Z,44.77832,-0.94813,6.7,N,N
2026-07-26T01:32:00.000Z,44.77872,-1.11663,4.72,N,N
2026-07-26T01:32:00.000Z,44.77882,-1.20181,1.87,N,N
2026-07-26T01:32:00.000Z,44.77918,-1.12431,7.32,N,N
2026-07-26T01:32:00.000Z,44.78225,-0.93242,3.23,N,N
2026-07-26T01:32:00.000Z,44.78273,-0.93997,6.7,N,N
2026-07-26T01:32:00.000Z,44.78553,-0.98517,1.7,N,N
2026-07-26T01:32:00.000Z,44.79744,-1.09874,6.69,N,N
2026-07-26T01:32:00.000Z,44.80018,-0.98327,1.28,N,N
2026-07-26T01:32:00.000Z,44.80236,-1.09812,6.69,N,N
2026-07-26T01:32:00.000Z,44.80283,-1.10578,5.93,N,N
2026-07-26T01:32:00.000Z,44.80506,-0.98264,1.28,N,N
2026-07-26T01:32:00.000Z,44.80553,-0.99019,1.28,N,N
2026-07-26T01:32:00.000Z,44.8068,-1.08982,8.08,N,N
2026-07-26T01:32:00.000Z,44.80727,-1.09747,8.08,N,N
2026-07-26T01:32:00.000Z,44.82067,-0.99585,2.02,N,N
2026-07-26T01:32:00.000Z,44.83878,-0.94041,2.69,N,N
2026-07-26T01:32:00.000Z,44.83923,-0.94798,2.69,N,N
2026-07-26T01:32:00.000Z,44.84102,-0.97821,3.11,N,N
2026-07-26T01:32:00.000Z,44.84146,-0.9858,1.53,N,N
2026-07-26T01:32:00.000Z,44.84167,-0.93994,5.08,N,N
2026-07-26T01:32:00.000Z,44.84216,-0.94746,5.06,N,N
2026-07-26T01:32:00.000Z,44.84363,-0.97009,4.45,N,N
2026-07-26T01:32:00.000Z,44.84366,-0.93979,4.23,N,N
2026-07-26T01:32:00.000Z,44.8441,-0.94731,4.23,N,N
2026-07-26T01:32:00.000Z,44.84412,-0.97764,3.8,N,N
2026-07-26T01:32:00.000Z,44.84461,-0.98522,3.8,N,N
2026-07-26T01:32:00.000Z,44.84546,-0.96999,4.97,N,N
2026-07-26T01:32:00.000Z,44.84591,-0.97756,4.97,N,N
2026-07-26T01:32:00.000Z,44.84635,-0.98514,3.28,N,N
2026-07-26T01:32:00.000Z,44.84655,-0.93933,1.55,N,N
2026-07-26T01:32:00.000Z,44.84703,-0.94683,2.38,N,N
2026-07-26T01:32:00.000Z,44.84706,-1.02304,1.82,N,N
2026-07-26T01:32:00.000Z,44.84753,-0.95434,2.38,N,N
2026-07-26T01:32:00.000Z,44.84802,-0.96189,4.22,N,N
2026-07-26T01:32:00.000Z,44.84851,-0.96946,4.22,N,N
2026-07-26T01:32:00.000Z,44.84859,-1.02307,3.69,N,N
2026-07-26T01:32:00.000Z,44.849,-0.97702,3.14,N,N
2026-07-26T01:32:00.000Z,44.84943,-0.95421,3.82,N,N
2026-07-26T01:32:00.000Z,44.8495,-0.98458,3.14,N,N
2026-07-26T01:32:00.000Z,44.84988,-0.96176,3.82,N,N
2026-07-26T01:32:00.000Z,44.85033,-0.96935,4.97,N,N
2026-07-26T01:32:00.000Z,44.85078,-0.97692,4.97,N,N
2026-07-26T01:32:00.000Z,44.85124,-0.9845,3.28,N,N
2026-07-26T01:32:00.000Z,44.85195,-1.02247,2.29,N,N
2026-07-26T01:32:00.000Z,44.85241,-0.95374,2.38,N,N
2026-07-26T01:32:00.000Z,44.85245,-1.03013,2.29,N,N
2026-07-26T01:32:00.000Z,44.8529,-0.96126,4.22,N,N
2026-07-26T01:32:00.000Z,44.85339,-0.96883,4.22,N,N
2026-07-26T01:32:00.000Z,44.85389,-0.9764,3.14,N,N
2026-07-26T01:32:00.000Z,44.85395,-1.03015,3.61,N,N
2026-07-26T01:32:00.000Z,44.85431,-0.95359,5.51,N,N
2026-07-26T01:32:00.000Z,44.85438,-0.98395,3.14,N,N
2026-07-26T01:32:00.000Z,44.85476,-0.96113,5.51,N,N
2026-07-26T01:32:00.000Z,44.85567,-0.97629,5.33,N,N
2026-07-26T01:32:00.000Z,44.85728,-0.95313,8.39,N,N
2026-07-26T01:32:00.000Z,44.85737,-0.92288,1.09,N,N
2026-07-26T01:32:00.000Z,44.85778,-0.96067,5.12,N,N
2026-07-26T01:32:00.000Z,44.85877,-0.97577,1.54,N,N
2026-07-26T01:32:00.000Z,44.85919,-0.95298,5.51,N,N
2026-07-26T01:32:00.000Z,44.85965,-0.96053,5.51,N,N
2026-07-26T01:32:00.000Z,44.86017,-0.92247,1.79,N,N
2026-07-26T01:32:00.000Z,44.86216,-0.95253,8.39,N,N
2026-07-26T01:32:00.000Z,44.86499,-0.96746,2.91,N,N
2026-07-26T01:32:00.000Z,44.86987,-0.96687,2.91,N,N
2026-07-26T01:32:00.000Z,44.87475,-0.96624,5.8,N,N
2026-07-26T01:32:00.000Z,44.87521,-0.97381,5.8,N,N
2026-07-26T01:32:00.000Z,44.87567,-0.98138,10.4,N,N
2026-07-26T01:32:00.000Z,44.8801,-0.97317,5.8,N,N
2026-07-26T01:32:00.000Z,44.88033,-0.89713,2.31,N,N
2026-07-26T01:32:00.000Z,44.88056,-0.98075,10.4,N,N
2026-07-26T01:32:00.000Z,44.88079,-0.90466,3.79,N,N
2026-07-26T01:32:00.000Z,44.88102,-0.98834,10.4,N,N
2026-07-26T01:32:00.000Z,44.88359,-0.94985,1.35,N,N
2026-07-26T01:32:00.000Z,44.88405,-0.95742,1.35,N,N
2026-07-26T01:32:00.000Z,44.88473,-0.88902,2.31,N,N
2026-07-26T01:32:00.000Z,44.88591,-0.98772,3.22,N,N
2026-07-26T01:32:00.000Z,44.8866,-0.9191,2.23,N,N
2026-07-26T01:32:00.000Z,44.88684,-1.00296,14.75,N,N
2026-07-26T01:32:00.000Z,44.88731,-1.01059,8.86,N,N
2026-07-26T01:32:00.000Z,44.888,-0.94167,2.7,N,N
2026-07-26T01:32:00.000Z,44.88847,-0.94923,1.35,N,N
2026-07-26T01:32:00.000Z,44.89174,-1.00234,14.75,N,N
2026-07-26T01:32:00.000Z,44.8922,-1.00994,8.86,N,N
2026-07-26T01:32:00.000Z,44.90263,-0.93979,2.15,N,N
2026-07-26T01:32:00.000Z,44.90358,-0.95492,3.09,N,N
2026-07-26T01:32:00.000Z,44.90405,-0.9625,2.95,N,N
2026-07-26T01:32:00.000Z,44.90656,-0.92407,2.51,N,N
2026-07-26T01:32:00.000Z,44.90703,-0.93162,2.15,N,N
2026-07-26T01:32:00.000Z,44.90751,-0.93917,2.15,N,N
2026-07-26T01:32:00.000Z,44.91191,-0.931,2.93,N,N
2026-07-26T01:32:00.000Z,44.91238,-0.93855,2.93,N,N
2026-07-26T01:32:00.000Z,44.9255,-0.99035,3.75,N,N
2026-07-26T01:32:00.000Z,44.93221,-1.09745,4.6,N,N
2026-07-26T01:32:00.000Z,44.93665,-1.08913,4.68,N,N
2026-07-26T01:32:00.000Z,44.94624,-1.0583,3.16,N,N
2026-07-26T01:32:00.000Z,44.94945,-1.05664,0.74,N,N
2026-07-26T01:32:00.000Z,44.9573,-1.02477,2.15,N,N
2026-07-26T01:32:00.000Z,44.95917,-1.02573,3.29,N,N
2026-07-26T01:32:00.000Z,44.9622,-1.02417,2.15,N,N
2026-07-26T01:32:00.000Z,44.96407,-1.02512,1.83,N,N
2026-07-26T01:32:00.000Z,44.96761,-1.00154,2.34,N,N
2026-07-26T01:32:00.000Z,44.96807,-1.00919,1.74,N,N
2026-07-26T01:32:00.000Z,44.97051,-1.00004,2.44,N,N
2026-07-26T01:49:00.000Z,44.32866,-0.19076,2.03,N20,N
2026-07-26T01:49:00.000Z,44.41883,-1.15511,0.95,N20,N
2026-07-26T01:49:00.000Z,44.43251,-1.13869,2.94,N20,N
2026-07-26T01:49:00.000Z,44.43319,-1.1445,2.26,N20,N
2026-07-26T01:49:00.000Z,44.43903,-1.13121,2.87,N20,N
2026-07-26T01:49:00.000Z,44.72516,-0.84225,8.32,N20,N
2026-07-26T01:49:00.000Z,44.72584,-0.848,8.32,N20,N
2026-07-26T01:49:00.000Z,44.72652,-0.85375,3.23,N20,N
2026-07-26T01:49:00.000Z,44.72669,-0.82416,1.03,N20,N
2026-07-26T01:49:00.000Z,44.7272,-0.8595,3.23,N20,N
2026-07-26T01:49:00.000Z,44.72737,-0.82991,1.18,N20,N
2026-07-26T01:49:00.000Z,44.72787,-0.86526,12.23,N20,N
2026-07-26T01:49:00.000Z,44.72805,-0.83564,1.18,N20,N
2026-07-26T01:49:00.000Z,44.72873,-0.84139,8.32,N20,N
2026-07-26T01:49:00.000Z,44.72941,-0.84715,8.32,N20,N
2026-07-26T01:49:00.000Z,44.72957,-0.81757,19.38,N20,N
2026-07-26T01:49:00.000Z,44.73009,-0.8529,3.23,N20,N
2026-07-26T01:49:00.000Z,44.73025,-0.82331,19.38,N20,N
2026-07-26T01:49:00.000Z,44.73077,-0.85865,3.23,N20,N
2026-07-26T01:49:00.000Z,44.73094,-0.82906,23.08,N20,N
2026-07-26T01:49:00.000Z,44.73145,-0.86441,12.23,N20,N
2026-07-26T01:49:00.000Z,44.73162,-0.8348,23.08,N20,N
2026-07-26T01:49:00.000Z,44.73213,-0.87018,12.23,N20,N
2026-07-26T01:49:00.000Z,44.7323,-0.84055,14.43,N20,N
2026-07-26T01:49:00.000Z,44.73281,-0.87595,11.61,N20,N
2026-07-26T01:49:00.000Z,44.73298,-0.84631,14.43,N20,N
2026-07-26T01:49:00.000Z,44.73314,-0.81672,19.38,N20,N
2026-07-26T01:49:00.000Z,44.73349,-0.88173,11.61,N20,N
2026-07-26T01:49:00.000Z,44.73366,-0.85206,1.72,N20,N
2026-07-26T01:49:00.000Z,44.73382,-0.82246,19.38,N20,N
2026-07-26T01:49:00.000Z,44.73417,-0.8875,4.07,N20,N
2026-07-26T01:49:00.000Z,44.73434,-0.85781,1.72,N20,N
2026-07-26T01:49:00.000Z,44.7345,-0.82821,23.08,N20,N
2026-07-26T01:49:00.000Z,44.73485,-0.89327,4.07,N20,N
2026-07-26T01:49:00.000Z,44.73502,-0.86357,1.96,N20,N
2026-07-26T01:49:00.000Z,44.73519,-0.83396,23.08,N20,N
2026-07-26T01:49:00.000Z,44.7357,-0.86933,1.96,N20,N
2026-07-26T01:49:00.000Z,44.73587,-0.83971,14.43,N20,N
2026-07-26T01:49:00.000Z,44.73638,-0.8751,4.27,N20,N
2026-07-26T01:49:00.000Z,44.73655,-0.84546,14.43,N20,N
2026-07-26T01:49:00.000Z,44.73707,-0.88087,4.27,N20,N
2026-07-26T01:49:00.000Z,44.73723,-0.85121,1.72,N20,N
2026-07-26T01:49:00.000Z,44.73739,-0.82162,1.66,N20,N
2026-07-26T01:49:00.000Z,44.73775,-0.88664,16.02,N20,N
2026-07-26T01:49:00.000Z,44.73792,-0.85697,1.72,N20,N
2026-07-26T01:49:00.000Z,44.73808,-0.82736,1.31,N20,N
2026-07-26T01:49:00.000Z,44.73843,-0.89242,16.02,N20,N
2026-07-26T01:49:00.000Z,44.73859,-0.86272,1.96,N20,N
2026-07-26T01:49:00.000Z,44.73875,-0.83311,1.31,N20,N
2026-07-26T01:49:00.000Z,44.73911,-0.8982,10.55,N20,N
2026-07-26T01:49:00.000Z,44.73928,-0.86849,1.96,N20,N
2026-07-26T01:49:00.000Z,44.73944,-0.83886,7.86,N20,N
2026-07-26T01:49:00.000Z,44.73979,-0.90398,10.55,N20,N
2026-07-26T01:49:00.000Z,44.73996,-0.87425,4.27,N20,N
2026-07-26T01:49:00.000Z,44.74012,-0.84461,7.86,N20,N
2026-07-26T01:49:00.000Z,44.74064,-0.88002,4.27,N20,N
2026-07-26T01:49:00.000Z,44.7408,-0.85037,4.84,N20,N
2026-07-26T01:49:00.000Z,44.74132,-0.88579,16.02,N20,N
2026-07-26T01:49:00.000Z,44.74149,-0.85612,4.84,N20,N
2026-07-26T01:49:00.000Z,44.74163,-0.82651,1.31,N20,N
2026-07-26T01:49:00.000Z,44.742,-0.89157,16.02,N20,N
2026-07-26T01:49:00.000Z,44.74216,-0.86188,1.67,N20,N
2026-07-26T01:49:00.000Z,44.74232,-0.83226,1.31,N20,N
2026-07-26T01:49:00.000Z,44.74269,-0.89735,10.55,N20,N
2026-07-26T01:49:00.000Z,44.74285,-0.86764,1.67,N20,N
2026-07-26T01:49:00.000Z,44.743,-0.83802,7.86,N20,N
2026-07-26T01:49:00.000Z,44.74337,-0.90313,10.55,N20,N
2026-07-26T01:49:00.000Z,44.74353,-0.8734,6.57,N20,N
2026-07-26T01:49:00.000Z,44.74369,-0.84376,7.86,N20,N
2026-07-26T01:49:00.000Z,44.74421,-0.87917,6.57,N20,N
2026-07-26T01:49:00.000Z,44.74437,-0.84952,4.84,N20,N
2026-07-26T01:49:00.000Z,44.7449,-0.88494,5.17,N20,N
2026-07-26T01:49:00.000Z,44.74505,-0.85528,4.84,N20,N
2026-07-26T01:49:00.000Z,44.74557,-0.89071,5.17,N20,N
2026-07-26T01:49:00.000Z,44.74623,-1.02193,1.82,N20,N
2026-07-26T01:49:00.000Z,44.74626,-0.8965,0.91,N20,N
2026-07-26T01:49:00.000Z,44.74691,-1.02778,6.82,N20,N
2026-07-26T01:49:00.000Z,44.74694,-0.90228,0.91,N20,N
2026-07-26T01:49:00.000Z,44.74763,-0.90807,1.18,N20,N
2026-07-26T01:49:00.000Z,44.74779,-0.87832,6.57,N20,N
2026-07-26T01:49:00.000Z,44.74831,-0.91386,1.18,N20,N
2026-07-26T01:49:00.000Z,44.74847,-0.88409,5.17,N20,N
2026-07-26T01:49:00.000Z,44.74895,-1.04532,13.21,N20,N
2026-07-26T01:49:00.000Z,44.749,-0.91965,2.0,N20,N
2026-07-26T01:49:00.000Z,44.74916,-0.88986,5.17,N20,N
2026-07-26T01:49:00.000Z,44.74968,-0.92545,2.0,N20,N
2026-07-26T01:49:00.000Z,44.74983,-1.02109,1.82,N20,N
2026-07-26T01:49:00.000Z,44.74984,-0.89565,0.91,N20,N
2026-07-26T01:49:00.000Z,44.75036,-0.93125,8.11,N20,N
2026-07-26T01:49:00.000Z,44.75051,-1.02693,6.82,N20,N
2026-07-26T01:49:00.000Z,44.75052,-0.90143,0.91,N20,N
2026-07-26T01:49:00.000Z,44.75068,-0.87171,13.38,N20,N
2026-07-26T01:49:00.000Z,44.75105,-0.93705,8.11,N20,N
2026-07-26T01:49:00.000Z,44.75119,-1.03276,6.82,N20,N
2026-07-26T01:49:00.000Z,44.75136,-0.87747,13.38,N20,N
2026-07-26T01:49:00.000Z,44.75187,-1.0386,13.21,N20,N
2026-07-26T01:49:00.000Z,44.75189,-0.913,1.18,N20,N
2026-07-26T01:49:00.000Z,44.75204,-0.88323,29.45,N20,N
2026-07-26T01:49:00.000Z,44.75255,-1.04446,13.21,N20,N
2026-07-26T01:49:00.000Z,44.75257,-0.91879,2.0,N20,N
2026-07-26T01:49:00.000Z,44.75273,-0.889,29.45,N20,N
2026-07-26T01:49:00.000Z,44.75341,-0.89479,6.61,N20,N
2026-07-26T01:49:00.000Z,44.75357,-0.8651,3.28,N20,N
2026-07-26T01:49:00.000Z,44.75394,-0.9304,8.11,N20,N
2026-07-26T01:49:00.000Z,44.7541,-0.90058,6.61,N20,N
2026-07-26T01:49:00.000Z,44.75425,-0.87086,13.38,N20,N
2026-07-26T01:49:00.000Z,44.75463,-0.93619,8.11,N20,N
2026-07-26T01:49:00.000Z,44.75478,-0.90636,3.49,N20,N
2026-07-26T01:49:00.000Z,44.75493,-0.87662,13.38,N20,N
2026-07-26T01:49:00.000Z,44.75531,-0.942,14.28,N20,N
2026-07-26T01:49:00.000Z,44.75547,-1.03775,5.47,N20,N
2026-07-26T01:49:00.000Z,44.75547,-0.91215,3.49,N20,N
2026-07-26T01:49:00.000Z,44.75562,-0.88238,29.45,N20,N
2026-07-26T01:49:00.000Z,44.75615,-1.04361,5.47,N20,N
2026-07-26T01:49:00.000Z,44.75616,-0.91794,2.94,N20,N
2026-07-26T01:49:00.000Z,44.7563,-0.88816,29.45,N20,N
2026-07-26T01:49:00.000Z,44.75683,-1.04948,4.3,N20,N
2026-07-26T01:49:00.000Z,44.75684,-0.92374,2.94,N20,N
2026-07-26T01:49:00.000Z,44.75699,-0.89394,6.61,N20,N
2026-07-26T01:49:00.000Z,44.75702,-1.01941,3.89,N20,N
2026-07-26T01:49:00.000Z,44.75751,-1.05534,4.3,N20,N
2026-07-26T01:49:00.000Z,44.75752,-0.92954,3.03,N20,N
2026-07-26T01:49:00.000Z,44.75768,-0.89973,6.61,N20,N
2026-07-26T01:49:00.000Z,44.7577,-1.02524,15.06,N20,N
2026-07-26T01:49:00.000Z,44.75782,-0.87001,1.29,N20,N
2026-07-26T01:49:00.000Z,44.75821,-0.93534,3.03,N20,N
2026-07-26T01:49:00.000Z,44.75836,-0.90552,3.49,N20,N
2026-07-26T01:49:00.000Z,44.75838,-1.03107,15.06,N20,N
2026-07-26T01:49:00.000Z,44.75851,-0.87576,1.29,N20,N
2026-07-26T01:49:00.000Z,44.7589,-0.94115,5.34,N20,N
2026-07-26T01:49:00.000Z,44.75904,-0.9113,3.49,N20,N
2026-07-26T01:49:00.000Z,44.75906,-1.03691,5.47,N20,N
2026-07-26T01:49:00.000Z,44.7592,-0.88153,5.65,N20,N
2026-07-26T01:49:00.000Z,44.75925,-1.00688,1.67,N20,N
2026-07-26T01:49:00.000Z,44.75958,-0.94695,5.34,N20,N
2026-07-26T01:49:00.000Z,44.75973,-0.91709,2.94,N20,N
2026-07-26T01:49:00.000Z,44.75975,-1.04277,5.47,N20,N
2026-07-26T01:49:00.000Z,44.75988,-0.88731,5.65,N20,N
2026-07-26T01:49:00.000Z,44.75993,-1.01272,2.21,N20,N
2026-07-26T01:49:00.000Z,44.76026,-0.95275,12.33,N20,N
2026-07-26T01:49:00.000Z,44.76057,-0.8931,60.72,N20,N
2026-07-26T01:49:00.000Z,44.76095,-0.95856,12.33,N20,N
2026-07-26T01:49:00.000Z,44.76111,-1.05449,4.3,N20,N
2026-07-26T01:49:00.000Z,44.76126,-0.89889,60.72,N20,N
2026-07-26T01:49:00.000Z,44.76163,-0.96438,10.92,N20,N
2026-07-26T01:49:00.000Z,44.76179,-0.9345,3.03,N20,N
2026-07-26T01:49:00.000Z,44.7618,-1.06034,5.54,N20,N
2026-07-26T01:49:00.000Z,44.76194,-0.90467,11.55,N20,N
2026-07-26T01:49:00.000Z,44.76197,-1.03022,6.03,N20,N
2026-07-26T01:49:00.000Z,44.76248,-0.9403,5.34,N20,N
2026-07-26T01:49:00.000Z,44.76263,-0.91046,11.55,N20,N
2026-07-26T01:49:00.000Z,44.76266,-1.03606,7.66,N20,N
2026-07-26T01:49:00.000Z,44.76316,-0.9461,5.34,N20,N
2026-07-26T01:49:00.000Z,44.76331,-0.91625,4.57,N20,N
2026-07-26T01:49:00.000Z,44.76334,-1.04192,7.66,N20,N
2026-07-26T01:49:00.000Z,44.76346,-0.88646,5.65,N20,N
2026-07-26T01:49:00.000Z,44.76352,-1.01187,2.21,N20,N
2026-07-26T01:49:00.000Z,44.76385,-0.9519,12.33,N20,N
2026-07-26T01:49:00.000Z,44.764,-0.92205,4.57,N20,N
2026-07-26T01:49:00.000Z,44.76414,-0.89225,60.72,N20,N
2026-07-26T01:49:00.000Z,44.76453,-0.95771,12.33,N20,N
2026-07-26T01:49:00.000Z,44.76469,-0.92784,5.28,N20,N
2026-07-26T01:49:00.000Z,44.76471,-1.05363,7.68,N20,N
2026-07-26T01:49:00.000Z,44.76484,-0.89803,60.72,N20,N
2026-07-26T01:49:00.000Z,44.76506,-0.99351,1.11,N20,N
2026-07-26T01:49:00.000Z,44.76522,-0.96352,10.92,N20,N
2026-07-26T01:49:00.000Z,44.76537,-0.93365,5.28,N20,N
2026-07-26T01:49:00.000Z,44.7654,-1.05949,10.12,N20,N
2026-07-26T01:49:00.000Z,44.76552,-0.90382,11.55,N20,N
2026-07-26T01:49:00.000Z,44.76557,-1.02938,6.03,N20,N
2026-07-26T01:49:00.000Z,44.76574,-0.99934,1.64,N20,N
2026-07-26T01:49:00.000Z,44.7659,-0.96934,10.92,N20,N
2026-07-26T01:49:00.000Z,44.76606,-0.93945,5.25,N20,N
2026-07-26T01:49:00.000Z,44.76608,-1.06536,10.12,N20,N
2026-07-26T01:49:00.000Z,44.76621,-0.90962,11.55,N20,N
2026-07-26T01:49:00.000Z,44.76625,-1.03522,7.66,N20,N
2026-07-26T01:49:00.000Z,44.76675,-0.94526,5.25,N20,N
2026-07-26T01:49:00.000Z,44.76694,-1.04106,7.66,N20,N
2026-07-26T01:49:00.000Z,44.76743,-0.95106,5.43,N20,N
2026-07-26T01:49:00.000Z,44.76762,-1.04692,7.68,N20,N
2026-07-26T01:49:00.000Z,44.76772,-0.89139,0.65,N20,N
2026-07-26T01:49:00.000Z,44.7678,-1.01685,4.01,N20,N
2026-07-26T01:49:00.000Z,44.76812,-0.95687,5.43,N20,N
2026-07-26T01:49:00.000Z,44.76827,-0.927,5.28,N20,N
2026-07-26T01:49:00.000Z,44.76831,-1.05278,7.68,N20,N
2026-07-26T01:49:00.000Z,44.76841,-0.89718,0.65,N20,N
2026-07-26T01:49:00.000Z,44.76865,-0.99266,1.11,N20,N
2026-07-26T01:49:00.000Z,44.76881,-0.96267,5.52,N20,N
2026-07-26T01:49:00.000Z,44.76896,-0.9328,5.28,N20,N
2026-07-26T01:49:00.000Z,44.76899,-1.05864,10.12,N20,N
2026-07-26T01:49:00.000Z,44.76949,-0.96849,5.52,N20,N
2026-07-26T01:49:00.000Z,44.76964,-0.93861,5.25,N20,N
2026-07-26T01:49:00.000Z,44.76968,-1.06451,10.12,N20,N
2026-07-26T01:49:00.000Z,44.77033,-0.94442,5.25,N20,N
2026-07-26T01:49:00.000Z,44.77087,-0.98015,2.26,N20,N
2026-07-26T01:49:00.000Z,44.77102,-0.95022,5.43,N20,N
2026-07-26T01:49:00.000Z,44.7713,-0.89054,0.65,N20,N
2026-07-26T01:49:00.000Z,44.77155,-1.11237,16.32,N20,N
2026-07-26T01:49:00.000Z,44.77155,-0.98598,0.62,N20,N
2026-07-26T01:49:00.000Z,44.77171,-0.95603,5.43,N20,N
2026-07-26T01:49:00.000Z,44.77239,-0.96183,5.52,N20,N
2026-07-26T01:49:00.000Z,44.77254,-0.93195,4.55,N20,N
2026-07-26T01:49:00.000Z,44.77308,-0.96764,5.52,N20,N
2026-07-26T01:49:00.000Z,44.77322,-0.93776,5.83,N20,N
2026-07-26T01:49:00.000Z,44.7734,-1.16043,1.62,N20,N
2026-07-26T01:49:00.000Z,44.77377,-0.97346,2.26,N20,N
2026-07-26T01:49:00.000Z,44.77391,-0.94357,5.83,N20,N
2026-07-26T01:49:00.000Z,44.77447,-1.10563,16.32,N20,N
2026-07-26T01:49:00.000Z,44.77454,-1.20257,1.89,N20,N
2026-07-26T01:49:00.000Z,44.7746,-0.94938,2.48,N20,N
2026-07-26T01:49:00.000Z,44.77515,-1.11152,16.32,N20,N
2026-07-26T01:49:00.000Z,44.77522,-1.2085,1.89,N20,N
2026-07-26T01:49:00.000Z,44.77529,-0.95518,2.48,N20,N
2026-07-26T01:49:00.000Z,44.77584,-1.11741,9.71,N20,N
2026-07-26T01:49:00.000Z,44.7759,-1.21442,1.96,N20,N
2026-07-26T01:49:00.000Z,44.77598,-0.96099,1.35,N20,N
2026-07-26T01:49:00.000Z,44.77612,-0.9311,4.55,N20,N
2026-07-26T01:49:00.000Z,44.77659,-1.22038,1.96,N20,N
2026-07-26T01:49:00.000Z,44.77667,-0.9668,1.35,N20,N
2026-07-26T01:49:00.000Z,44.77681,-0.93691,5.83,N20,N
2026-07-26T01:49:00.000Z,44.77701,-1.15957,1.13,N20,N
2026-07-26T01:49:00.000Z,44.77748,-1.19582,1.85,N20,N
2026-07-26T01:49:00.000Z,44.7775,-0.94273,5.83,N20,N
2026-07-26T01:49:00.000Z,44.77807,-1.10478,1.53,N20,N
2026-07-26T01:49:00.000Z,44.77816,-1.20172,1.89,N20,N
2026-07-26T01:49:00.000Z,44.77819,-0.94853,2.48,N20,N
2026-07-26T01:49:00.000Z,44.77876,-1.11067,1.53,N20,N
2026-07-26T01:49:00.000Z,44.77945,-1.11656,7.66,N20,N
2026-07-26T01:49:00.000Z,44.77953,-1.21358,1.96,N20,N
2026-07-26T01:49:00.000Z,44.7797,-0.93025,3.65,N20,N
2026-07-26T01:49:00.000Z,44.78013,-1.12245,7.66,N20,N
2026-07-26T01:49:00.000Z,44.78039,-0.93606,16.17,N20,N
2026-07-26T01:49:00.000Z,44.7809,-1.22549,1.54,N20,N
2026-07-26T01:49:00.000Z,44.78108,-0.94188,16.17,N20,N
2026-07-26T01:49:00.000Z,44.78232,-0.98343,1.62,N20,N
2026-07-26T01:49:00.000Z,44.78315,-0.9593,1.92,N20,N
2026-07-26T01:49:00.000Z,44.79019,-0.98757,2.5,N20,N
2026-07-26T01:49:00.000Z,44.79737,-0.98588,2.65,N20,N
2026-07-26T01:49:00.000Z,44.79971,-1.09972,13.55,N20,N
2026-07-26T01:49:00.000Z,44.80096,-0.98502,1.63,N20,N
2026-07-26T01:49:00.000Z,44.80264,-1.22044,0.7,N20,N
2026-07-26T01:49:00.000Z,44.80332,-1.09887,13.55,N20,N
2026-07-26T01:49:00.000Z,44.80455,-0.98418,1.63,N20,N
2026-07-26T01:49:00.000Z,44.80524,-0.99001,1.1,N20,N
2026-07-26T01:49:00.000Z,44.80623,-1.09214,19.67,N20,N
2026-07-26T01:49:00.000Z,44.80626,-1.2196,0.72,N20,N
2026-07-26T01:49:00.000Z,44.80693,-1.09803,13.03,N20,N
2026-07-26T01:49:00.000Z,44.80988,-1.21875,0.72,N20,N
2026-07-26T01:49:00.000Z,44.81281,-1.21194,1.62,N20,N
2026-07-26T01:49:00.000Z,44.81351,-1.21792,0.81,N20,N
2026-07-26T01:49:00.000Z,44.81575,-1.20518,1.62,N20,N
2026-07-26T01:49:00.000Z,44.81799,-1.19246,0.97,N20,N
2026-07-26T01:49:00.000Z,44.82161,-1.19162,0.97,N20,N
2026-07-26T01:49:00.000Z,44.82384,-1.17898,0.55,N20,N
2026-07-26T01:49:00.000Z,44.829,-1.15955,1.46,N20,N
2026-07-26T01:49:00.000Z,44.82969,-1.16544,1.42,N20,N
2026-07-26T01:49:00.000Z,44.83625,-0.9408,2.38,N20,N
2026-07-26T01:49:00.000Z,44.83722,-0.93923,2.93,N20,N
2026-07-26T01:49:00.000Z,44.84081,-0.93839,2.93,N20,N
2026-07-26T01:49:00.000Z,44.8413,-0.97422,2.87,N20,N
2026-07-26T01:49:00.000Z,44.84149,-0.94421,2.93,N20,N
2026-07-26T01:49:00.000Z,44.84187,-0.98741,2.86,N20,N
2026-07-26T01:49:00.000Z,44.84198,-0.98006,2.87,N20,N
2026-07-26T01:49:00.000Z,44.84266,-0.98591,3.69,N20,N
2026-07-26T01:49:00.000Z,44.84421,-0.96753,4.69,N20,N
2026-07-26T01:49:00.000Z,44.8444,-0.93755,2.16,N20,N
2026-07-26T01:49:00.000Z,44.84489,-0.97337,2.87,N20,N
2026-07-26T01:49:00.000Z,44.84508,-0.94336,2.16,N20,N
2026-07-26T01:49:00.000Z,44.84557,-0.97921,2.87,N20,N
2026-07-26T01:49:00.000Z,44.84576,-0.94918,1.56,N20,N
2026-07-26T01:49:00.000Z,44.84625,-0.98505,3.69,N20,N
2026-07-26T01:49:00.000Z,44.84644,-0.955,1.56,N20,N
2026-07-26T01:49:00.000Z,44.84781,-0.96668,5.18,N20,N
2026-07-26T01:49:00.000Z,44.84848,-0.97252,2.9,N20,N
2026-07-26T01:49:00.000Z,44.84867,-0.94251,2.16,N20,N
2026-07-26T01:49:00.000Z,44.84916,-0.97836,2.9,N20,N
2026-07-26T01:49:00.000Z,44.84984,-0.9842,2.88,N20,N
2026-07-26T01:49:00.000Z,44.85003,-0.95416,1.56,N20,N
2026-07-26T01:49:00.000Z,44.85071,-0.95999,5.18,N20,N
2026-07-26T01:49:00.000Z,44.85101,-1.02602,4.02,N20,N
2026-07-26T01:49:00.000Z,44.85139,-0.96582,5.18,N20,N
2026-07-26T01:49:00.000Z,44.85169,-1.03191,1.05,N20,N
2026-07-26T01:49:00.000Z,44.85207,-0.97167,2.9,N20,N
2026-07-26T01:49:00.000Z,44.85276,-0.97751,2.9,N20,N
2026-07-26T01:49:00.000Z,44.85294,-0.94749,7.72,N20,N
2026-07-26T01:49:00.000Z,44.85344,-0.98335,2.88,N20,N
2026-07-26T01:49:00.000Z,44.85361,-0.95331,7.72,N20,N
2026-07-26T01:49:00.000Z,44.85392,-1.01931,1.52,N20,N
2026-07-26T01:49:00.000Z,44.8543,-0.95914,2.53,N20,N
2026-07-26T01:49:00.000Z,44.85498,-0.96498,2.53,N20,N
2026-07-26T01:49:00.000Z,44.85566,-0.97082,10.52,N20,N
2026-07-26T01:49:00.000Z,44.85635,-0.97666,10.52,N20,N
2026-07-26T01:49:00.000Z,44.85703,-0.98251,1.08,N20,N
2026-07-26T01:49:00.000Z,44.8572,-0.95247,7.72,N20,N
2026-07-26T01:49:00.000Z,44.85789,-0.9583,2.53,N20,N
2026-07-26T01:49:00.000Z,44.85857,-0.96413,2.53,N20,N
2026-07-26T01:49:00.000Z,44.85943,-0.93998,2.25,N20,N
2026-07-26T01:49:00.000Z,44.86079,-0.95163,7.21,N20,N
2026-07-26T01:49:00.000Z,44.86097,-0.92168,1.87,N20,N
2026-07-26T01:49:00.000Z,44.86644,-0.96828,4.22,N20,N
2026-07-26T01:49:00.000Z,44.86707,-1.10086,3.76,N20,N
2026-07-26T01:49:00.000Z,44.86866,-0.95578,2.35,N20,N
2026-07-26T01:49:00.000Z,44.86935,-0.96161,2.35,N20,N
2026-07-26T01:49:00.000Z,44.87003,-0.96745,6.44,N20,N
2026-07-26T01:49:00.000Z,44.87362,-0.9666,6.44,N20,N
2026-07-26T01:49:00.000Z,44.87431,-0.97244,6.44,N20,N
2026-07-26T01:49:00.000Z,44.875,-0.97829,15.57,N20,N
2026-07-26T01:49:00.000Z,44.87592,-1.17784,2.61,N20,N
2026-07-26T01:49:00.000Z,44.87722,-0.96576,3.09,N20,N
2026-07-26T01:49:00.000Z,44.8779,-0.97159,3.09,N20,N
2026-07-26T01:49:00.000Z,44.87859,-0.97744,15.63,N20,N
2026-07-26T01:49:00.000Z,44.88041,-0.89913,4.38,N20,N
2026-07-26T01:49:00.000Z,44.88149,-0.97075,3.09,N20,N
2026-07-26T01:49:00.000Z,44.88218,-0.97659,15.63,N20,N
2026-07-26T01:49:00.000Z,44.88248,-1.17022,2.73,N20,N
2026-07-26T01:49:00.000Z,44.88287,-0.98244,15.63,N20,N
2026-07-26T01:49:00.000Z,44.88302,-0.95238,2.08,N20,N
2026-07-26T01:49:00.000Z,44.88356,-0.98829,4.72,N20,N
2026-07-26T01:49:00.000Z,44.88371,-0.95822,2.08,N20,N
2026-07-26T01:49:00.000Z,44.88399,-0.89828,1.87,N20,N
2026-07-26T01:49:00.000Z,44.88494,-1.00001,7.26,N20,N
2026-07-26T01:49:00.000Z,44.88563,-1.00588,7.26,N20,N
2026-07-26T01:49:00.000Z,44.88593,-0.9457,2.37,N20,N
2026-07-26T01:49:00.000Z,44.88619,-0.88584,3.45,N20,N
2026-07-26T01:49:00.000Z,44.88649,-1.10848,1.78,N20,N
2026-07-26T01:49:00.000Z,44.88688,-0.89163,1.87,N20,N
2026-07-26T01:49:00.000Z,44.88715,-0.98745,2.74,N20,N
2026-07-26T01:49:00.000Z,44.88853,-0.99917,17.89,N20,N
2026-07-26T01:49:00.000Z,44.88882,-0.93902,1.36,N20,N
2026-07-26T01:49:00.000Z,44.88922,-1.00504,17.89,N20,N
2026-07-26T01:49:00.000Z,44.88951,-0.94486,1.36,N20,N
2026-07-26T01:49:00.000Z,44.8901,-1.10764,1.78,N20,N
2026-07-26T01:49:00.000Z,44.89241,-0.93818,1.36,N20,N
2026-07-26T01:49:00.000Z,44.89282,-1.00419,17.89,N20,N
2026-07-26T01:49:00.000Z,44.90236,-0.95984,3.84,N20,N
2026-07-26T01:49:00.000Z,44.90305,-0.96569,3.84,N20,N
2026-07-26T01:49:00.000Z,44.90317,-0.93563,2.02,N20,N
2026-07-26T01:49:00.000Z,44.90387,-0.94147,2.02,N20,N
2026-07-26T01:49:00.000Z,44.90525,-0.95315,2.62,N20,N
2026-07-26T01:49:00.000Z,44.90537,-0.92313,2.29,N20,N
2026-07-26T01:49:00.000Z,44.90595,-0.95899,0.54,N20,N
2026-07-26T01:49:00.000Z,44.90606,-0.92896,2.29,N20,N
2026-07-26T01:49:00.000Z,44.90676,-0.93479,2.02,N20,N
2026-07-26T01:49:00.000Z,44.90895,-0.92229,1.54,N20,N
2026-07-26T01:49:00.000Z,44.90965,-0.92811,1.54,N20,N
2026-07-26T01:49:00.000Z,44.91035,-0.93394,3.75,N20,N
2026-07-26T01:49:00.000Z,44.91105,-0.93978,3.75,N20,N
2026-07-26T01:49:00.000Z,44.91393,-0.93309,3.75,N20,N
2026-07-26T01:49:00.000Z,44.91463,-0.93893,3.75,N20,N
2026-07-26T01:49:00.000Z,44.9245,-0.99071,4.35,N20,N
2026-07-26T01:49:00.000Z,44.93169,-0.98902,3.36,N20,N
2026-07-26T01:49:00.000Z,44.93344,-1.09754,4.27,N20,N
2026-07-26T01:49:00.000Z,44.93414,-1.10345,4.27,N20,N
2026-07-26T01:49:00.000Z,44.93636,-1.09078,1.5,N20,N
2026-07-26T01:49:00.000Z,44.93706,-1.09669,3.52,N20,N
2026-07-26T01:49:00.000Z,44.93748,-0.97562,1.12,N20,N
2026-07-26T01:49:00.000Z,44.93927,-1.08403,1.5,N20,N
2026-07-26T01:49:00.000Z,44.93997,-1.08994,1.5,N20,N
2026-07-26T01:49:00.000Z,44.94439,-1.06463,3.67,N20,N
2026-07-26T01:49:00.000Z,44.9473,-1.0579,6.02,N20,N
2026-07-26T01:49:00.000Z,44.948,-1.0638,6.02,N20,N
2026-07-26T01:49:00.000Z,44.9509,-1.05706,6.02,N20,N
2026-07-26T01:49:00.000Z,44.95119,-1.05632,6.95,N20,N
2026-07-26T01:49:00.000Z,44.95187,-1.06223,3.47,N20,N
2026-07-26T01:49:00.000Z,44.95344,-1.04367,1.73,N20,N
2026-07-26T01:49:00.000Z,44.95671,-1.04358,7.32,N20,N
2026-07-26T01:49:00.000Z,44.95704,-1.04283,3.22,N20,N
2026-07-26T01:49:00.000Z,44.95861,-1.02429,1.95,N20,N
2026-07-26T01:49:00.000Z,44.95929,-1.03018,1.95,N20,N
2026-07-26T01:49:00.000Z,44.95997,-1.03608,3.22,N20,N
2026-07-26T01:49:00.000Z,44.96104,-0.98143,1.09,N20,N
2026-07-26T01:49:00.000Z,44.96153,-1.01756,1.44,N20,N
2026-07-26T01:49:00.000Z,44.96221,-1.02345,2.7,N20,N
2026-07-26T01:49:00.000Z,44.96289,-1.02934,2.7,N20,N
2026-07-26T01:49:00.000Z,44.96445,-1.01083,1.44,N20,N
2026-07-26T01:49:00.000Z,44.96463,-0.98058,1.7,N20,N
2026-07-26T01:49:00.000Z,44.96669,-0.99821,2.2,N20,N
2026-07-26T01:49:00.000Z,44.96737,-1.00409,2.2,N20,N
2026-07-26T01:49:00.000Z,44.9696,-0.99149,2.73,N20,N
2026-07-26T01:49:00.000Z,44.97029,-0.99736,2.2,N20,N
2026-07-26T01:49:00.000Z,44.97097,-1.00324,2.2,N20,N
2026-07-26T01:49:00.000Z,44.9732,-0.99064,2.13,N20,N
2026-07-26T01:52:00.000Z,44.38314,-1.10376,2.63,N20,N
2026-07-26T02:36:00.000Z,43.84389,-1.37599,1.24,N21,N
2026-07-26T02:36:00.000Z,44.329,-0.19164,1.49,N21,N
2026-07-26T02:36:00.000Z,44.36775,-1.09165,1.53,N21,N
2026-07-26T02:36:00.000Z,44.37503,-1.12308,1.38,N21,N
2026-07-26T02:36:00.000Z,44.37544,-1.10553,2.83,N21,N
2026-07-26T02:36:00.000Z,44.37949,-1.10369,2.83,N21,N
2026-07-26T02:36:00.000Z,44.43254,-1.13613,1.45,N21,N
2026-07-26T02:36:00.000Z,44.43695,-1.11681,1.32,N21,N
2026-07-26T02:36:00.000Z,44.43938,-1.12721,1.23,N21,N
2026-07-26T02:36:00.000Z,44.43977,-1.10976,2.33,N21,N
2026-07-26T02:36:00.000Z,44.44061,-1.13243,1.23,N21,N
2026-07-26T02:36:00.000Z,44.44098,-1.11495,1.32,N21,N
2026-07-26T02:36:00.000Z,44.44464,-1.13058,1.23,N21,N
2026-07-26T02:36:00.000Z,44.44783,-1.10602,2.43,N21,N
2026-07-26T02:36:00.000Z,44.71626,-0.82671,1.78,N21,N
2026-07-26T02:36:00.000Z,44.71877,-0.83733,2.0,N21,N
2026-07-26T02:36:00.000Z,44.71907,-0.81951,0.63,N21,N
2026-07-26T02:36:00.000Z,44.72002,-0.84264,2.0,N21,N
2026-07-26T02:36:00.000Z,44.72033,-0.82483,1.78,N21,N
2026-07-26T02:36:00.000Z,44.72126,-0.84795,3.59,N21,N
2026-07-26T02:36:00.000Z,44.72157,-0.83014,1.78,N21,N
2026-07-26T02:36:00.000Z,44.72187,-0.81228,1.39,N21,N
2026-07-26T02:36:00.000Z,44.72252,-0.85326,3.59,N21,N
2026-07-26T02:36:00.000Z,44.72282,-0.83545,2.0,N21,N
2026-07-26T02:36:00.000Z,44.72313,-0.81761,1.39,N21,N
2026-07-26T02:36:00.000Z,44.72376,-0.85856,2.86,N21,N
2026-07-26T02:36:00.000Z,44.72407,-0.84076,2.0,N21,N
2026-07-26T02:36:00.000Z,44.72438,-0.82293,6.1,N21,N
2026-07-26T02:36:00.000Z,44.72501,-0.86386,2.86,N21,N
2026-07-26T02:36:00.000Z,44.72532,-0.84606,3.59,N21,N
2026-07-26T02:36:00.000Z,44.72563,-0.82824,6.1,N21,N
2026-07-26T02:36:00.000Z,44.72657,-0.85137,3.59,N21,N
2026-07-26T02:36:00.000Z,44.72688,-0.83356,9.03,N21,N
2026-07-26T02:36:00.000Z,44.72781,-0.85668,2.86,N21,N
2026-07-26T02:36:00.000Z,44.72906,-0.86198,2.86,N21,N
2026-07-26T02:36:00.000Z,44.72937,-0.84417,4.24,N21,N
2026-07-26T02:36:00.000Z,44.72969,-0.82634,6.1,N21,N
2026-07-26T02:36:00.000Z,44.72997,-0.88497,7.83,N21,N
2026-07-26T02:36:00.000Z,44.73,-0.80848,1.15,N21,N
2026-07-26T02:36:00.000Z,44.7303,-0.86727,20.62,N21,N
2026-07-26T02:36:00.000Z,44.73062,-0.84947,4.24,N21,N
2026-07-26T02:36:00.000Z,44.73093,-0.83165,9.03,N21,N
2026-07-26T02:36:00.000Z,44.73121,-0.89026,20.5,N21,N
2026-07-26T02:36:00.000Z,44.73125,-0.81382,1.15,N21,N
2026-07-26T02:36:00.000Z,44.73154,-0.87255,20.62,N21,N
2026-07-26T02:36:00.000Z,44.73186,-0.85478,2.3,N21,N
2026-07-26T02:36:00.000Z,44.73218,-0.83697,9.03,N21,N
2026-07-26T02:36:00.000Z,44.73246,-0.89555,20.5,N21,N
2026-07-26T02:36:00.000Z,44.7325,-0.81914,6.02,N21,N
2026-07-26T02:36:00.000Z,44.73278,-0.87782,7.83,N21,N
2026-07-26T02:36:00.000Z,44.73311,-0.86008,2.3,N21,N
2026-07-26T02:36:00.000Z,44.73342,-0.84227,4.24,N21,N
2026-07-26T02:36:00.000Z,44.73374,-0.82444,6.02,N21,N
2026-07-26T02:36:00.000Z,44.73402,-0.8831,7.83,N21,N
2026-07-26T02:36:00.000Z,44.73435,-0.86537,2.28,N21,N
2026-07-26T02:36:00.000Z,44.73466,-0.84756,4.24,N21,N
2026-07-26T02:36:00.000Z,44.73498,-0.82974,9.76,N21,N
2026-07-26T02:36:00.000Z,44.73526,-0.88838,20.5,N21,N
2026-07-26T02:36:00.000Z,44.7353,-0.8119,1.15,N21,N
2026-07-26T02:36:00.000Z,44.73559,-0.87066,2.28,N21,N
2026-07-26T02:36:00.000Z,44.73623,-0.83506,9.76,N21,N
2026-07-26T02:36:00.000Z,44.7365,-0.89367,20.5,N21,N
2026-07-26T02:36:00.000Z,44.73683,-0.87595,4.2,N21,N
2026-07-26T02:36:00.000Z,44.73747,-0.84036,11.17,N21,N
2026-07-26T02:36:00.000Z,44.73774,-0.89894,13.05,N21,N
2026-07-26T02:36:00.000Z,44.73779,-0.82253,6.02,N21,N
2026-07-26T02:36:00.000Z,44.73807,-0.88123,4.2,N21,N
2026-07-26T02:36:00.000Z,44.73872,-0.84566,11.17,N21,N
2026-07-26T02:36:00.000Z,44.73897,-0.9042,13.05,N21,N
2026-07-26T02:36:00.000Z,44.73904,-0.82784,9.76,N21,N
2026-07-26T02:36:00.000Z,44.73931,-0.88651,5.55,N21,N
2026-07-26T02:36:00.000Z,44.73964,-0.86877,2.28,N21,N
2026-07-26T02:36:00.000Z,44.73996,-0.85097,8.99,N21,N
2026-07-26T02:36:00.000Z,44.74028,-0.83315,9.76,N21,N
2026-07-26T02:36:00.000Z,44.74054,-0.89179,5.55,N21,N
2026-07-26T02:36:00.000Z,44.74088,-0.87406,4.2,N21,N
2026-07-26T02:36:00.000Z,44.7412,-0.85627,8.99,N21,N
2026-07-26T02:36:00.000Z,44.74178,-0.89706,2.31,N21,N
2026-07-26T02:36:00.000Z,44.74212,-0.87935,4.2,N21,N
2026-07-26T02:36:00.000Z,44.74277,-0.84377,11.17,N21,N
2026-07-26T02:36:00.000Z,44.74302,-0.90233,2.31,N21,N
2026-07-26T02:36:00.000Z,44.74335,-0.88463,5.55,N21,N
2026-07-26T02:36:00.000Z,44.74401,-0.84907,8.99,N21,N
2026-07-26T02:36:00.000Z,44.74459,-0.88991,5.55,N21,N
2026-07-26T02:36:00.000Z,44.74579,-1.02863,4.31,N21,N
2026-07-26T02:36:00.000Z,44.74583,-0.89518,2.31,N21,N
2026-07-26T02:36:00.000Z,44.74616,-0.87746,4.57,N21,N
2026-07-26T02:36:00.000Z,44.7474,-0.88276,5.38,N21,N
2026-07-26T02:36:00.000Z,44.74823,-1.03904,8.07,N21,N
2026-07-26T02:36:00.000Z,44.74829,-0.90571,3.37,N21,N
2026-07-26T02:36:00.000Z,44.7486,-1.02157,4.31,N21,N
2026-07-26T02:36:00.000Z,44.74864,-0.88804,5.38,N21,N
2026-07-26T02:36:00.000Z,44.74916,-0.9286,5.49,N21,N
2026-07-26T02:36:00.000Z,44.74945,-1.04423,12.53,N21,N
2026-07-26T02:36:00.000Z,44.74982,-1.02678,4.31,N21,N
2026-07-26T02:36:00.000Z,44.74987,-0.89331,1.83,N21,N
2026-07-26T02:36:00.000Z,44.75021,-0.87558,4.57,N21,N
2026-07-26T02:36:00.000Z,44.7504,-0.93385,5.49,N21,N
2026-07-26T02:36:00.000Z,44.75076,-0.91624,3.18,N21,N
2026-07-26T02:36:00.000Z,44.75104,-1.03199,8.07,N21,N
2026-07-26T02:36:00.000Z,44.7511,-0.89858,1.83,N21,N
2026-07-26T02:36:00.000Z,44.75145,-0.88088,5.38,N21,N
2026-07-26T02:36:00.000Z,44.75163,-0.9391,5.61,N21,N
2026-07-26T02:36:00.000Z,44.75226,-1.03722,8.07,N21,N
2026-07-26T02:36:00.000Z,44.75269,-0.88617,5.38,N21,N
2026-07-26T02:36:00.000Z,44.75285,-0.94435,5.61,N21,N
2026-07-26T02:36:00.000Z,44.75321,-0.92674,5.49,N21,N
2026-07-26T02:36:00.000Z,44.75348,-1.0424,12.53,N21,N
2026-07-26T02:36:00.000Z,44.75356,-0.90911,3.01,N21,N
2026-07-26T02:36:00.000Z,44.75384,-1.02492,6.64,N21,N
2026-07-26T02:36:00.000Z,44.75392,-0.89144,1.83,N21,N
2026-07-26T02:36:00.000Z,44.75425,-0.87369,6.44,N21,N
2026-07-26T02:36:00.000Z,44.75444,-0.93199,5.49,N21,N
2026-07-26T02:36:00.000Z,44.7548,-0.91438,4.41,N21,N
2026-07-26T02:36:00.000Z,44.75506,-1.03013,5.68,N21,N
2026-07-26T02:36:00.000Z,44.75515,-0.8967,1.83,N21,N
2026-07-26T02:36:00.000Z,44.75549,-0.879,45.83,N21,N
2026-07-26T02:36:00.000Z,44.75566,-0.93724,5.61,N21,N
2026-07-26T02:36:00.000Z,44.7559,-1.05277,1.92,N21,N
2026-07-26T02:36:00.000Z,44.75628,-1.03537,5.68,N21,N
2026-07-26T02:36:00.000Z,44.75637,-0.90196,3.01,N21,N
2026-07-26T02:36:00.000Z,44.75673,-0.88429,45.83,N21,N
2026-07-26T02:36:00.000Z,44.75689,-0.94248,5.61,N21,N
2026-07-26T02:36:00.000Z,44.7575,-1.04055,9.03,N21,N
2026-07-26T02:36:00.000Z,44.75761,-0.90722,3.01,N21,N
2026-07-26T02:36:00.000Z,44.75786,-1.02305,6.64,N21,N
2026-07-26T02:36:00.000Z,44.75796,-0.88955,70.65,N21,N
2026-07-26T02:36:00.000Z,44.75811,-0.94773,4.08,N21,N
2026-07-26T02:36:00.000Z,44.75883,-0.91249,4.41,N21,N
2026-07-26T02:36:00.000Z,44.75908,-1.02827,5.68,N21,N
2026-07-26T02:36:00.000Z,44.75919,-0.89481,70.65,N21,N
2026-07-26T02:36:00.000Z,44.75933,-0.95298,4.08,N21,N
2026-07-26T02:36:00.000Z,44.75945,-1.01077,2.51,N21,N
2026-07-26T02:36:00.000Z,44.75954,-0.87711,45.83,N21,N
2026-07-26T02:36:00.000Z,44.7597,-0.93537,3.88,N21,N
2026-07-26T02:36:00.000Z,44.75992,-1.05091,6.1,N21,N
2026-07-26T02:36:00.000Z,44.76006,-0.91775,4.41,N21,N
2026-07-26T02:36:00.000Z,44.7603,-1.0335,5.68,N21,N
2026-07-26T02:36:00.000Z,44.76041,-0.90007,15.82,N21,N
2026-07-26T02:36:00.000Z,44.76056,-0.95822,14.44,N21,N
2026-07-26T02:36:00.000Z,44.76077,-0.88239,45.83,N21,N
2026-07-26T02:36:00.000Z,44.76092,-0.94061,3.88,N21,N
2026-07-26T02:36:00.000Z,44.76113,-1.0561,6.1,N21,N
2026-07-26T02:36:00.000Z,44.76129,-0.92301,3.65,N21,N
2026-07-26T02:36:00.000Z,44.76151,-1.0387,9.03,N21,N
2026-07-26T02:36:00.000Z,44.76165,-0.90533,15.82,N21,N
2026-07-26T02:36:00.000Z,44.76179,-0.96346,14.44,N21,N
2026-07-26T02:36:00.000Z,44.762,-0.88767,70.65,N21,N
2026-07-26T02:36:00.000Z,44.76215,-0.94586,4.66,N21,N
2026-07-26T02:36:00.000Z,44.76234,-1.06129,8.2,N21,N
2026-07-26T02:36:00.000Z,44.76251,-0.92826,3.65,N21,N
2026-07-26T02:36:00.000Z,44.76272,-1.04388,9.03,N21,N
2026-07-26T02:36:00.000Z,44.76287,-0.9106,1.62,N21,N
2026-07-26T02:36:00.000Z,44.7631,-1.02641,3.44,N21,N
2026-07-26T02:36:00.000Z,44.76323,-0.89293,70.65,N21,N
2026-07-26T02:36:00.000Z,44.76337,-0.95111,4.66,N21,N
2026-07-26T02:36:00.000Z,44.76355,-1.06646,8.2,N21,N
2026-07-26T02:36:00.000Z,44.76373,-0.93349,3.88,N21,N
2026-07-26T02:36:00.000Z,44.76394,-1.04907,6.1,N21,N
2026-07-26T02:36:00.000Z,44.7641,-0.91586,1.62,N21,N
2026-07-26T02:36:00.000Z,44.76432,-1.03163,3.44,N21,N
2026-07-26T02:36:00.000Z,44.76446,-0.89819,15.82,N21,N
2026-07-26T02:36:00.000Z,44.7646,-0.95636,6.38,N21,N
2026-07-26T02:36:00.000Z,44.76469,-1.01413,2.18,N21,N
2026-07-26T02:36:00.000Z,44.76482,-0.88051,1.01,N21,N
2026-07-26T02:36:00.000Z,44.76495,-0.93873,3.88,N21,N
2026-07-26T02:36:00.000Z,44.76506,-0.99664,2.0,N21,N
2026-07-26T02:36:00.000Z,44.76515,-1.05426,6.1,N21,N
2026-07-26T02:36:00.000Z,44.76553,-1.03684,2.65,N21,N
2026-07-26T02:36:00.000Z,44.76569,-0.90346,15.82,N21,N
2026-07-26T02:36:00.000Z,44.76582,-0.9616,6.38,N21,N
2026-07-26T02:36:00.000Z,44.76605,-0.88579,1.23,N21,N
2026-07-26T02:36:00.000Z,44.76618,-0.94398,4.66,N21,N
2026-07-26T02:36:00.000Z,44.76636,-1.05945,8.2,N21,N
2026-07-26T02:36:00.000Z,44.76655,-0.92637,4.03,N21,N
2026-07-26T02:36:00.000Z,44.76674,-1.04204,2.65,N21,N
2026-07-26T02:36:00.000Z,44.76704,-0.96684,4.53,N21,N
2026-07-26T02:36:00.000Z,44.7674,-0.94923,4.66,N21,N
2026-07-26T02:36:00.000Z,44.76757,-1.06463,8.2,N21,N
2026-07-26T02:36:00.000Z,44.76777,-0.93162,3.86,N21,N
2026-07-26T02:36:00.000Z,44.76796,-1.04723,1.87,N21,N
2026-07-26T02:36:00.000Z,44.76826,-0.97207,4.53,N21,N
2026-07-26T02:36:00.000Z,44.76862,-0.95447,6.38,N21,N
2026-07-26T02:36:00.000Z,44.76871,-1.01228,1.32,N21,N
2026-07-26T02:36:00.000Z,44.76886,-0.87864,1.01,N21,N
2026-07-26T02:36:00.000Z,44.76899,-0.93685,3.86,N21,N
2026-07-26T02:36:00.000Z,44.76917,-1.05242,1.87,N21,N
2026-07-26T02:36:00.000Z,44.76947,-0.97728,1.47,N21,N
2026-07-26T02:36:00.000Z,44.76985,-0.95972,6.38,N21,N
2026-07-26T02:36:00.000Z,44.76993,-1.01749,1.32,N21,N
2026-07-26T02:36:00.000Z,44.77009,-0.88391,1.23,N21,N
2026-07-26T02:36:00.000Z,44.77021,-0.94209,4.24,N21,N
2026-07-26T02:36:00.000Z,44.77037,-1.0576,0.9,N21,N
2026-07-26T02:36:00.000Z,44.77069,-0.98249,1.47,N21,N
2026-07-26T02:36:00.000Z,44.77107,-0.96497,4.53,N21,N
2026-07-26T02:36:00.000Z,44.77143,-0.94734,4.24,N21,N
2026-07-26T02:36:00.000Z,44.7718,-0.92974,3.86,N21,N
2026-07-26T02:36:00.000Z,44.77197,-1.15957,0.92,N21,N
2026-07-26T02:36:00.000Z,44.772,-1.10268,6.34,N21,N
2026-07-26T02:36:00.000Z,44.77229,-0.97021,4.53,N21,N
2026-07-26T02:36:00.000Z,44.77265,-0.95258,2.49,N21,N
2026-07-26T02:36:00.000Z,44.77303,-0.93498,3.86,N21,N
2026-07-26T02:36:00.000Z,44.7732,-1.10783,6.34,N21,N
2026-07-26T02:36:00.000Z,44.77393,-1.21631,1.5,N21,N
2026-07-26T02:36:00.000Z,44.77425,-0.94022,4.24,N21,N
2026-07-26T02:36:00.000Z,44.77439,-1.11297,10.71,N21,N
2026-07-26T02:36:00.000Z,44.77441,-1.19906,1.78,N21,N
2026-07-26T02:36:00.000Z,44.77479,-1.20953,0.71,N21,N
2026-07-26T02:36:00.000Z,44.7751,-0.96309,2.05,N21,N
2026-07-26T02:36:00.000Z,44.77546,-0.94546,4.24,N21,N
2026-07-26T02:36:00.000Z,44.77559,-1.20423,1.78,N21,N
2026-07-26T02:36:00.000Z,44.7756,-1.11812,10.71,N21,N
2026-07-26T02:36:00.000Z,44.77597,-1.15773,1.43,N21,N
2026-07-26T02:36:00.000Z,44.77598,-1.21465,2.38,N21,N
2026-07-26T02:36:00.000Z,44.77638,-1.19744,2.67,N21,N
2026-07-26T02:36:00.000Z,44.77668,-0.95071,2.49,N21,N
2026-07-26T02:36:00.000Z,44.77675,-1.20937,1.5,N21,N
2026-07-26T02:36:00.000Z,44.7768,-1.12327,3.36,N21,N
2026-07-26T02:36:00.000Z,44.77706,-0.93311,6.11,N21,N
2026-07-26T02:36:00.000Z,44.77716,-1.21973,2.38,N21,N
2026-07-26T02:36:00.000Z,44.77721,-1.10599,6.34,N21,N
2026-07-26T02:36:00.000Z,44.77759,-1.2026,2.48,N21,N
2026-07-26T02:36:00.000Z,44.77792,-1.21449,1.5,N21,N
2026-07-26T02:36:00.000Z,44.77828,-0.93834,7.6,N21,N
2026-07-26T02:36:00.000Z,44.7795,-0.94358,7.6,N21,N
2026-07-26T02:36:00.000Z,44.77961,-1.11629,10.71,N21,N
2026-07-26T02:36:00.000Z,44.78081,-1.12144,3.36,N21,N
2026-07-26T02:36:00.000Z,44.782,-1.12659,3.36,N21,N
2026-07-26T02:36:00.000Z,44.78231,-0.93647,7.6,N21,N
2026-07-26T02:36:00.000Z,44.78315,-0.95932,1.11,N21,N
2026-07-26T02:36:00.000Z,44.79843,-1.10192,9.64,N21,N
2026-07-26T02:36:00.000Z,44.80124,-1.0949,3.16,N21,N
2026-07-26T02:36:00.000Z,44.80129,-0.97986,1.81,N21,N
2026-07-26T02:36:00.000Z,44.80243,-1.10007,9.64,N21,N
2026-07-26T02:36:00.000Z,44.80524,-1.09306,14.92,N21,N
2026-07-26T02:36:00.000Z,44.80644,-1.09822,10.12,N21,N
2026-07-26T02:36:00.000Z,44.81143,-1.21534,2.87,N21,N
2026-07-26T02:36:00.000Z,44.81423,-1.20841,1.3,N21,N
2026-07-26T02:36:00.000Z,44.81586,-1.19635,1.5,N21,N
2026-07-26T02:36:00.000Z,44.81866,-1.1894,1.13,N21,N
2026-07-26T02:36:00.000Z,44.81984,-1.19451,1.03,N21,N
2026-07-26T02:36:00.000Z,44.82145,-1.18238,1.13,N21,N
2026-07-26T02:36:00.000Z,44.82706,-1.16842,1.32,N21,N
2026-07-26T02:36:00.000Z,44.82987,-1.16146,1.81,N21,N
2026-07-26T02:36:00.000Z,44.83856,-0.94321,3.7,N21,N
2026-07-26T02:36:00.000Z,44.83979,-0.94843,2.11,N21,N
2026-07-26T02:36:00.000Z,44.84032,-0.98865,3.97,N21,N
2026-07-26T02:36:00.000Z,44.84067,-0.97118,1.81,N21,N
2026-07-26T02:36:00.000Z,44.84189,-0.97639,1.81,N21,N
2026-07-26T02:36:00.000Z,44.84259,-0.94134,3.7,N21,N
2026-07-26T02:36:00.000Z,44.84312,-0.9816,3.97,N21,N
2026-07-26T02:36:00.000Z,44.84382,-0.94657,2.11,N21,N
2026-07-26T02:36:00.000Z,44.84434,-0.9868,3.97,N21,N
2026-07-26T02:36:00.000Z,44.84469,-0.96932,5.4,N21,N
2026-07-26T02:36:00.000Z,44.84505,-0.95181,2.11,N21,N
2026-07-26T02:36:00.000Z,44.84592,-0.97453,5.4,N21,N
2026-07-26T02:36:00.000Z,44.84714,-0.97974,2.64,N21,N
2026-07-26T02:36:00.000Z,44.8475,-0.96225,3.36,N21,N
2026-07-26T02:36:00.000Z,44.84836,-0.98495,2.64,N21,N
2026-07-26T02:36:00.000Z,44.84864,-1.14707,0.99,N21,N
2026-07-26T02:36:00.000Z,44.84872,-0.96746,5.4,N21,N
2026-07-26T02:36:00.000Z,44.84994,-0.97266,5.4,N21,N
2026-07-26T02:36:00.000Z,44.85007,-1.03021,3.5,N21,N
2026-07-26T02:36:00.000Z,44.8503,-0.95516,3.91,N21,N
2026-07-26T02:36:00.000Z,44.85116,-0.97787,2.64,N21,N
2026-07-26T02:36:00.000Z,44.85152,-0.96038,3.91,N21,N
2026-07-26T02:36:00.000Z,44.85238,-0.98309,2.64,N21,N
2026-07-26T02:36:00.000Z,44.85274,-0.96559,6.86,N21,N
2026-07-26T02:36:00.000Z,44.85309,-0.94804,2.96,N21,N
2026-07-26T02:36:00.000Z,44.85396,-0.9708,6.86,N21,N
2026-07-26T02:36:00.000Z,44.85408,-1.02835,3.5,N21,N
2026-07-26T02:36:00.000Z,44.85432,-0.95327,3.91,N21,N
2026-07-26T02:36:00.000Z,44.85518,-0.97601,8.78,N21,N
2026-07-26T02:36:00.000Z,44.85554,-0.9585,3.91,N21,N
2026-07-26T02:36:00.000Z,44.8564,-0.98122,8.78,N21,N
2026-07-26T02:36:00.000Z,44.85676,-0.96372,6.86,N21,N
2026-07-26T02:36:00.000Z,44.85834,-0.95139,16.19,N21,N
2026-07-26T02:36:00.000Z,44.86026,-0.92144,0.76,N21,N
2026-07-26T02:36:00.000Z,44.86038,-1.10181,2.4,N21,N
2026-07-26T02:36:00.000Z,44.86298,-1.10428,2.46,N21,N
2026-07-26T02:36:00.000Z,44.86555,-1.10512,2.96,N21,N
2026-07-26T02:36:00.000Z,44.86578,-1.09729,1.77,N21,N
2026-07-26T02:36:00.000Z,44.86601,-0.96517,3.43,N21,N
2026-07-26T02:36:00.000Z,44.86698,-1.10244,1.77,N21,N
2026-07-26T02:36:00.000Z,44.86723,-0.97039,4.34,N21,N
2026-07-26T02:36:00.000Z,44.87003,-0.96327,3.66,N21,N
2026-07-26T02:36:00.000Z,44.87125,-0.9685,3.18,N21,N
2026-07-26T02:36:00.000Z,44.87246,-0.97371,3.18,N21,N
2026-07-26T02:36:00.000Z,44.87367,-0.97892,9.67,N21,N
2026-07-26T02:36:00.000Z,44.87489,-0.98413,9.67,N21,N
2026-07-26T02:36:00.000Z,44.87526,-0.96662,3.18,N21,N
2026-07-26T02:36:00.000Z,44.87648,-0.97184,3.18,N21,N
2026-07-26T02:36:00.000Z,44.87769,-0.97705,9.67,N21,N
2026-07-26T02:36:00.000Z,44.87796,-0.90155,1.84,N21,N
2026-07-26T02:36:00.000Z,44.87856,-1.17096,1.07,N21,N
2026-07-26T02:36:00.000Z,44.87891,-0.98226,9.67,N21,N
2026-07-26T02:36:00.000Z,44.87961,-1.16685,1.06,N21,N
2026-07-26T02:36:00.000Z,44.88012,-0.98746,6.22,N21,N
2026-07-26T02:36:00.000Z,44.88078,-1.17198,1.06,N21,N
2026-07-26T02:36:00.000Z,44.88171,-0.97518,3.48,N21,N
2026-07-26T02:36:00.000Z,44.88199,-0.89968,3.82,N21,N
2026-07-26T02:36:00.000Z,44.88255,-1.16911,1.06,N21,N
2026-07-26T02:36:00.000Z,44.88283,-0.92251,1.95,N21,N
2026-07-26T02:36:00.000Z,44.88292,-0.98039,3.48,N21,N
2026-07-26T02:36:00.000Z,44.88358,-0.88727,2.1,N21,N
2026-07-26T02:36:00.000Z,44.88374,-1.00303,5.25,N21,N
2026-07-26T02:36:00.000Z,44.88413,-0.98559,7.2,N21,N
2026-07-26T02:36:00.000Z,44.88489,-0.95056,2.11,N21,N
2026-07-26T02:36:00.000Z,44.88494,-1.00821,9.86,N21,N
2026-07-26T02:36:00.000Z,44.88536,-1.10531,2.26,N21,N
2026-07-26T02:36:00.000Z,44.88655,-1.11044,2.03,N21,N
2026-07-26T02:36:00.000Z,44.8877,-0.94346,2.26,N21,N
2026-07-26T02:36:00.000Z,44.88775,-1.00116,19.11,N21,N
2026-07-26T02:36:00.000Z,44.88895,-1.00634,11.54,N21,N
2026-07-26T02:36:00.000Z,44.89054,-1.10858,2.03,N21,N
2026-07-26T02:36:00.000Z,44.89297,-1.00448,11.54,N21,N
2026-07-26T02:36:00.000Z,44.90057,-0.96057,3.13,N21,N
2026-07-26T02:36:00.000Z,44.90178,-0.96579,5.6,N21,N
2026-07-26T02:36:00.000Z,44.90339,-0.95349,0.91,N21,N
2026-07-26T02:36:00.000Z,44.90378,-0.93594,3.09,N21,N
2026-07-26T02:36:00.000Z,44.90459,-0.9587,0.91,N21,N
2026-07-26T02:36:00.000Z,44.90499,-0.94117,2.74,N21,N
2026-07-26T02:36:00.000Z,44.90539,-0.9236,1.87,N21,N
2026-07-26T02:36:00.000Z,44.90659,-0.92884,1.64,N21,N
2026-07-26T02:36:00.000Z,44.9078,-0.93406,1.64,N21,N
2026-07-26T02:36:00.000Z,44.909,-0.93929,3.71,N21,N
2026-07-26T02:36:00.000Z,44.91021,-0.9445,3.71,N21,N
2026-07-26T02:36:00.000Z,44.91182,-0.93218,1.64,N21,N
2026-07-26T02:36:00.000Z,44.91302,-0.9374,3.71,N21,N
2026-07-26T02:36:00.000Z,44.92323,-1.11613,0.41,N21,N
2026-07-26T02:36:00.000Z,44.93165,-1.09517,2.49,N21,N
2026-07-26T02:36:00.000Z,44.93283,-1.10032,9.12,N21,N
2026-07-26T02:36:00.000Z,44.93564,-1.09334,1.95,N21,N
2026-07-26T02:36:00.000Z,44.93682,-1.09847,1.31,N21,N
2026-07-26T02:36:00.000Z,44.93845,-1.08634,1.95,N21,N
2026-07-26T02:36:00.000Z,44.93963,-1.09147,1.95,N21,N
2026-07-26T02:36:00.000Z,44.94569,-1.06011,3.53,N21,N
2026-07-26T02:36:00.000Z,44.94688,-1.06528,3.53,N21,N
2026-07-26T02:36:00.000Z,44.94969,-1.05825,3.53,N21,N
2026-07-26T02:36:00.000Z,44.95532,-1.0442,7.08,N21,N
2026-07-26T02:36:00.000Z,44.95699,-1.04256,3.56,N21,N
2026-07-26T02:36:00.000Z,44.95736,-1.02525,2.92,N21,N
2026-07-26T02:36:00.000Z,44.95741,-1.01461,2.09,N21,N
2026-07-26T02:36:00.000Z,44.95856,-1.0304,2.92,N21,N
2026-07-26T02:36:00.000Z,44.95859,-1.01978,4.23,N21,N
2026-07-26T02:36:00.000Z,44.95894,-1.01305,1.75,N21,N
2026-07-26T02:36:00.000Z,44.95932,-1.04234,0.58,N21,N
2026-07-26T02:36:00.000Z,44.95977,-1.02496,4.23,N21,N
2026-07-26T02:36:00.000Z,44.95978,-1.03556,3.56,N21,N
2026-07-26T02:36:00.000Z,44.96015,-1.01821,1.75,N21,N
2026-07-26T02:36:00.000Z,44.96089,-0.98344,1.22,N21,N
2026-07-26T02:36:00.000Z,44.96095,-1.03014,5.2,N21,N
2026-07-26T02:36:00.000Z,44.96136,-1.02337,3.64,N21,N
2026-07-26T02:36:00.000Z,44.96257,-1.02854,3.64,N21,N
2026-07-26T02:36:00.000Z,44.96415,-1.01634,1.75,N21,N
2026-07-26T02:36:00.000Z,44.96453,-0.99899,1.96,N21,N
2026-07-26T02:36:00.000Z,44.96535,-1.02151,3.64,N21,N
2026-07-26T02:36:00.000Z,44.96573,-1.00416,1.96,N21,N
2026-07-26T02:36:00.000Z,44.96694,-1.00932,6.25,N21,N
2026-07-26T02:36:00.000Z,44.96853,-0.99712,1.96,N21,N
2026-07-26T02:36:00.000Z,44.96974,-1.0023,1.96,N21,N
2026-07-26T02:36:00.000Z,44.97132,-0.99006,1.57,N21,N
2026-07-26T02:36:00.000Z,44.97253,-0.99525,0.92,N21,N
2026-07-26T03:10:00.000Z,44.37989,-1.10631,2.07,N,N
2026-07-26T03:10:00.000Z,44.70958,-0.82133,1.3,N,N
2026-07-26T03:10:00.000Z,44.71114,-0.82643,1.04,N,N
2026-07-26T03:10:00.000Z,44.71177,-0.80791,1.1,N,N
2026-07-26T03:10:00.000Z,44.71269,-0.83153,1.04,N,N
2026-07-26T03:10:00.000Z,44.71333,-0.81302,2.24,N,N
2026-07-26T03:10:00.000Z,44.71399,-0.79455,0.35,N,N
2026-07-26T03:10:00.000Z,44.71489,-0.81815,2.24,N,N
2026-07-26T03:10:00.000Z,44.71554,-0.79965,1.1,N,N
2026-07-26T03:10:00.000Z,44.7158,-0.84173,2.11,N,N
2026-07-26T03:10:00.000Z,44.71646,-0.82328,10.01,N,N
2026-07-26T03:10:00.000Z,44.71709,-0.80474,1.1,N,N
2026-07-26T03:10:00.000Z,44.71736,-0.84682,1.21,N,N
2026-07-26T03:10:00.000Z,44.71801,-0.82837,10.01,N,N
2026-07-26T03:10:00.000Z,44.71865,-0.80985,2.24,N,N
2026-07-26T03:10:00.000Z,44.71891,-0.85192,1.21,N,N
2026-07-26T03:10:00.000Z,44.71956,-0.83348,46.67,N,N
2026-07-26T03:10:00.000Z,44.72021,-0.81499,2.24,N,N
2026-07-26T03:10:00.000Z,44.72112,-0.83857,46.67,N,N
2026-07-26T03:10:00.000Z,44.72178,-0.82012,10.01,N,N
2026-07-26T03:10:00.000Z,44.72266,-0.84367,90.58,N,N
2026-07-26T03:10:00.000Z,44.72333,-0.82522,10.01,N,N
2026-07-26T03:10:00.000Z,44.72356,-0.86717,1.45,N,N
2026-07-26T03:10:00.000Z,44.72422,-0.84876,90.58,N,N
2026-07-26T03:10:00.000Z,44.72487,-0.83031,46.67,N,N
2026-07-26T03:10:00.000Z,44.72577,-0.85386,13.89,N,N
2026-07-26T03:10:00.000Z,44.72643,-0.83542,46.67,N,N
2026-07-26T03:10:00.000Z,44.72708,-0.81694,1.45,N,N
2026-07-26T03:10:00.000Z,44.72732,-0.85895,13.89,N,N
2026-07-26T03:10:00.000Z,44.72864,-0.82205,1.45,N,N
2026-07-26T03:10:00.000Z,44.72886,-0.86402,6.08,N,N
2026-07-26T03:10:00.000Z,44.72952,-0.84558,90.58,N,N
2026-07-26T03:10:00.000Z,44.73018,-0.82713,4.76,N,N
2026-07-26T03:10:00.000Z,44.7304,-0.86908,6.08,N,N
2026-07-26T03:10:00.000Z,44.73107,-0.85067,13.89,N,N
2026-07-26T03:10:00.000Z,44.73173,-0.83222,4.76,N,N
2026-07-26T03:10:00.000Z,44.73194,-0.87413,4.12,N,N
2026-07-26T03:10:00.000Z,44.73239,-0.81374,1.45,N,N
2026-07-26T03:10:00.000Z,44.73261,-0.85576,13.89,N,N
2026-07-26T03:10:00.000Z,44.73328,-0.83732,4.84,N,N
2026-07-26T03:10:00.000Z,44.73347,-0.87918,4.12,N,N
2026-07-26T03:10:00.000Z,44.73394,-0.81884,1.45,N,N
2026-07-26T03:10:00.000Z,44.73416,-0.86084,6.08,N,N
2026-07-26T03:10:00.000Z,44.73482,-0.84239,4.84,N,N
2026-07-26T03:10:00.000Z,44.73501,-0.88423,11.24,N,N
2026-07-26T03:10:00.000Z,44.73548,-0.82393,4.76,N,N
2026-07-26T03:10:00.000Z,44.7357,-0.86591,6.08,N,N
2026-07-26T03:10:00.000Z,44.73614,-0.80543,0.62,N,N
2026-07-26T03:10:00.000Z,44.73636,-0.84746,2.43,N,N
2026-07-26T03:10:00.000Z,44.73655,-0.88929,11.24,N,N
2026-07-26T03:10:00.000Z,44.73703,-0.82902,4.76,N,N
2026-07-26T03:10:00.000Z,44.73724,-0.87097,4.12,N,N
2026-07-26T03:10:00.000Z,44.7379,-0.85255,2.43,N,N
2026-07-26T03:10:00.000Z,44.73809,-0.89436,7.35,N,N
2026-07-26T03:10:00.000Z,44.73857,-0.83411,4.84,N,N
2026-07-26T03:10:00.000Z,44.73877,-0.87604,4.12,N,N
2026-07-26T03:10:00.000Z,44.73962,-0.89942,7.35,N,N
2026-07-26T03:10:00.000Z,44.74011,-0.83919,4.84,N,N
2026-07-26T03:10:00.000Z,44.74031,-0.8811,11.24,N,N
2026-07-26T03:10:00.000Z,44.74115,-0.90446,5.96,N,N
2026-07-26T03:10:00.000Z,44.74166,-0.84428,2.43,N,N
2026-07-26T03:10:00.000Z,44.74185,-0.88615,11.24,N,N
2026-07-26T03:10:00.000Z,44.7432,-0.84936,2.43,N,N
2026-07-26T03:10:00.000Z,44.74339,-0.89122,7.35,N,N
2026-07-26T03:10:00.000Z,44.74492,-0.89628,7.35,N,N
2026-07-26T03:10:00.000Z,44.74561,-0.87795,2.46,N,N
2026-07-26T03:10:00.000Z,44.74672,-1.0253,1.55,N,N
2026-07-26T03:10:00.000Z,44.74682,-1.03798,1.93,N,N
2026-07-26T03:10:00.000Z,44.74715,-0.88302,2.46,N,N
2026-07-26T03:10:00.000Z,44.74822,-1.03028,3.98,N,N
2026-07-26T03:10:00.000Z,44.74831,-1.04298,1.93,N,N
2026-07-26T03:10:00.000Z,44.74869,-0.88809,4.1,N,N
2026-07-26T03:10:00.000Z,44.74879,-0.92961,1.84,N,N
2026-07-26T03:10:00.000Z,44.74911,-1.02485,1.8,N,N
2026-07-26T03:10:00.000Z,44.7498,-1.04797,2.32,N,N
2026-07-26T03:10:00.000Z,44.75032,-0.93465,2.35,N,N
2026-07-26T03:10:00.000Z,44.7506,-1.02986,1.8,N,N
2026-07-26T03:10:00.000Z,44.7509,-0.87478,2.46,N,N
2026-07-26T03:10:00.000Z,44.75127,-1.0403,4.3,N,N
2026-07-26T03:10:00.000Z,44.75184,-0.93969,2.35,N,N
2026-07-26T03:10:00.000Z,44.75211,-1.03492,2.94,N,N
2026-07-26T03:10:00.000Z,44.75245,-0.87988,2.46,N,N
2026-07-26T03:10:00.000Z,44.75277,-1.04523,4.3,N,N
2026-07-26T03:10:00.000Z,44.75337,-0.94471,2.71,N,N
2026-07-26T03:10:00.000Z,44.7535,-1.02718,2.92,N,N
2026-07-26T03:10:00.000Z,44.75359,-1.03991,2.94,N,N
2026-07-26T03:10:00.000Z,44.75399,-0.88497,4.1,N,N
2026-07-26T03:10:00.000Z,44.75409,-0.92652,1.84,N,N
2026-07-26T03:10:00.000Z,44.75436,-1.02169,1.8,N,N
2026-07-26T03:10:00.000Z,44.75507,-1.04488,5.07,N,N
2026-07-26T03:10:00.000Z,44.75552,-0.89002,4.1,N,N
2026-07-26T03:10:00.000Z,44.75562,-0.93155,2.35,N,N
2026-07-26T03:10:00.000Z,44.75586,-1.02673,1.8,N,N
2026-07-26T03:10:00.000Z,44.7562,-0.8716,2.71,N,N
2026-07-26T03:10:00.000Z,44.75634,-0.91334,2.86,N,N
2026-07-26T03:10:00.000Z,44.75655,-1.03722,3.06,N,N
2026-07-26T03:10:00.000Z,44.75705,-0.89505,5.25,N,N
2026-07-26T03:10:00.000Z,44.75714,-0.93657,2.35,N,N
2026-07-26T03:10:00.000Z,44.75736,-1.03176,2.94,N,N
2026-07-26T03:10:00.000Z,44.75774,-0.87671,2.71,N,N
2026-07-26T03:10:00.000Z,44.75787,-0.91838,1.66,N,N
2026-07-26T03:10:00.000Z,44.75793,-0.95976,3.84,N,N
2026-07-26T03:10:00.000Z,44.75803,-1.05481,3.42,N,N
2026-07-26T03:10:00.000Z,44.75805,-1.04216,3.06,N,N
2026-07-26T03:10:00.000Z,44.75857,-0.90008,5.25,N,N
2026-07-26T03:10:00.000Z,44.75866,-0.94158,2.71,N,N
2026-07-26T03:10:00.000Z,44.75876,-1.02405,2.92,N,N
2026-07-26T03:10:00.000Z,44.75885,-1.03679,2.94,N,N
2026-07-26T03:10:00.000Z,44.75928,-0.8818,10.79,N,N
2026-07-26T03:10:00.000Z,44.75951,-1.0598,3.42,N,N
2026-07-26T03:10:00.000Z,44.76018,-0.94662,2.71,N,N
2026-07-26T03:10:00.000Z,44.76028,-1.02907,2.92,N,N
2026-07-26T03:10:00.000Z,44.76033,-1.04175,5.07,N,N
2026-07-26T03:10:00.000Z,44.76081,-0.88686,10.79,N,N
2026-07-26T03:10:00.000Z,44.76099,-1.06478,6.13,N,N
2026-07-26T03:10:00.000Z,44.76105,-1.05207,4.03,N,N
2026-07-26T03:10:00.000Z,44.76112,-1.02356,3.04,N,N
2026-07-26T03:10:00.000Z,44.76162,-0.91016,2.86,N,N
2026-07-26T03:10:00.000Z,44.76171,-0.95166,3.84,N,N
2026-07-26T03:10:00.000Z,44.76181,-1.03408,3.06,N,N
2026-07-26T03:10:00.000Z,44.76234,-0.89189,9.8,N,N
2026-07-26T03:10:00.000Z,44.76242,-0.93343,1.85,N,N
2026-07-26T03:10:00.000Z,44.76256,-1.05704,4.72,N,N
2026-07-26T03:10:00.000Z,44.76262,-1.02861,2.48,N,N
2026-07-26T03:10:00.000Z,44.76315,-0.91521,1.66,N,N
2026-07-26T03:10:00.000Z,44.76323,-0.95669,3.84,N,N
2026-07-26T03:10:00.000Z,44.76329,-1.0517,3.42,N,N
2026-07-26T03:10:00.000Z,44.76331,-1.03906,3.06,N,N
2026-07-26T03:10:00.000Z,44.76386,-0.89693,9.8,N,N
2026-07-26T03:10:00.000Z,44.76394,-0.93844,2.44,N,N
2026-07-26T03:10:00.000Z,44.76407,-1.06201,4.72,N,N
2026-07-26T03:10:00.000Z,44.76411,-1.03364,2.48,N,N
2026-07-26T03:10:00.000Z,44.76467,-0.92023,1.66,N,N
2026-07-26T03:10:00.000Z,44.76475,-0.9617,7.86,N,N
2026-07-26T03:10:00.000Z,44.76477,-1.0567,3.42,N,N
2026-07-26T03:10:00.000Z,44.76482,-1.04402,4.03,N,N
2026-07-26T03:10:00.000Z,44.76538,-0.90197,3.98,N,N
2026-07-26T03:10:00.000Z,44.76546,-0.94347,2.44,N,N
2026-07-26T03:10:00.000Z,44.76557,-1.06695,4.85,N,N
2026-07-26T03:10:00.000Z,44.7656,-1.03864,2.34,N,N
2026-07-26T03:10:00.000Z,44.76619,-0.92527,1.85,N,N
2026-07-26T03:10:00.000Z,44.76625,-1.06168,6.13,N,N
2026-07-26T03:10:00.000Z,44.76627,-0.96671,7.86,N,N
2026-07-26T03:10:00.000Z,44.76691,-0.90701,3.98,N,N
2026-07-26T03:10:00.000Z,44.76698,-0.94849,2.12,N,N
2026-07-26T03:10:00.000Z,44.76708,-1.04362,2.34,N,N
2026-07-26T03:10:00.000Z,44.76771,-0.93029,1.85,N,N
2026-07-26T03:10:00.000Z,44.76783,-1.05397,4.72,N,N
2026-07-26T03:10:00.000Z,44.7685,-0.95351,2.12,N,N
2026-07-26T03:10:00.000Z,44.76854,-0.99477,0.57,N,N
2026-07-26T03:10:00.000Z,44.76922,-0.9353,2.44,N,N
2026-07-26T03:10:00.000Z,44.76931,-1.01784,1.7,N,N
2026-07-26T03:10:00.000Z,44.76934,-1.05894,4.72,N,N
2026-07-26T03:10:00.000Z,44.77002,-0.95854,2.57,N,N
2026-07-26T03:10:00.000Z,44.77074,-0.9403,2.44,N,N
2026-07-26T03:10:00.000Z,44.7708,-0.98168,0.83,N,N
2026-07-26T03:10:00.000Z,44.77155,-0.96358,2.57,N,N
2026-07-26T03:10:00.000Z,44.77225,-0.94532,2.12,N,N
2026-07-26T03:10:00.000Z,44.7723,-1.10957,5.7,N,N
2026-07-26T03:10:00.000Z,44.77281,-1.10456,5.06,N,N
2026-07-26T03:10:00.000Z,44.77306,-0.96859,2.69,N,N
2026-07-26T03:10:00.000Z,44.77377,-0.95034,2.12,N,N
2026-07-26T03:10:00.000Z,44.77379,-1.1145,5.7,N,N
2026-07-26T03:10:00.000Z,44.77428,-1.1095,5.06,N,N
2026-07-26T03:10:00.000Z,44.77451,-0.93216,2.55,N,N
2026-07-26T03:10:00.000Z,44.77528,-1.11944,2.09,N,N
2026-07-26T03:10:00.000Z,44.77574,-1.11444,5.95,N,N
2026-07-26T03:10:00.000Z,44.776,-1.21891,1.29,N,N
2026-07-26T03:10:00.000Z,44.77602,-0.93717,2.55,N,N
2026-07-26T03:10:00.000Z,44.77678,-1.12437,2.09,N,N
2026-07-26T03:10:00.000Z,44.77684,-1.20109,0.94,N,N
2026-07-26T03:10:00.000Z,44.77721,-1.11939,5.95,N,N
2026-07-26T03:10:00.000Z,44.77753,-0.94217,4.15,N,N
2026-07-26T03:10:00.000Z,44.77756,-1.10654,1.44,N,N
2026-07-26T03:10:00.000Z,44.77868,-1.12435,3.51,N,N
2026-07-26T03:10:00.000Z,44.77905,-1.11146,1.44,N,N
2026-07-26T03:10:00.000Z,44.78055,-1.11639,1.48,N,N
2026-07-26T03:10:00.000Z,44.78131,-0.93404,2.55,N,N
2026-07-26T03:10:00.000Z,44.78203,-1.12131,1.48,N,N
2026-07-26T03:10:00.000Z,44.78281,-0.93904,4.15,N,N
2026-07-26T03:10:00.000Z,44.80004,-1.09907,3.78,N,N
2026-07-26T03:10:00.000Z,44.80153,-1.10403,5.45,N,N
2026-07-26T03:10:00.000Z,44.8038,-1.09103,3.78,N,N
2026-07-26T03:10:00.000Z,44.80529,-1.09599,3.78,N,N
2026-07-26T03:10:00.000Z,44.80678,-1.10094,5.45,N,N
2026-07-26T03:10:00.000Z,44.81055,-1.0929,0.79,N,N
2026-07-26T03:10:00.000Z,44.8117,-1.21516,0.65,N,N
2026-07-26T03:10:00.000Z,44.81779,-1.19422,0.68,N,N
2026-07-26T03:10:00.000Z,44.84079,-0.94579,1.5,N,N
2026-07-26T03:10:00.000Z,44.84298,-0.94387,1.38,N,N
2026-07-26T03:10:00.000Z,44.84301,-0.97402,2.12,N,N
2026-07-26T03:10:00.000Z,44.84307,-0.98503,2.02,N,N
2026-07-26T03:10:00.000Z,44.8445,-0.97903,2.12,N,N
2026-07-26T03:10:00.000Z,44.84451,-0.9489,1.38,N,N
2026-07-26T03:10:00.000Z,44.84459,-0.99,1.44,N,N
2026-07-26T03:10:00.000Z,44.84531,-0.97197,3.76,N,N
2026-07-26T03:10:00.000Z,44.84599,-0.98402,1.93,N,N
2026-07-26T03:10:00.000Z,44.84606,-0.94265,1.5,N,N
2026-07-26T03:10:00.000Z,44.84682,-0.97695,2.02,N,N
2026-07-26T03:10:00.000Z,44.84748,-0.98901,1.93,N,N
2026-07-26T03:10:00.000Z,44.84756,-0.94768,2.53,N,N
2026-07-26T03:10:00.000Z,44.84827,-0.97087,3.21,N,N
2026-07-26T03:10:00.000Z,44.84834,-0.98194,2.02,N,N
2026-07-26T03:10:00.000Z,44.84907,-0.96388,1.7,N,N
2026-07-26T03:10:00.000Z,44.84976,-0.97587,3.21,N,N
2026-07-26T03:10:00.000Z,44.84986,-0.98691,1.44,N,N
2026-07-26T03:10:00.000Z,44.85058,-0.96885,1.7,N,N
2026-07-26T03:10:00.000Z,44.85116,-1.02212,1.33,N,N
2026-07-26T03:10:00.000Z,44.85125,-0.98088,4.09,N,N
2026-07-26T03:10:00.000Z,44.85205,-0.96274,4.38,N,N
2026-07-26T03:10:00.000Z,44.85209,-0.97382,3.04,N,N
2026-07-26T03:10:00.000Z,44.85262,-1.02703,1.16,N,N
2026-07-26T03:10:00.000Z,44.85281,-0.95575,2.65,N,N
2026-07-26T03:10:00.000Z,44.85353,-0.96774,3.21,N,N
2026-07-26T03:10:00.000Z,44.8536,-0.97881,3.04,N,N
2026-07-26T03:10:00.000Z,44.8541,-1.03196,1.16,N,N
2026-07-26T03:10:00.000Z,44.85431,-0.94952,3.75,N,N
2026-07-26T03:10:00.000Z,44.85433,-0.96075,1.7,N,N
2026-07-26T03:10:00.000Z,44.85502,-0.97272,3.21,N,N
2026-07-26T03:10:00.000Z,44.8558,-0.95454,3.22,N,N
2026-07-26T03:10:00.000Z,44.85584,-0.96573,1.7,N,N
2026-07-26T03:10:00.000Z,44.85651,-0.97772,4.09,N,N
2026-07-26T03:10:00.000Z,44.8573,-0.95956,3.22,N,N
2026-07-26T03:10:00.000Z,44.85735,-0.9707,3.04,N,N
2026-07-26T03:10:00.000Z,44.85807,-0.95258,5.96,N,N
2026-07-26T03:10:00.000Z,44.85886,-0.97567,3.04,N,N
2026-07-26T03:10:00.000Z,44.85958,-0.95757,4.32,N,N
2026-07-26T03:10:00.000Z,44.86105,-0.95135,3.22,N,N
2026-07-26T03:10:00.000Z,44.86701,-0.97139,0.83,N,N
2026-07-26T03:10:00.000Z,44.86786,-0.96437,0.81,N,N
2026-07-26T03:10:00.000Z,44.86803,-1.09949,2.09,N,N
2026-07-26T03:10:00.000Z,44.86937,-0.96936,0.81,N,N
2026-07-26T03:10:00.000Z,44.87238,-0.97931,1.7,N,N
2026-07-26T03:10:00.000Z,44.87462,-0.9662,2.43,N,N
2026-07-26T03:10:00.000Z,44.87613,-0.97119,5.02,N,N
2026-07-26T03:10:00.000Z,44.87764,-0.97617,5.02,N,N
2026-07-26T03:10:00.000Z,44.87904,-0.89858,1.83,N,N
2026-07-26T03:10:00.000Z,44.87914,-0.98115,4.14,N,N
2026-07-26T03:10:00.000Z,44.88065,-0.98613,4.14,N,N
2026-07-26T03:10:00.000Z,44.8844,-0.97802,4.14,N,N
2026-07-26T03:10:00.000Z,44.88514,-1.00099,4.17,N,N
2026-07-26T03:10:00.000Z,44.8859,-0.98299,4.14,N,N
2026-07-26T03:10:00.000Z,44.88663,-1.00593,4.17,N,N
2026-07-26T03:10:00.000Z,44.88813,-1.01089,8.87,N,N
2026-07-26T03:10:00.000Z,44.88955,-1.1098,1.72,N,N
2026-07-26T03:10:00.000Z,44.89039,-0.99787,4.17,N,N
2026-07-26T03:10:00.000Z,44.89188,-1.0028,4.17,N,N
2026-07-26T03:10:00.000Z,44.89254,-1.10725,1.25,N,N
2026-07-26T03:10:00.000Z,44.90014,-0.96854,1.72,N,N
2026-07-26T03:10:00.000Z,44.90389,-0.96042,2.79,N,N
2026-07-26T03:10:00.000Z,44.90539,-0.96539,1.72,N,N
2026-07-26T03:10:00.000Z,44.90691,-0.92919,1.2,N,N
2026-07-26T03:10:00.000Z,44.90841,-0.93418,1.2,N,N
2026-07-26T03:10:00.000Z,44.90991,-0.93917,1.92,N,N
2026-07-26T03:10:00.000Z,44.9114,-0.94414,1.92,N,N
2026-07-26T03:10:00.000Z,44.91516,-0.93601,1.45,N,N
2026-07-26T03:10:00.000Z,44.93353,-1.10018,2.48,N,N
2026-07-26T03:10:00.000Z,44.93728,-1.09217,1.84,N,N
2026-07-26T03:10:00.000Z,44.94557,-1.05813,1.27,N,N
2026-07-26T03:10:00.000Z,44.94704,-1.06307,1.27,N,N
2026-07-26T03:10:00.000Z,44.95079,-1.055,0.81,N,N
2026-07-26T03:10:00.000Z,44.95226,-1.05992,0.81,N,N
2026-07-26T03:10:00.000Z,44.95455,-1.04696,1.04,N,N
2026-07-26T03:10:00.000Z,44.95831,-1.03889,0.83,N,N
2026-07-26T03:10:00.000Z,44.95978,-1.04382,0.83,N,N
2026-07-26T03:10:00.000Z,44.96059,-1.02588,2.42,N,N
2026-07-26T03:10:00.000Z,44.96206,-1.03083,2.42,N,N
2026-07-26T03:10:00.000Z,44.96434,-1.01779,1.5,N,N
2026-07-26T03:10:00.000Z,44.96582,-1.02273,1.02,N,N
2026-07-26T03:10:00.000Z,44.96616,-1.00987,1.23,N,N
2026-07-26T03:10:00.000Z,44.96664,-1.00479,2.13,N,N
2026-07-26T03:10:00.000Z,44.96811,-1.00971,1.5,N,N
2026-07-26T03:10:00.000Z,44.9684,-0.9969,1.45,N,N
2026-07-26T03:10:00.000Z,44.96991,-1.00184,1.23,N,N
2026-07-26T03:10:00.000Z,44.9704,-0.99669,0.67,N,N
2026-07-26T03:10:00.000Z,44.9714,-1.00676,1.23,N,N
2026-07-26T03:10:00.000Z,44.97187,-1.00164,0.67,N,N
2026-07-26T03:25:00.000Z,44.88088,-0.97471,35.72,Aqua,N
2026-07-26T03:28:00.000Z,44.72222,-0.81198,168.5,Aqua,N
2026-07-26T03:28:00.000Z,44.72265,-0.80416,135.96,Aqua,N
2026-07-26T03:28:00.000Z,44.72424,-0.84935,172.18,Aqua,N
2026-07-26T03:28:00.000Z,44.72447,-0.84154,278.51,Aqua,N
2026-07-26T03:28:00.000Z,44.73679,-0.81061,142.85,Aqua,N
2026-07-26T03:28:00.000Z,44.73721,-0.80276,63.71,Aqua,N
2026-07-26T03:28:00.000Z,44.73884,-0.84801,292.94,Aqua,N
2026-07-26T03:28:00.000Z,44.73906,-0.84016,269.88,Aqua,N
2026-07-26T03:28:00.000Z,44.74089,-0.88561,136.68,Aqua,N
2026-07-26T03:28:00.000Z,44.74092,-0.87776,171.21,Aqua,N
2026-07-26T03:28:00.000Z,44.75554,-0.87635,70.28,Aqua,N
2026-07-26T03:28:00.000Z,44.76307,-1.02907,57.07,Aqua,N
2026-07-26T03:28:00.000Z,44.76387,-1.0369,57.17,Aqua,N
2026-07-26T03:28:00.000Z,44.77016,-0.87492,46.87,Aqua,N
2026-07-26T03:28:00.000Z,44.77208,-0.91283,45.71,Aqua,N
2026-07-26T03:28:00.000Z,44.774,-0.95091,53.84,Aqua,N
2026-07-26T03:28:00.000Z,44.78164,-1.10521,31.15,Aqua,N
2026-07-26T03:28:00.000Z,44.78285,-1.11309,25.2,Aqua,N
2026-07-26T05:04:00.000Z,44.71769,-0.82464,64.79,Aqua,D
2026-07-26T05:04:00.000Z,44.73,-0.86872,107.28,Aqua,D
2026-07-26T05:04:00.000Z,44.73272,-0.81623,97.93,Aqua,D
2026-07-26T05:04:00.000Z,44.73667,-0.8568,146.28,Aqua,D
2026-07-26T05:04:00.000Z,44.88438,-0.9711,50.22,Aqua,D
2026-07-26T12:21:00.000Z,44.37672,-1.1069,6.19,N21,D
2026-07-26T12:21:00.000Z,44.37802,-1.10135,6.19,N21,D
2026-07-26T12:21:00.000Z,44.38217,-1.10322,6.19,N21,D
2026-07-26T12:21:00.000Z,44.42386,-1.11315,4.05,N21,D
2026-07-26T12:21:00.000Z,44.43233,-1.13546,4.43,N21,D
2026-07-26T12:21:00.000Z,44.71936,-0.83742,22.59,N21,D
2026-07-26T12:21:00.000Z,44.72061,-0.83209,32.74,N21,D
2026-07-26T12:21:00.000Z,44.72186,-0.82677,32.74,N21,D
2026-07-26T12:21:00.000Z,44.7225,-0.86239,20.95,N21,D
2026-07-26T12:21:00.000Z,44.72343,-0.83924,22.43,N21,D
2026-07-26T12:21:00.000Z,44.72375,-0.85706,155.34,N21,D
2026-07-26T12:21:00.000Z,44.72468,-0.83392,13.29,N21,D
2026-07-26T12:21:00.000Z,44.725,-0.85173,155.34,N21,D
2026-07-26T12:21:00.000Z,44.72625,-0.84641,22.43,N21,D
2026-07-26T12:21:00.000Z,44.72658,-0.86422,9.31,N21,D
2026-07-26T12:21:00.000Z,44.7275,-0.84107,22.43,N21,D
2026-07-26T12:21:00.000Z,44.72783,-0.85889,20.18,N21,D
2026-07-26T12:21:00.000Z,44.72874,-0.83575,13.29,N21,D
2026-07-26T12:21:00.000Z,44.72907,-0.85356,20.18,N21,D
2026-07-26T12:21:00.000Z,44.7294,-0.87141,9.31,N21,D
2026-07-26T12:21:00.000Z,44.72966,-0.81267,65.66,N21,D
2026-07-26T12:21:00.000Z,44.73064,-0.86606,9.31,N21,D
2026-07-26T12:21:00.000Z,44.73096,-0.88397,13.22,N21,D
2026-07-26T12:21:00.000Z,44.73156,-0.84292,7.53,N21,D
2026-07-26T12:21:00.000Z,44.73221,-0.87861,13.22,N21,D
2026-07-26T12:21:00.000Z,44.73247,-0.81981,13.34,N21,D
2026-07-26T12:21:00.000Z,44.73281,-0.83759,10.92,N21,D
2026-07-26T12:21:00.000Z,44.73347,-0.87325,9.76,N21,D
2026-07-26T12:21:00.000Z,44.73371,-0.81452,65.66,N21,D
2026-07-26T12:21:00.000Z,44.73379,-0.89116,32.1,N21,D
2026-07-26T12:21:00.000Z,44.73503,-0.8858,13.22,N21,D
2026-07-26T12:21:00.000Z,44.73619,-0.80392,106.87,N21,D
2026-07-26T12:21:00.000Z,44.73628,-0.88045,13.22,N21,D
2026-07-26T12:21:00.000Z,44.73653,-0.82167,13.89,N21,D
2026-07-26T12:21:00.000Z,44.73661,-0.89835,6.0,N21,D
2026-07-26T12:21:00.000Z,44.73777,-0.81636,92.56,N21,D
2026-07-26T12:21:00.000Z,44.73786,-0.89299,6.0,N21,D
2026-07-26T12:21:00.000Z,44.73901,-0.81106,92.56,N21,D
2026-07-26T12:21:00.000Z,44.74059,-0.8235,13.89,N21,D
2026-07-26T12:21:00.000Z,44.74148,-0.80046,125.22,N21,D
2026-07-26T12:21:00.000Z,44.74183,-0.81819,92.56,N21,D
2026-07-26T12:21:00.000Z,44.74307,-0.81289,92.56,N21,D
2026-07-26T12:21:00.000Z,44.7443,-0.80758,125.22,N21,D
2026-07-26T12:21:00.000Z,44.7459,-0.82002,8.12,N21,D
2026-07-26T12:21:00.000Z,44.74665,-0.93262,8.6,N21,D
2026-07-26T12:21:00.000Z,44.74782,-0.85029,10.47,N21,D
2026-07-26T12:21:00.000Z,44.74855,-1.04109,12.37,N21,D
2026-07-26T12:21:00.000Z,44.74949,-0.93984,8.6,N21,D
2026-07-26T12:21:00.000Z,44.75074,-0.93446,8.6,N21,D
2026-07-26T12:21:00.000Z,44.75265,-1.04295,12.37,N21,D
2026-07-26T12:21:00.000Z,44.75265,-1.03989,130.11,N21,D
2026-07-26T12:21:00.000Z,44.75392,-1.03749,13.43,N21,D
2026-07-26T12:21:00.000Z,44.75394,-1.03448,95.04,N21,D
2026-07-26T12:21:00.000Z,44.75416,-1.05263,10.03,N21,D
2026-07-26T12:21:00.000Z,44.75422,-1.05572,4.06,N21,D
2026-07-26T12:21:00.000Z,44.75454,-0.99585,9.94,N21,D
2026-07-26T12:21:00.000Z,44.75517,-1.03207,13.43,N21,D
2026-07-26T12:21:00.000Z,44.75549,-1.05027,61.63,N21,D
2026-07-26T12:21:00.000Z,44.75675,-1.04482,61.63,N21,D
2026-07-26T12:21:00.000Z,44.75675,-1.04176,130.11,N21,D
2026-07-26T12:21:00.000Z,44.75705,-1.06305,4.06,N21,D
2026-07-26T12:21:00.000Z,44.75801,-1.03937,73.6,N21,D
2026-07-26T12:21:00.000Z,44.75863,-0.99771,18.37,N21,D
2026-07-26T12:21:00.000Z,44.75927,-1.03393,73.6,N21,D
2026-07-26T12:21:00.000Z,44.75955,-1.04907,47.65,N21,D
2026-07-26T12:21:00.000Z,44.75958,-1.05215,61.63,N21,D
2026-07-26T12:21:00.000Z,44.75988,-0.99229,261.54,N21,D
2026-07-26T12:21:00.000Z,44.76038,-0.87361,9.26,N21,D
2026-07-26T12:21:00.000Z,44.76048,-0.95075,14.53,N21,D
2026-07-26T12:21:00.000Z,44.76084,-1.04363,47.65,N21,D
2026-07-26T12:21:00.000Z,44.76085,-1.0467,61.63,N21,D
2026-07-26T12:21:00.000Z,44.76146,-1.00499,18.37,N21,D
2026-07-26T12:21:00.000Z,44.76161,-0.8683,9.26,N21,D
2026-07-26T12:21:00.000Z,44.7621,-1.04124,73.6,N21,D
2026-07-26T12:21:00.000Z,44.76214,-1.0382,17.36,N21,D
2026-07-26T12:21:00.000Z,44.76239,-0.98146,14.28,N21,D
2026-07-26T12:21:00.000Z,44.76271,-0.99957,18.37,N21,D
2026-07-26T12:21:00.000Z,44.76321,-0.88078,16.38,N21,D
2026-07-26T12:21:00.000Z,44.76332,-0.95798,14.53,N21,D
2026-07-26T12:21:00.000Z,44.76389,-0.91665,5.93,N21,D
2026-07-26T12:21:00.000Z,44.76422,-0.99127,29.31,N21,D
2026-07-26T12:21:00.000Z,44.76445,-0.87544,9.26,N21,D
2026-07-26T12:21:00.000Z,44.76494,-1.04549,47.65,N21,D
2026-07-26T12:21:00.000Z,44.76513,-0.91129,11.53,N21,D
2026-07-26T12:21:00.000Z,44.76517,-1.06364,4.02,N21,D
2026-07-26T12:21:00.000Z,44.76523,-0.98873,261.54,N21,D
2026-07-26T12:21:00.000Z,44.7655,-0.98587,29.31,N21,D
2026-07-26T12:21:00.000Z,44.76568,-0.87011,9.26,N21,D
2026-07-26T12:21:00.000Z,44.76624,-1.04005,17.36,N21,D
2026-07-26T12:21:00.000Z,44.76638,-0.90592,11.53,N21,D
2026-07-26T12:21:00.000Z,44.76646,-1.05821,4.02,N21,D
2026-07-26T12:21:00.000Z,44.76648,-0.98331,14.28,N21,D
2026-07-26T12:21:00.000Z,44.76691,-0.86479,6.34,N21,D
2026-07-26T12:21:00.000Z,44.76728,-0.88262,19.04,N21,D
2026-07-26T12:21:00.000Z,44.76831,-0.99312,29.31,N21,D
2026-07-26T12:21:00.000Z,44.76852,-0.87727,20.94,N21,D
2026-07-26T12:21:00.000Z,44.76976,-0.87193,20.94,N21,D
2026-07-26T12:21:00.000Z,44.77011,-0.88983,19.04,N21,D
2026-07-26T12:21:00.000Z,44.77135,-0.88447,19.04,N21,D
2026-07-26T12:21:00.000Z,44.77216,-0.97691,10.53,N21,D
2026-07-26T12:21:00.000Z,44.77255,-1.10923,14.99,N21,D
2026-07-26T12:21:00.000Z,44.77259,-0.87912,20.94,N21,D
2026-07-26T12:21:00.000Z,44.77308,-0.97434,10.63,N21,D
2026-07-26T12:21:00.000Z,44.77523,-1.2136,7.16,N21,D
2026-07-26T12:21:00.000Z,44.77819,-1.12389,6.69,N21,D
2026-07-26T12:21:00.000Z,44.77935,-1.21549,7.16,N21,D
2026-07-26T12:21:00.000Z,44.77948,-1.11842,7.48,N21,D
2026-07-26T12:21:00.000Z,44.79696,-1.10221,3.13,N21,D
2026-07-26T12:21:00.000Z,44.80106,-1.10408,13.18,N21,D
2026-07-26T12:21:00.000Z,44.80235,-1.09864,13.18,N21,D
2026-07-26T12:21:00.000Z,44.8054,-1.22138,7.34,N21,D
2026-07-26T12:21:00.000Z,44.80645,-1.1005,13.18,N21,D
2026-07-26T12:21:00.000Z,44.81213,-1.21216,3.91,N21,D
2026-07-26T12:21:00.000Z,44.81599,-1.19567,6.77,N21,D
2026-07-26T12:21:00.000Z,44.8201,-1.19759,6.77,N21,D
2026-07-26T12:21:00.000Z,44.8214,-1.19207,6.77,N21,D
2026-07-26T12:21:00.000Z,44.84379,-0.97972,6.72,N21,D
2026-07-26T12:21:00.000Z,44.84409,-1.14979,5.04,N21,D
2026-07-26T12:21:00.000Z,44.84504,-0.97435,6.72,N21,D
2026-07-26T12:21:00.000Z,44.84523,-1.14849,3.5,N21,D
2026-07-26T12:21:00.000Z,44.84629,-0.96897,5.59,N21,D
2026-07-26T12:21:00.000Z,44.84681,-1.16121,2.73,N21,D
2026-07-26T12:21:00.000Z,44.85378,-0.93685,4.95,N21,D
2026-07-26T12:21:00.000Z,44.85537,-0.94938,21.51,N21,D
2026-07-26T12:21:00.000Z,44.85661,-0.94404,21.51,N21,D
2026-07-26T12:21:00.000Z,44.85785,-0.9387,16.14,N21,D
2026-07-26T12:21:00.000Z,44.85943,-0.95124,21.51,N21,D
2026-07-26T12:21:00.000Z,44.85999,-0.91017,150.3,N21,D
2026-07-26T12:21:00.000Z,44.86282,-0.91734,13.48,N21,D
2026-07-26T12:21:00.000Z,44.86351,-0.95309,5.75,N21,D
2026-07-26T12:21:00.000Z,44.87028,-1.17375,4.1,N21,D
2026-07-26T12:21:00.000Z,44.87439,-1.17566,4.1,N21,D
2026-07-26T12:21:00.000Z,44.87849,-1.17757,5.83,N21,D
2026-07-26T12:21:00.000Z,44.87979,-1.17208,8.24,N21,D
2026-07-26T12:21:00.000Z,44.87996,-0.90154,10.15,N21,D
2026-07-26T12:21:00.000Z,44.90186,-0.92331,4.42,N21,D
2026-07-26T12:21:00.000Z,44.90191,-0.9253,12.28,N21,D
2026-07-26T12:21:00.000Z,44.90317,-0.91998,10.28,N21,D
2026-07-26T12:21:00.000Z,44.90346,-0.93781,7.13,N21,D
2026-07-26T12:21:00.000Z,44.91158,-0.94152,6.72,N21,D
2026-07-26T12:21:00.000Z,44.92971,-0.97934,26.55,N21,D
2026-07-26T12:21:00.000Z,44.93097,-0.97399,26.55,N21,D
2026-07-26T12:21:00.000Z,44.93222,-0.96864,18.53,N21,D
2026-07-26T12:21:00.000Z,44.93303,-1.10019,20.31,N21,D
2026-07-26T12:21:00.000Z,44.93378,-0.98121,26.84,N21,D
2026-07-26T12:21:00.000Z,44.93503,-0.97586,26.84,N21,D
2026-07-26T12:21:00.000Z,44.93628,-0.97051,15.4,N21,D
2026-07-26T12:21:00.000Z,44.94035,-0.97237,15.4,N21,D
2026-07-26T12:21:00.000Z,44.94092,-1.08583,35.66,N21,D
2026-07-26T12:21:00.000Z,44.94722,-1.05884,12.79,N21,D
2026-07-26T12:21:00.000Z,44.95129,-1.06072,27.41,N21,D
2026-07-26T12:21:00.000Z,44.95255,-1.05532,27.41,N21,D
2026-07-26T12:21:00.000Z,44.95632,-1.03914,9.97,N21,D
2026-07-26T12:21:00.000Z,44.95914,-1.04639,9.25,N21,D
2026-07-26T12:21:00.000Z,44.96008,-1.02299,23.05,N21,D
2026-07-26T12:21:00.000Z,44.9604,-1.041,9.97,N21,D
2026-07-26T12:21:00.000Z,44.96192,-0.97633,22.74,N21,D
2026-07-26T12:21:00.000Z,44.96317,-0.97098,10.14,N21,D
2026-07-26T12:21:00.000Z,44.96415,-1.02486,23.05,N21,D
2026-07-26T12:21:00.000Z,44.96474,-0.98356,22.74,N21,D
2026-07-26T12:21:00.000Z,44.96599,-0.9782,22.74,N21,D
2026-07-26T12:21:00.000Z,44.96664,-1.01411,133.81,N21,D
2026-07-26T12:21:00.000Z,44.96723,-0.97283,10.14,N21,D
2026-07-26T12:21:00.000Z,44.96789,-1.00873,56.98,N21,D
2026-07-26T12:21:00.000Z,44.96914,-1.00335,56.98,N21,D
2026-07-26T12:55:00.000Z,44.37772,-1.10219,14.67,N,D
2026-07-26T12:55:00.000Z,44.38106,-1.10331,14.67,N,D
2026-07-26T12:55:00.000Z,44.43182,-1.13639,6.16,N,D
2026-07-26T12:55:00.000Z,44.71814,-0.83149,23.68,N,D
2026-07-26T12:55:00.000Z,44.71898,-0.82655,23.68,N,D
2026-07-26T12:55:00.000Z,44.72061,-0.83753,48.44,N,D
2026-07-26T12:55:00.000Z,44.72139,-0.85345,52.75,N,D
2026-07-26T12:55:00.000Z,44.72145,-0.83259,23.68,N,D
2026-07-26T12:55:00.000Z,44.72223,-0.84851,52.75,N,D
2026-07-26T12:55:00.000Z,44.7223,-0.82766,23.68,N,D
2026-07-26T12:55:00.000Z,44.72308,-0.84358,12.76,N,D
2026-07-26T12:55:00.000Z,44.72385,-0.8595,68.08,N,D
2026-07-26T12:55:00.000Z,44.72393,-0.83864,12.76,N,D
2026-07-26T12:55:00.000Z,44.7247,-0.85456,52.75,N,D
2026-07-26T12:55:00.000Z,44.72477,-0.8337,8.05,N,D
2026-07-26T12:55:00.000Z,44.72554,-0.84962,52.75,N,D
2026-07-26T12:55:00.000Z,44.72639,-0.84469,12.76,N,D
2026-07-26T12:55:00.000Z,44.72717,-0.86061,9.91,N,D
2026-07-26T12:55:00.000Z,44.72724,-0.83975,12.76,N,D
2026-07-26T12:55:00.000Z,44.72801,-0.85567,10.98,N,D
2026-07-26T12:55:00.000Z,44.72808,-0.83481,8.05,N,D
2026-07-26T12:55:00.000Z,44.72964,-0.86666,9.91,N,D
2026-07-26T12:55:00.000Z,44.7297,-0.8458,5.36,N,D
2026-07-26T12:55:00.000Z,44.73041,-0.88261,73.98,N,D
2026-07-26T12:55:00.000Z,44.73055,-0.84086,5.36,N,D
2026-07-26T12:55:00.000Z,44.7314,-0.83593,4.38,N,D
2026-07-26T12:55:00.000Z,44.7323,-0.81016,23.53,N,D
2026-07-26T12:55:00.000Z,44.73296,-0.86778,4.47,N,D
2026-07-26T12:55:00.000Z,44.73308,-0.82606,6.4,N,D
2026-07-26T12:55:00.000Z,44.73314,-0.80523,28.25,N,D
2026-07-26T12:55:00.000Z,44.73392,-0.82113,6.4,N,D
2026-07-26T12:55:00.000Z,44.73398,-0.8003,28.25,N,D
2026-07-26T12:55:00.000Z,44.73471,-0.83704,4.38,N,D
2026-07-26T12:55:00.000Z,44.73477,-0.8162,69.87,N,D
2026-07-26T12:55:00.000Z,44.73555,-0.83211,4.38,N,D
2026-07-26T12:55:00.000Z,44.73561,-0.81127,69.87,N,D
2026-07-26T12:55:00.000Z,44.73645,-0.80634,135.95,N,D
2026-07-26T12:55:00.000Z,44.73724,-0.82224,6.4,N,D
2026-07-26T12:55:00.000Z,44.73808,-0.81731,69.87,N,D
2026-07-26T12:55:00.000Z,44.73892,-0.81238,69.87,N,D
2026-07-26T12:55:00.000Z,44.73977,-0.80745,135.95,N,D
2026-07-26T12:55:00.000Z,44.74055,-0.82335,4.4,N,D
2026-07-26T12:55:00.000Z,44.7406,-0.80251,135.95,N,D
2026-07-26T12:55:00.000Z,44.74224,-0.81349,164.98,N,D
2026-07-26T12:55:00.000Z,44.74308,-0.80856,55.28,N,D
2026-07-26T12:55:00.000Z,44.74479,-1.02383,4.66,N,D
2026-07-26T12:55:00.000Z,44.74555,-1.03986,8.03,N,D
2026-07-26T12:55:00.000Z,44.74802,-1.04597,2.25,N,D
2026-07-26T12:55:00.000Z,44.74812,-1.02495,12.52,N,D
2026-07-26T12:55:00.000Z,44.74887,-1.04099,8.03,N,D
2026-07-26T12:55:00.000Z,44.75305,-1.03714,67.89,N,D
2026-07-26T12:55:00.000Z,44.75391,-1.03217,14.09,N,D
2026-07-26T12:55:00.000Z,44.75552,-1.04324,67.89,N,D
2026-07-26T12:55:00.000Z,44.75637,-1.03826,67.89,N,D
2026-07-26T12:55:00.000Z,44.75723,-1.0333,14.09,N,D
2026-07-26T12:55:00.000Z,44.75799,-1.04935,28.77,N,D
2026-07-26T12:55:00.000Z,44.75808,-1.02833,14.09,N,D
2026-07-26T12:55:00.000Z,44.75884,-1.04437,172.97,N,D
2026-07-26T12:55:00.000Z,44.75947,-0.87669,38.86,N,D
2026-07-26T12:55:00.000Z,44.76073,-0.99244,206.84,N,D
2026-07-26T12:55:00.000Z,44.76089,-0.95049,8.97,N,D
2026-07-26T12:55:00.000Z,44.76116,-0.86681,15.03,N,D
2026-07-26T12:55:00.000Z,44.76292,-1.06156,3.5,N,D
2026-07-26T12:55:00.000Z,44.76328,-0.97754,222.37,N,D
2026-07-26T12:55:00.000Z,44.76378,-1.05658,5.42,N,D
2026-07-26T12:55:00.000Z,44.76405,-0.99356,206.84,N,D
2026-07-26T12:55:00.000Z,44.76549,-1.04663,8.4,N,D
2026-07-26T12:55:00.000Z,44.76625,-1.06268,3.5,N,D
2026-07-26T12:55:00.000Z,44.76695,-0.87397,38.82,N,D
2026-07-26T12:55:00.000Z,44.76745,-0.9737,32.32,N,D
2026-07-26T12:55:00.000Z,44.76779,-0.86903,16.83,N,D
2026-07-26T12:55:00.000Z,44.76796,-1.05273,5.42,N,D
2026-07-26T12:55:00.000Z,44.7683,-0.96873,32.32,N,D
2026-07-26T12:55:00.000Z,44.76863,-0.8641,16.83,N,D
2026-07-26T12:55:00.000Z,44.76907,-0.98475,4.26,N,D
2026-07-26T12:55:00.000Z,44.76992,-0.97978,4.26,N,D
2026-07-26T12:55:00.000Z,44.77026,-0.87509,38.82,N,D
2026-07-26T12:55:00.000Z,44.77077,-0.97482,12.77,N,D
2026-07-26T12:55:00.000Z,44.77185,-1.11206,2.57,N,D
2026-07-26T12:55:00.000Z,44.77188,-0.8861,6.14,N,D
2026-07-26T12:55:00.000Z,44.7727,-1.10706,2.57,N,D
2026-07-26T12:55:00.000Z,44.77298,-1.10978,8.42,N,D
2026-07-26T12:55:00.000Z,44.77311,-1.21022,5.69,N,D
2026-07-26T12:55:00.000Z,44.77324,-0.98091,4.26,N,D
2026-07-26T12:55:00.000Z,44.77409,-0.97594,12.77,N,D
2026-07-26T12:55:00.000Z,44.77644,-1.21136,14.35,N,D
2026-07-26T12:55:00.000Z,44.7779,-1.122,4.9,N,D
2026-07-26T12:55:00.000Z,44.78123,-1.12313,4.9,N,D
2026-07-26T12:55:00.000Z,44.79885,-1.10275,42.37,N,D
2026-07-26T12:55:00.000Z,44.80218,-1.10388,10.5,N,D
2026-07-26T12:55:00.000Z,44.80304,-1.0989,3.53,N,D
2026-07-26T12:55:00.000Z,44.84192,-0.97529,6.6,N,D
2026-07-26T12:55:00.000Z,44.84209,-0.9334,5.69,N,D
2026-07-26T12:55:00.000Z,44.84356,-1.14968,1.89,N,D
2026-07-26T12:55:00.000Z,44.84861,-1.14084,4.12,N,D
2026-07-26T12:55:00.000Z,44.85511,-1.00077,5.64,N,D
2026-07-26T12:55:00.000Z,44.85528,-0.95882,56.96,N,D
2026-07-26T12:55:00.000Z,44.85627,-0.912,41.04,N,D
2026-07-26T12:55:00.000Z,44.85697,-0.94891,28.05,N,D
2026-07-26T12:55:00.000Z,44.85711,-0.90706,85.42,N,D
2026-07-26T12:55:00.000Z,44.85873,-0.91808,41.04,N,D
2026-07-26T12:55:00.000Z,44.85958,-0.91312,41.04,N,D
2026-07-26T12:55:00.000Z,44.86029,-0.95003,28.05,N,D
2026-07-26T12:55:00.000Z,44.86043,-0.90818,85.42,N,D
2026-07-26T12:55:00.000Z,44.86621,-0.91536,41.08,N,D
2026-07-26T12:55:00.000Z,44.86716,-1.09437,3.45,N,D
2026-07-26T12:55:00.000Z,44.8676,-1.17374,6.24,N,D
2026-07-26T12:55:00.000Z,44.86953,-0.91648,18.05,N,D
2026-07-26T12:55:00.000Z,44.87037,-0.91153,16.09,N,D
2026-07-26T12:55:00.000Z,44.87399,-1.17884,3.96,N,D
2026-07-26T12:55:00.000Z,44.87731,-1.17998,3.26,N,D
2026-07-26T12:55:00.000Z,44.87905,-1.16999,5.82,N,D
2026-07-26T12:55:00.000Z,44.87953,-0.89891,12.06,N,D
2026-07-26T12:55:00.000Z,44.88237,-1.17113,5.82,N,D
2026-07-26T12:55:00.000Z,44.88582,-1.00596,3.6,N,D
2026-07-26T12:55:00.000Z,44.88667,-1.00099,10.96,N,D
2026-07-26T12:55:00.000Z,44.88952,-0.88135,5.46,N,D
2026-07-26T12:55:00.000Z,44.90104,-0.91665,10.71,N,D
2026-07-26T12:55:00.000Z,44.90176,-0.9536,3.25,N,D
2026-07-26T12:55:00.000Z,44.90351,-0.92273,12.51,N,D
2026-07-26T12:55:00.000Z,44.91014,-0.92497,5.49,N,D
2026-07-26T12:55:00.000Z,44.91177,-0.93601,15.53,N,D
2026-07-26T12:55:00.000Z,44.91195,-0.93901,12.6,N,D
2026-07-26T12:55:00.000Z,44.91593,-0.97708,6.1,N,D
2026-07-26T12:55:00.000Z,44.9212,-0.61097,3.33,N,D
2026-07-26T12:55:00.000Z,44.93028,-1.09775,5.96,N,D
2026-07-26T12:55:00.000Z,44.9309,-0.97165,53.29,N,D
2026-07-26T12:55:00.000Z,44.93336,-0.97774,23.7,N,D
2026-07-26T12:55:00.000Z,44.93361,-1.09888,6.85,N,D
2026-07-26T12:55:00.000Z,44.93421,-0.97278,18.49,N,D
2026-07-26T12:55:00.000Z,44.93446,-1.0939,6.85,N,D
2026-07-26T12:55:00.000Z,44.93704,-1.07895,15.62,N,D
2026-07-26T12:55:00.000Z,44.93753,-0.9739,18.49,N,D
2026-07-26T12:55:00.000Z,44.93838,-0.96894,18.49,N,D
2026-07-26T12:55:00.000Z,44.93864,-1.09005,15.95,N,D
2026-07-26T12:55:00.000Z,44.9395,-1.08507,15.95,N,D
2026-07-26T12:55:00.000Z,44.94036,-1.08009,15.62,N,D
2026-07-26T12:55:00.000Z,44.9471,-1.06131,6.03,N,D
2026-07-26T12:55:00.000Z,44.94796,-1.05633,6.03,N,D
2026-07-26T12:55:00.000Z,44.95725,-1.02264,4.6,N,D
2026-07-26T12:55:00.000Z,44.95971,-1.02874,9.07,N,D
2026-07-26T12:55:00.000Z,44.96056,-1.02377,36.75,N,D
2026-07-26T12:55:00.000Z,44.96227,-1.01383,38.94,N,D
2026-07-26T12:55:00.000Z,44.96312,-1.00886,38.94,N,D
2026-07-26T12:55:00.000Z,44.96388,-1.0249,36.75,N,D
2026-07-26T12:55:00.000Z,44.96473,-1.01993,36.75,N,D
2026-07-26T12:55:00.000Z,44.96558,-1.01496,38.94,N,D
2026-07-26T12:55:00.000Z,44.96643,-1.00999,38.94,N,D
2026-07-26T12:55:00.000Z,44.9672,-1.02603,4.83,N,D
2026-07-26T12:55:00.000Z,44.96805,-1.02106,4.83,N,D
2026-07-26T12:55:00.000Z,44.9689,-1.01609,14.69,N,D
2026-07-26T12:55:00.000Z,44.96898,-0.99509,5.23,N,D
2026-07-26T12:55:00.000Z,44.9706,-1.00615,7.0,N,D
2026-07-26T12:55:00.000Z,44.97145,-1.00118,7.0,N,D
2026-07-26T12:55:00.000Z,44.9723,-0.99621,12.09,N,D
2026-07-26T13:16:00.000Z,44.36914,-1.09451,8.3,N20,D
2026-07-26T13:16:00.000Z,44.37627,-1.09611,12.58,N20,D
2026-07-26T13:16:00.000Z,44.37916,-1.10259,12.58,N20,D
2026-07-26T13:16:00.000Z,44.38272,-1.1034,6.16,N20,D
2026-07-26T13:16:00.000Z,44.43166,-1.13937,7.12,N20,D
2026-07-26T13:16:00.000Z,44.71883,-0.84132,6.8,N20,D
2026-07-26T13:16:00.000Z,44.71951,-0.83545,35.0,N20,D
2026-07-26T13:16:00.000Z,44.72018,-0.82957,35.0,N20,D
2026-07-26T13:16:00.000Z,44.72086,-0.8237,10.93,N20,D
2026-07-26T13:16:00.000Z,44.72109,-0.85387,137.14,N20,D
2026-07-26T13:16:00.000Z,44.72244,-0.84213,20.78,N20,D
2026-07-26T13:16:00.000Z,44.72312,-0.83625,11.94,N20,D
2026-07-26T13:16:00.000Z,44.7238,-0.83038,11.94,N20,D
2026-07-26T13:16:00.000Z,44.7247,-0.85467,137.14,N20,D
2026-07-26T13:16:00.000Z,44.72538,-0.8488,20.78,N20,D
2026-07-26T13:16:00.000Z,44.72606,-0.84293,20.78,N20,D
2026-07-26T13:16:00.000Z,44.72673,-0.83706,11.94,N20,D
2026-07-26T13:16:00.000Z,44.72763,-0.86135,8.72,N20,D
2026-07-26T13:16:00.000Z,44.72831,-0.85547,8.72,N20,D
2026-07-26T13:16:00.000Z,44.72853,-0.88555,6.38,N20,D
2026-07-26T13:16:00.000Z,44.72921,-0.87971,6.38,N20,D
2026-07-26T13:16:00.000Z,44.72967,-0.84373,11.01,N20,D
2026-07-26T13:16:00.000Z,44.72989,-0.87386,17.44,N20,D
2026-07-26T13:16:00.000Z,44.73056,-0.86801,17.44,N20,D
2026-07-26T13:16:00.000Z,44.73146,-0.89221,20.04,N20,D
2026-07-26T13:16:00.000Z,44.73214,-0.88636,13.79,N20,D
2026-07-26T13:16:00.000Z,44.73282,-0.88051,13.79,N20,D
2026-07-26T13:16:00.000Z,44.73306,-0.81432,125.64,N20,D
2026-07-26T13:16:00.000Z,44.7335,-0.87466,6.73,N20,D
2026-07-26T13:16:00.000Z,44.73442,-0.80253,34.87,N20,D
2026-07-26T13:16:00.000Z,44.73507,-0.89302,20.04,N20,D
2026-07-26T13:16:00.000Z,44.73509,-0.79663,34.87,N20,D
2026-07-26T13:16:00.000Z,44.73534,-0.89505,6.98,N20,D
2026-07-26T13:16:00.000Z,44.73574,-0.88716,13.79,N20,D
2026-07-26T13:16:00.000Z,44.73577,-0.79072,8.77,N20,D
2026-07-26T13:16:00.000Z,44.736,-0.88919,6.98,N20,D
2026-07-26T13:16:00.000Z,44.736,-0.821,12.31,N20,D
2026-07-26T13:16:00.000Z,44.73643,-0.88131,13.79,N20,D
2026-07-26T13:16:00.000Z,44.73645,-0.78481,8.77,N20,D
2026-07-26T13:16:00.000Z,44.73736,-0.80922,125.64,N20,D
2026-07-26T13:16:00.000Z,44.73799,-0.89967,5.76,N20,D
2026-07-26T13:16:00.000Z,44.73804,-0.80333,34.87,N20,D
2026-07-26T13:16:00.000Z,44.73872,-0.79743,34.87,N20,D
2026-07-26T13:16:00.000Z,44.7394,-0.79152,8.77,N20,D
2026-07-26T13:16:00.000Z,44.73961,-0.8218,11.71,N20,D
2026-07-26T13:16:00.000Z,44.74007,-0.78561,8.77,N20,D
2026-07-26T13:16:00.000Z,44.7403,-0.81591,94.27,N20,D
2026-07-26T13:16:00.000Z,44.74097,-0.81002,94.27,N20,D
2026-07-26T13:16:00.000Z,44.74234,-0.79822,69.83,N20,D
2026-07-26T13:16:00.000Z,44.74344,-0.85279,25.0,N20,D
2026-07-26T13:16:00.000Z,44.74412,-0.84691,25.0,N20,D
2026-07-26T13:16:00.000Z,44.74421,-0.84889,28.09,N20,D
2026-07-26T13:16:00.000Z,44.74453,-0.81275,5.89,N20,D
2026-07-26T13:16:00.000Z,44.74459,-0.81081,94.27,N20,D
2026-07-26T13:16:00.000Z,44.7447,-1.0404,2.66,N20,D
2026-07-26T13:16:00.000Z,44.74519,-0.80685,5.89,N20,D
2026-07-26T13:16:00.000Z,44.74527,-0.80493,69.83,N20,D
2026-07-26T13:16:00.000Z,44.74584,-0.80094,9.68,N20,D
2026-07-26T13:16:00.000Z,44.74664,-0.7931,5.51,N20,D
2026-07-26T13:16:00.000Z,44.74669,-1.02302,7.17,N20,D
2026-07-26T13:16:00.000Z,44.74763,-1.047,47.68,N20,D
2026-07-26T13:16:00.000Z,44.74773,-0.84771,25.0,N20,D
2026-07-26T13:16:00.000Z,44.74782,-0.8497,36.81,N20,D
2026-07-26T13:16:00.000Z,44.74828,-1.04122,21.37,N20,D
2026-07-26T13:16:00.000Z,44.75027,-1.02383,5.66,N20,D
2026-07-26T13:16:00.000Z,44.75187,-1.04204,21.37,N20,D
2026-07-26T13:16:00.000Z,44.75253,-1.03626,21.37,N20,D
2026-07-26T13:16:00.000Z,44.7548,-1.04863,22.44,N20,D
2026-07-26T13:16:00.000Z,44.75546,-1.04285,42.61,N20,D
2026-07-26T13:16:00.000Z,44.75612,-1.03707,42.61,N20,D
2026-07-26T13:16:00.000Z,44.75668,-0.86975,2.05,N20,D
2026-07-26T13:16:00.000Z,44.75679,-1.03126,6.63,N20,D
2026-07-26T13:16:00.000Z,44.75734,-0.86387,3.63,N20,D
2026-07-26T13:16:00.000Z,44.75745,-1.02545,6.63,N20,D
2026-07-26T13:16:00.000Z,44.75823,-0.95408,8.29,N20,D
2026-07-26T13:16:00.000Z,44.75838,-1.04944,22.44,N20,D
2026-07-26T13:16:00.000Z,44.75917,-0.97818,63.73,N20,D
2026-07-26T13:16:00.000Z,44.75971,-1.03787,42.61,N20,D
2026-07-26T13:16:00.000Z,44.76028,-0.87056,6.38,N20,D
2026-07-26T13:16:00.000Z,44.76038,-1.03207,6.63,N20,D
2026-07-26T13:16:00.000Z,44.76095,-0.86467,6.91,N20,D
2026-07-26T13:16:00.000Z,44.7613,-1.05603,3.24,N20,D
2026-07-26T13:16:00.000Z,44.76183,-0.9549,8.29,N20,D
2026-07-26T13:16:00.000Z,44.76197,-1.05025,3.24,N20,D
2026-07-26T13:16:00.000Z,44.7621,-0.9848,19.76,N20,D
2026-07-26T13:16:00.000Z,44.76323,-0.87725,6.38,N20,D
2026-07-26T13:16:00.000Z,44.7633,-1.03868,44.61,N20,D
2026-07-26T13:16:00.000Z,44.76353,-0.90735,18.6,N20,D
2026-07-26T13:16:00.000Z,44.7639,-0.87137,6.38,N20,D
2026-07-26T13:16:00.000Z,44.76396,-1.03289,2.35,N20,D
2026-07-26T13:16:00.000Z,44.76419,-0.90149,16.35,N20,D
2026-07-26T13:16:00.000Z,44.76422,-1.06264,4.67,N20,D
2026-07-26T13:16:00.000Z,44.76488,-1.05685,3.24,N20,D
2026-07-26T13:16:00.000Z,44.7657,-0.98562,19.76,N20,D
2026-07-26T13:16:00.000Z,44.76618,-0.88393,17.3,N20,D
2026-07-26T13:16:00.000Z,44.76622,-1.04528,44.61,N20,D
2026-07-26T13:16:00.000Z,44.76647,-0.914,18.6,N20,D
2026-07-26T13:16:00.000Z,44.76684,-0.87806,27.14,N20,D
2026-07-26T13:16:00.000Z,44.76713,-0.90815,18.6,N20,D
2026-07-26T13:16:00.000Z,44.76751,-0.87219,27.14,N20,D
2026-07-26T13:16:00.000Z,44.7678,-0.9023,16.35,N20,D
2026-07-26T13:16:00.000Z,44.76912,-0.89059,17.3,N20,D
2026-07-26T13:16:00.000Z,44.76979,-0.88473,17.3,N20,D
2026-07-26T13:16:00.000Z,44.77045,-0.87887,27.14,N20,D
2026-07-26T13:16:00.000Z,44.77111,-0.87301,27.14,N20,D
2026-07-26T13:16:00.000Z,44.77262,-0.95731,12.3,N20,D
2026-07-26T13:16:00.000Z,44.77355,-0.98142,9.02,N20,D
2026-07-26T13:16:00.000Z,44.77422,-0.97561,7.75,N20,D
2026-07-26T13:16:00.000Z,44.77622,-0.95812,12.3,N20,D
2026-07-26T13:16:00.000Z,44.81731,-1.18862,5.95,N20,D
2026-07-26T13:16:00.000Z,44.82023,-1.19518,5.95,N20,D
2026-07-26T13:16:00.000Z,44.82088,-1.18944,5.95,N20,D
2026-07-26T13:16:00.000Z,44.83911,-0.93159,10.49,N20,D
2026-07-26T13:16:00.000Z,44.84021,-1.11692,3.56,N20,D
2026-07-26T13:16:00.000Z,44.84101,-0.97263,3.34,N20,D
2026-07-26T13:16:00.000Z,44.8415,-0.93674,6.37,N20,D
2026-07-26T13:16:00.000Z,44.84171,-0.9742,6.19,N20,D
2026-07-26T13:16:00.000Z,44.84218,-0.93088,5.37,N20,D
2026-07-26T13:16:00.000Z,44.84399,-0.98669,8.56,N20,D
2026-07-26T13:16:00.000Z,44.8453,-0.97501,6.19,N20,D
2026-07-26T13:16:00.000Z,44.84829,-1.14246,2.24,N20,D
2026-07-26T13:16:00.000Z,44.85287,-0.94067,28.3,N20,D
2026-07-26T13:16:00.000Z,44.85345,-1.00079,4.66,N20,D
2026-07-26T13:16:00.000Z,44.85353,-0.9348,28.3,N20,D
2026-07-26T13:16:00.000Z,44.85382,-0.96494,9.77,N20,D
2026-07-26T13:16:00.000Z,44.85389,-0.89872,5.51,N20,D
2026-07-26T13:16:00.000Z,44.85419,-0.92893,7.87,N20,D
2026-07-26T13:16:00.000Z,44.85515,-0.95322,23.67,N20,D
2026-07-26T13:16:00.000Z,44.85648,-0.94148,28.3,N20,D
2026-07-26T13:16:00.000Z,44.85684,-0.90541,28.72,N20,D
2026-07-26T13:16:00.000Z,44.85912,-0.91798,118.93,N20,D
2026-07-26T13:16:00.000Z,44.86045,-0.90622,28.72,N20,D
2026-07-26T13:16:00.000Z,44.86111,-0.90033,28.72,N20,D
2026-07-26T13:16:00.000Z,44.86339,-0.91291,115.83,N20,D
2026-07-26T13:16:00.000Z,44.86634,-0.91961,115.83,N20,D
2026-07-26T13:16:00.000Z,44.8664,-1.17624,4.43,N20,D
2026-07-26T13:16:00.000Z,44.87184,-0.96895,14.3,N20,D
2026-07-26T13:16:00.000Z,44.87477,-0.97561,69.33,N20,D
2026-07-26T13:16:00.000Z,44.87544,-0.96976,14.3,N20,D
2026-07-26T13:16:00.000Z,44.87621,-0.89769,26.86,N20,D
2026-07-26T13:16:00.000Z,44.87983,-0.8985,10.09,N20,D
2026-07-26T13:16:00.000Z,44.88131,-0.98308,46.76,N20,D
2026-07-26T13:16:00.000Z,44.88205,-1.16795,7.17,N20,D
2026-07-26T13:16:00.000Z,44.8865,-1.00221,13.53,N20,D
2026-07-26T13:16:00.000Z,44.89772,-0.96874,44.37,N20,D
2026-07-26T13:16:00.000Z,44.9031,-0.92179,13.01,N20,D
2026-07-26T13:16:00.000Z,44.90376,-0.91591,9.98,N20,D
2026-07-26T13:16:00.000Z,44.91257,-0.93596,17.97,N20,D
2026-07-26T13:16:00.000Z,44.91281,-0.9661,29.74,N20,D
2026-07-26T13:16:00.000Z,44.91506,-0.97864,9.75,N20,D
2026-07-26T13:16:00.000Z,44.91573,-0.97278,9.75,N20,D
2026-07-26T13:16:00.000Z,44.91641,-0.96692,7.84,N20,D
2026-07-26T13:16:00.000Z,44.93014,-0.97601,2.53,N20,D
2026-07-26T13:16:00.000Z,44.93023,-1.10165,5.46,N20,D
2026-07-26T13:16:00.000Z,44.93082,-0.97015,3.43,N20,D
2026-07-26T13:16:00.000Z,44.93092,-1.09585,5.46,N20,D
2026-07-26T13:16:00.000Z,44.93108,-1.10386,3.76,N20,D
2026-07-26T13:16:00.000Z,44.93174,-1.09804,5.31,N20,D
2026-07-26T13:16:00.000Z,44.93375,-0.97681,2.53,N20,D
2026-07-26T13:16:00.000Z,44.93443,-0.97095,3.43,N20,D
2026-07-26T13:16:00.000Z,44.93803,-0.97175,3.73,N20,D
2026-07-26T13:16:00.000Z,44.95073,-1.06053,6.32,N20,D
2026-07-26T13:16:00.000Z,44.95139,-1.0547,8.11,N20,D
2026-07-26T13:16:00.000Z,44.95631,-1.04384,4.24,N20,D
2026-07-26T13:16:00.000Z,44.96189,-1.02713,4.45,N20,D
2026-07-26T13:16:00.000Z,44.96256,-1.02127,7.8,N20,D
2026-07-26T13:16:00.000Z,44.96616,-1.02208,7.1,N20,D
2026-07-26T14:01:00.000Z,44.3693,-1.09945,8.63,N21,D
2026-07-26T14:01:00.000Z,44.37571,-1.10704,12.81,N21,D
2026-07-26T14:01:00.000Z,44.7206,-0.85519,27.03,N21,D
2026-07-26T14:01:00.000Z,44.72063,-0.83966,36.99,N21,D
2026-07-26T14:01:00.000Z,44.72066,-0.8319,25.29,N21,D
2026-07-26T14:01:00.000Z,44.72168,-0.85886,28.48,N21,D
2026-07-26T14:01:00.000Z,44.72174,-0.85113,28.48,N21,D
2026-07-26T14:01:00.000Z,44.7218,-0.84336,20.5,N21,D
2026-07-26T14:01:00.000Z,44.72186,-0.83562,20.5,N21,D
2026-07-26T14:01:00.000Z,44.72191,-0.82786,17.45,N21,D
2026-07-26T14:01:00.000Z,44.72709,-0.87841,15.71,N21,D
2026-07-26T14:01:00.000Z,44.72713,-0.86306,34.97,N21,D
2026-07-26T14:01:00.000Z,44.72716,-0.85531,34.97,N21,D
2026-07-26T14:01:00.000Z,44.72718,-0.84754,14.62,N21,D
2026-07-26T14:01:00.000Z,44.7272,-0.83981,14.62,N21,D
2026-07-26T14:01:00.000Z,44.72805,-0.88201,13.18,N21,D
2026-07-26T14:01:00.000Z,44.72823,-0.85897,16.18,N21,D
2026-07-26T14:01:00.000Z,44.72829,-0.85121,16.18,N21,D
2026-07-26T14:01:00.000Z,44.72835,-0.84346,15.16,N21,D
2026-07-26T14:01:00.000Z,44.73358,-0.89395,19.43,N21,D
2026-07-26T14:01:00.000Z,44.73361,-0.88623,19.43,N21,D
2026-07-26T14:01:00.000Z,44.73363,-0.87854,15.71,N21,D
2026-07-26T14:01:00.000Z,44.73382,-0.81655,28.11,N21,D
2026-07-26T14:01:00.000Z,44.73384,-0.80873,28.11,N21,D
2026-07-26T14:01:00.000Z,44.73386,-0.80093,88.42,N21,D
2026-07-26T14:01:00.000Z,44.73453,-0.88982,13.18,N21,D
2026-07-26T14:01:00.000Z,44.7346,-0.88212,13.18,N21,D
2026-07-26T14:01:00.000Z,44.73515,-0.81242,50.52,N21,D
2026-07-26T14:01:00.000Z,44.73521,-0.80464,50.52,N21,D
2026-07-26T14:01:00.000Z,44.73527,-0.79683,40.16,N21,D
2026-07-26T14:01:00.000Z,44.73533,-0.78897,40.16,N21,D
2026-07-26T14:01:00.000Z,44.74036,-0.8244,21.26,N21,D
2026-07-26T14:01:00.000Z,44.74039,-0.81661,39.72,N21,D
2026-07-26T14:01:00.000Z,44.74041,-0.80883,39.72,N21,D
2026-07-26T14:01:00.000Z,44.74044,-0.80104,73.09,N21,D
2026-07-26T14:01:00.000Z,44.74166,-0.82026,43.62,N21,D
2026-07-26T14:01:00.000Z,44.74172,-0.81246,48.77,N21,D
2026-07-26T14:01:00.000Z,44.74178,-0.80471,48.77,N21,D
2026-07-26T14:01:00.000Z,44.74184,-0.79687,19.92,N21,D
2026-07-26T14:01:00.000Z,44.7419,-0.78901,19.92,N21,D
2026-07-26T14:01:00.000Z,44.74682,-0.85553,10.74,N21,D
2026-07-26T14:01:00.000Z,44.74685,-0.84779,10.37,N21,D
2026-07-26T14:01:00.000Z,44.74698,-0.80893,39.72,N21,D
2026-07-26T14:01:00.000Z,44.74796,-0.85135,14.37,N21,D
2026-07-26T14:01:00.000Z,44.85163,-0.86433,9.3,N21,D
2026-07-26T14:31:00.000Z,44.7221,-0.84246,63.46,Aqua,D
2026-07-26T14:31:00.000Z,44.74389,-0.80169,222.82,Aqua,D
2026-07-27T01:32:00.000Z,44.73571,-0.81347,1.52,N20,N
2026-07-27T01:32:00.000Z,44.77559,-0.88832,1.21,N20,N
2026-07-27T01:32:00.000Z,44.77715,-0.88187,1.16,N20,N
2026-07-27T01:32:00.000Z,44.77764,-0.88806,1.79,N20,N
2026-07-27T01:32:00.000Z,44.87758,-0.98004,0.98,N20,N
2026-07-27T01:32:00.000Z,44.88014,-0.89721,1.11,N20,N
2026-07-27T01:32:00.000Z,44.88251,-0.896,0.8,N20,N
2026-07-27T01:32:00.000Z,44.89452,-0.87526,0.62,N20,N
2026-07-27T01:32:00.000Z,44.89899,-0.87455,0.62,N20,N
2026-07-27T02:17:00.000Z,44.72188,-0.85084,1.16,N21,N
2026-07-27T02:17:00.000Z,44.72289,-0.85617,1.11,N21,N
2026-07-27T02:17:00.000Z,44.7239,-0.8615,1.11,N21,N
2026-07-27T02:17:00.000Z,44.72429,-0.84423,1.16,N21,N
2026-07-27T02:17:00.000Z,44.7249,-0.86683,0.68,N21,N
2026-07-27T02:17:00.000Z,44.7283,-0.86556,0.68,N21,N
2026-07-27T02:17:00.000Z,44.72987,-0.79635,1.34,N21,N
2026-07-27T02:17:00.000Z,44.73088,-0.8017,1.34,N21,N
2026-07-27T02:17:00.000Z,44.73188,-0.80706,1.53,N21,N
2026-07-27T02:17:00.000Z,44.73289,-0.81241,1.53,N21,N
2026-07-27T02:17:00.000Z,44.73328,-0.79507,1.14,N21,N
2026-07-27T02:17:00.000Z,44.73429,-0.80043,1.14,N21,N
2026-07-27T02:17:00.000Z,44.7353,-0.80578,1.75,N21,N
2026-07-27T02:17:00.000Z,44.7363,-0.81113,1.75,N21,N
2026-07-27T02:17:00.000Z,44.7377,-0.79915,1.14,N21,N
2026-07-27T02:17:00.000Z,44.7387,-0.8045,1.75,N21,N
2026-07-27T02:17:00.000Z,44.73971,-0.80984,1.75,N21,N
2026-07-27T02:17:00.000Z,44.77218,-0.87661,1.31,N21,N
2026-07-27T02:17:00.000Z,44.77319,-0.88192,1.31,N21,N
2026-07-27T02:17:00.000Z,44.77559,-0.87533,1.31,N21,N
2026-07-27T02:17:00.000Z,44.7766,-0.88064,1.31,N21,N
2026-07-27T02:17:00.000Z,44.77761,-0.88596,0.83,N21,N
2026-07-27T02:17:00.000Z,44.85261,-0.89768,1.41,N21,N
2026-07-27T02:17:00.000Z,44.85601,-0.8964,1.14,N21,N
2026-07-27T02:17:00.000Z,44.85941,-0.89513,1.14,N21,N
2026-07-27T02:17:00.000Z,44.8604,-0.90044,1.07,N21,N
2026-07-27T02:17:00.000Z,44.8614,-0.90575,1.07,N21,N
2026-07-27T02:17:00.000Z,44.86281,-0.89386,1.11,N21,N
2026-07-27T02:17:00.000Z,44.8638,-0.89917,1.39,N21,N
2026-07-27T02:17:00.000Z,44.8648,-0.90448,1.39,N21,N
2026-07-27T02:17:00.000Z,44.87739,-0.8941,0.9,N21,N
2026-07-27T02:17:00.000Z,44.87872,-0.89144,1.27,N21,N
2026-07-27T02:17:00.000Z,44.87973,-0.89675,1.2,N21,N
2026-07-27T02:17:00.000Z,44.8798,-0.8875,1.24,N21,N
2026-07-27T02:17:00.000Z,44.88079,-0.89282,0.9,N21,N
2026-07-27T02:17:00.000Z,44.88178,-0.89814,0.9,N21,N
2026-07-27T02:17:00.000Z,44.88211,-0.89017,1.27,N21,N
2026-07-27T02:17:00.000Z,44.88312,-0.89548,1.2,N21,N
2026-07-27T02:17:00.000Z,44.8879,-0.88231,1.45,N21,N
2026-07-27T02:17:00.000Z,44.88827,-0.86508,0.79,N21,N
2026-07-27T02:17:00.000Z,44.88928,-0.8704,1.59,N21,N
2026-07-27T02:17:00.000Z,44.89029,-0.87572,1.59,N21,N
2026-07-27T02:17:00.000Z,44.8913,-0.88103,1.73,N21,N
2026-07-27T02:17:00.000Z,44.89167,-0.86381,0.79,N21,N
2026-07-27T02:17:00.000Z,44.89267,-0.86913,1.59,N21,N
2026-07-27T02:17:00.000Z,44.89368,-0.87444,1.59,N21,N
2026-07-27T02:17:00.000Z,44.89469,-0.87976,1.73,N21,N
2026-07-27T02:17:00.000Z,44.89607,-0.86785,2.61,N21,N
2026-07-27T02:17:00.000Z,44.89708,-0.87317,2.61,N21,N
2026-07-27T02:17:00.000Z,44.89808,-0.87848,1.05,N21,N
2026-07-27T02:53:00.000Z,44.7224,-0.86118,1.04,N,N
2026-07-27T02:53:00.000Z,44.72678,-0.859,1.12,N,N
2026-07-27T02:53:00.000Z,44.85514,-0.94069,1.1,N,N
2026-07-27T02:53:00.000Z,44.85671,-0.94691,1.1,N,N
2026-07-27T02:53:00.000Z,44.88209,-0.89224,1.09,N,N
2026-07-27T02:53:00.000Z,44.89635,-0.87097,1.66,N,N
2026-07-27T02:53:00.000Z,44.89791,-0.87721,1.83,N,N
2026-07-27T12:02:00.000Z,44.72287,-0.86057,7.01,N21,D
2026-07-27T12:02:00.000Z,44.73738,-0.80886,5.39,N21,D
2026-07-27T12:02:00.000Z,44.77819,-0.86784,6.46,N21,D
2026-07-27T12:02:00.000Z,44.77827,-0.88775,3.09,N21,D
2026-07-27T12:02:00.000Z,44.88502,-0.89677,2.6,N21,D
2026-07-27T12:38:00.000Z,44.72491,-0.86289,7.78,N,D
2026-07-27T12:38:00.000Z,44.73412,-0.8006,8.45,N,D
2026-07-27T12:38:00.000Z,44.75686,-0.98124,18.25,N,D
2026-07-27T12:38:00.000Z,44.77084,-0.89796,6.97,N,D
2026-07-27T12:38:00.000Z,44.77316,-1.21443,6.07,N,D
2026-07-27T12:38:00.000Z,44.77491,-1.21465,2.68,N,D
2026-07-27T12:38:00.000Z,44.77758,-0.88604,6.01,N,D
2026-07-27T12:38:00.000Z,44.77817,-0.8642,10.39,N,D
2026-07-27T12:38:00.000Z,44.78051,-0.87254,14.41,N,D
2026-07-27T12:38:00.000Z,44.883,-0.89383,20.59,N,D
2026-07-27T12:55:00.000Z,44.10258,-0.66193,5.3,N20,D
2026-07-27T12:55:00.000Z,44.10332,-0.6572,5.3,N20,D
2026-07-27T12:55:00.000Z,44.10597,-0.66183,3.69,N20,D
2026-07-27T12:57:00.000Z,44.72418,-0.86437,5.13,N20,D
2026-07-27T12:57:00.000Z,44.72493,-0.85959,5.14,N20,D
2026-07-27T12:57:00.000Z,44.73136,-0.79637,3.53,N20,D
2026-07-27T12:57:00.000Z,44.73313,-0.80694,5.25,N20,D
2026-07-27T12:57:00.000Z,44.7364,-0.80794,5.25,N20,D
2026-07-27T12:57:00.000Z,44.73714,-0.80316,5.51,N20,D
2026-07-27T12:57:00.000Z,44.7704,-0.89663,7.57,N20,D
2026-07-27T12:57:00.000Z,44.77171,-1.2138,4.22,N20,D
2026-07-27T12:57:00.000Z,44.77497,-1.21482,4.22,N20,D
2026-07-27T12:57:00.000Z,44.77516,-0.88806,2.47,N20,D
2026-07-27T12:57:00.000Z,44.77591,-0.88327,5.36,N20,D
2026-07-27T12:57:00.000Z,44.77665,-0.87848,5.36,N20,D
2026-07-27T12:57:00.000Z,44.7774,-0.87369,11.61,N20,D
2026-07-27T12:57:00.000Z,44.77815,-0.8689,11.61,N20,D
2026-07-27T12:57:00.000Z,44.77917,-0.88428,5.36,N20,D
2026-07-27T12:57:00.000Z,44.87342,-1.17762,4.19,N20,D
2026-07-27T12:57:00.000Z,44.87419,-1.17282,6.03,N20,D
2026-07-27T12:57:00.000Z,44.87982,-0.89767,6.9,N20,D
2026-07-27T12:57:00.000Z,44.88057,-0.89287,4.56,N20,D
2026-07-27T12:57:00.000Z,44.88383,-0.89387,19.44,N20,D
2026-07-27T12:57:00.000Z,44.93626,-1.10444,5.22,N20,D
2026-07-27T12:57:00.000Z,44.96919,-1.00382,3.91,N20,D
2026-07-27T13:44:00.000Z,44.72451,-0.86458,5.3,N21,D
2026-07-27T13:44:00.000Z,44.72472,-0.86013,5.3,N21,D
2026-07-27T13:44:00.000Z,44.77052,-0.89889,3.7,N21,D
2026-07-27T13:44:00.000Z,44.77595,-0.89497,3.75,N21,D
2026-07-27T13:44:00.000Z,44.77635,-0.88609,32.89,N21,D
2026-07-27T13:44:00.000Z,44.77655,-0.88163,32.89,N21,D
2026-07-27T13:44:00.000Z,44.77675,-0.87718,18.44,N21,D
2026-07-27T13:44:00.000Z,44.77695,-0.87273,18.44,N21,D
2026-07-27T13:44:00.000Z,44.78178,-0.8821,32.89,N21,D
2026-07-27T13:44:00.000Z,44.78199,-0.87763,18.44,N21,D
2026-07-27T13:44:00.000Z,44.78219,-0.87318,18.44,N21,D
2026-07-27T13:44:00.000Z,44.87347,-1.17615,3.65,N21,D
2026-07-27T13:44:00.000Z,44.88117,-0.89913,21.1,N21,D
2026-07-27T13:44:00.000Z,44.88137,-0.89467,19.52,N21,D
2026-07-27T13:44:00.000Z,44.88661,-0.89516,19.52,N21,D
2026-07-27T13:44:00.000Z,44.90941,-0.96868,5.35,N21,D
2026-07-27T13:44:00.000Z,44.90962,-0.96426,5.35,N21,D
2026-07-27T13:44:00.000Z,44.9161,-0.93817,1.6,N21,D
2026-07-27T13:44:00.000Z,44.93523,-1.10881,7.15,N21,D
2026-07-27T13:44:00.000Z,44.93911,-1.10819,4.5,N21,D
2026-07-27T14:18:00.000Z,44.7795,-0.87849,25.09,N,D
2026-07-27T14:20:00.000Z,44.72448,-0.86136,4.25,N,D
2026-07-27T14:20:00.000Z,44.77465,-0.87925,11.32,N,D
2026-07-27T14:20:00.000Z,44.7817,-0.86933,15.55,N,D
2026-07-27T14:20:00.000Z,44.7818,-0.87893,11.32,N,D
2026-07-27T14:20:00.000Z,44.88178,-0.89468,61.53,N,D
2026-07-27T14:20:00.000Z,44.88472,-0.89349,84.32,N,D
2026-07-27T14:20:00.000Z,44.88482,-0.9031,35.61,N,D
2026-07-27T14:20:00.000Z,44.90673,-0.95967,10.31,N,D
2026-07-27T14:20:00.000Z,44.90681,-0.96915,10.31,N,D
2026-07-27T15:09:00.000Z,44.72122,-0.86256,13.76,Aqua,D
2026-07-27T15:09:00.000Z,44.72971,-0.79982,10.24,Aqua,D
2026-07-27T15:09:00.000Z,44.77503,-0.88388,55.68,Aqua,D
2026-07-27T15:09:00.000Z,44.77672,-0.87133,36.89,Aqua,D
2026-07-27T15:09:00.000Z,44.87274,-1.17501,9.84,Aqua,D
2026-07-27T15:09:00.000Z,44.87347,-0.90293,8.8,Aqua,D
2026-07-27T15:09:00.000Z,44.87517,-0.89035,9.41,Aqua,D
2026-07-27T15:09:00.000Z,44.88227,-0.90531,35.3,Aqua,D
2026-07-27T15:09:00.000Z,44.88396,-0.89274,77.82,Aqua,D
2026-07-27T15:09:00.000Z,44.89816,-0.92264,11.67,Aqua,D
2026-07-27T15:09:00.000Z,44.90183,-0.96269,134.73,Aqua,D
2026-07-27T15:09:00.000Z,44.90891,-0.97762,22.51,Aqua,D
2026-07-27T15:09:00.000Z,44.91062,-0.96507,9.98,Aqua,D
2026-07-27T15:09:00.000Z,44.92984,-1.10688,36.7,Aqua,D
2026-07-27T15:09:00.000Z,44.94543,-1.05925,44.39,Aqua,D
2026-07-27T19:53:00.000Z,44.78007,-0.87591,11.37,Terra,N
2026-07-27T19:53:00.000Z,44.88033,-0.90142,8.89,Terra,N
2026-07-27T19:53:00.000Z,44.91098,-0.96937,6.81,Terra,N
2026-07-28T01:13:00.000Z,44.72034,-0.85332,1.22,N20,N
2026-07-28T01:13:00.000Z,44.72599,-0.85288,1.22,N20,N
2026-07-28T01:13:00.000Z,44.73875,-0.81246,1.26,N20,N
2026-07-28T01:13:00.000Z,44.87698,-1.1798,2.17,N20,N
2026-07-28T01:13:00.000Z,44.87771,-1.17966,1.76,N20,N
2026-07-28T01:13:00.000Z,44.88585,-0.89769,1.33,N20,N
2026-07-28T01:13:00.000Z,44.9328,-1.10323,1.07,N20,N
2026-07-28T01:13:00.000Z,44.93298,-1.10879,0.83,N20,N
2026-07-28T01:13:00.000Z,44.95008,-1.06137,1.17,N20,N
2026-07-28T01:13:00.000Z,44.95416,-1.05731,0.89,N20,N
2026-07-28T01:58:00.000Z,44.37074,-1.10931,1.05,N21,N
2026-07-28T01:58:00.000Z,44.71942,-0.85268,2.03,N21,N
2026-07-28T01:58:00.000Z,44.7227,-0.85174,4.43,N21,N
2026-07-28T01:58:00.000Z,44.72412,-0.86144,1.45,N21,N
2026-07-28T01:58:00.000Z,44.72944,-0.80436,0.88,N21,N
2026-07-28T01:58:00.000Z,44.73201,-0.79857,1.66,N21,N
2026-07-28T01:58:00.000Z,44.73273,-0.80342,0.88,N21,N
2026-07-28T01:58:00.000Z,44.73344,-0.80827,0.88,N21,N
2026-07-28T01:58:00.000Z,44.73601,-0.80248,1.2,N21,N
2026-07-28T01:58:00.000Z,44.73672,-0.80732,1.2,N21,N
2026-07-28T01:58:00.000Z,44.73743,-0.81217,1.56,N21,N
2026-07-28T01:58:00.000Z,44.7571,-0.99387,1.15,N21,N
2026-07-28T01:58:00.000Z,44.77228,-1.21863,1.96,N21,N
2026-07-28T01:58:00.000Z,44.77707,-0.87455,1.59,N21,N
2026-07-28T01:58:00.000Z,44.77777,-0.87941,1.59,N21,N
2026-07-28T01:58:00.000Z,44.77847,-0.88427,2.65,N21,N
2026-07-28T01:58:00.000Z,44.77964,-0.86875,0.71,N21,N
2026-07-28T01:58:00.000Z,44.78035,-0.87361,1.8,N21,N
2026-07-28T01:58:00.000Z,44.80908,-1.145,1.04,N21,N
2026-07-28T01:58:00.000Z,44.81293,-1.22051,1.74,N21,N
2026-07-28T01:58:00.000Z,44.81484,-1.20974,1.84,N21,N
2026-07-28T01:58:00.000Z,44.81554,-1.21467,1.84,N21,N
2026-07-28T01:58:00.000Z,44.84698,-1.17006,0.49,N21,N
2026-07-28T01:58:00.000Z,44.86496,-1.10375,1.14,N21,N
2026-07-28T01:58:00.000Z,44.87897,-0.89443,1.26,N21,N
2026-07-28T01:58:00.000Z,44.88226,-0.89349,1.26,N21,N
2026-07-28T01:58:00.000Z,44.88296,-0.89837,1.91,N21,N
2026-07-28T01:58:00.000Z,44.88554,-0.89256,1.35,N21,N
2026-07-28T01:58:00.000Z,44.89658,-0.87417,0.7,N21,N
2026-07-28T01:58:00.000Z,44.89729,-0.87905,0.7,N21,N
2026-07-28T01:58:00.000Z,44.90363,-0.92297,1.19,N21,N
2026-07-28T01:58:00.000Z,44.90552,-0.91226,0.76,N21,N
2026-07-28T01:58:00.000Z,44.90622,-0.91715,0.76,N21,N
2026-07-28T01:58:00.000Z,44.92964,-1.10427,2.89,N21,N
2026-07-28T01:58:00.000Z,44.93364,-1.10826,1.39,N21,N
2026-07-28T01:58:00.000Z,44.93624,-1.10241,1.67,N21,N
2026-07-28T01:58:00.000Z,44.95041,-1.05751,1.75,N21,N
2026-07-28T01:58:00.000Z,44.95112,-1.06242,0.68,N21,N
2026-07-28T01:58:00.000Z,44.96785,-1.01171,1.5,N21,N
2026-07-28T01:58:00.000Z,44.97115,-1.01077,1.36,N21,N
2026-07-28T02:34:00.000Z,44.72019,-0.84823,1.42,N,N
2026-07-28T02:34:00.000Z,44.72145,-0.85427,3.35,N,N
2026-07-28T02:34:00.000Z,44.72506,-0.85279,1.03,N,N
2026-07-28T02:34:00.000Z,44.73072,-0.8046,2.56,N,N
2026-07-28T02:34:00.000Z,44.77355,-1.21904,1.38,N,N
2026-07-28T02:34:00.000Z,44.77831,-0.88329,1.41,N,N
2026-07-28T02:34:00.000Z,44.77943,-0.86979,1.54,N,N
2026-07-28T02:34:00.000Z,44.78067,-0.8758,1.54,N,N
2026-07-28T02:34:00.000Z,44.81266,-1.14609,0.67,N,N
2026-07-28T02:34:00.000Z,44.81276,-1.22227,1.12,N,N
2026-07-28T02:34:00.000Z,44.81513,-1.21502,2.69,N,N
2026-07-28T02:34:00.000Z,44.84838,-1.16998,0.33,N,N
2026-07-28T02:34:00.000Z,44.87949,-0.89357,1.13,N,N
2026-07-28T02:34:00.000Z,44.88432,-0.89809,1.53,N,N
2026-07-28T02:34:00.000Z,44.93034,-1.10439,1.85,N,N
2026-07-28T02:34:00.000Z,44.93509,-1.10883,0.97,N,N
2026-07-28T02:34:00.000Z,44.93747,-1.1015,1.63,N,N
2026-07-28T02:34:00.000Z,44.95074,-1.05724,1.83,N,N
2026-07-28T02:34:00.000Z,44.95171,-1.05739,1.55,N,N
2026-07-28T02:34:00.000Z,44.96844,-1.01165,2.37,N,N
2026-07-28T02:34:00.000Z,44.97202,-1.0102,0.39,N,N
2026-07-28T02:53:00.000Z,44.7216,-0.85238,3.6,N20,N
2026-07-28T02:53:00.000Z,44.77295,-1.21998,0.86,N20,N
2026-07-28T02:53:00.000Z,44.77364,-1.21898,0.8,N20,N
2026-07-28T02:53:00.000Z,44.81792,-1.21263,1.03,N20,N
2026-07-28T02:53:00.000Z,44.9296,-1.10521,0.92,N20,N
2026-07-28T02:53:00.000Z,44.97126,-1.01086,1.15,N20,N
2026-07-28T09:26:00.000Z,44.8125,-1.20904,43.13,Terra,D
2026-07-28T09:26:00.000Z,44.81448,-1.22163,27.59,Terra,D
2026-07-28T09:26:00.000Z,44.87192,-1.17094,13.19,Terra,D
2026-07-28T09:26:00.000Z,44.94794,-1.06201,18.96,Terra,D
2026-07-28T11:45:00.000Z,44.21169,-0.29562,8.52,N21,D
2026-07-28T11:45:00.000Z,44.21389,-0.28887,8.52,N21,D
2026-07-28T11:45:00.000Z,44.21431,-0.29591,10.31,N21,D
2026-07-28T11:45:00.000Z,44.72193,-0.85019,5.54,N21,D
2026-07-28T11:45:00.000Z,44.72397,-0.84987,8.77,N21,D
2026-07-28T11:45:00.000Z,44.76031,-1.04682,2.56,N21,D
2026-07-28T11:45:00.000Z,44.81971,-1.21661,14.46,N21,D
2026-07-28T11:45:00.000Z,44.85832,-0.87759,188.6,N21,D
2026-07-28T11:45:00.000Z,44.85935,-0.88207,124.0,N21,D
2026-07-28T11:45:00.000Z,44.86059,-0.87072,98.76,N21,D
2026-07-28T11:45:00.000Z,44.86166,-0.87522,124.0,N21,D
2026-07-28T11:45:00.000Z,44.87139,-1.16939,17.63,N21,D
2026-07-28T11:45:00.000Z,44.87141,-1.1719,12.67,N21,D
2026-07-28T11:45:00.000Z,44.92959,-1.10713,9.44,N21,D
2026-07-28T11:45:00.000Z,44.95193,-1.06219,16.97,N21,D
2026-07-28T11:45:00.000Z,44.95428,-1.05522,19.99,N21,D
2026-07-28T12:19:00.000Z,44.21071,-0.29012,93.42,N,D
2026-07-28T12:19:00.000Z,44.72197,-0.84917,14.77,N,D
2026-07-28T12:19:00.000Z,44.7555,-0.98182,12.47,N,D
2026-07-28T12:19:00.000Z,44.75661,-0.95752,6.02,N,D
2026-07-28T12:19:00.000Z,44.75742,-0.97452,12.47,N,D
2026-07-28T12:19:00.000Z,44.81717,-1.22181,6.78,N,D
2026-07-28T12:19:00.000Z,44.81742,-1.21533,16.86,N,D
2026-07-28T12:19:00.000Z,44.81919,-1.21437,12.09,N,D
2026-07-28T12:19:00.000Z,44.84716,-1.16329,6.69,N,D
2026-07-28T12:19:00.000Z,44.84922,-1.16252,4.69,N,D
2026-07-28T12:19:00.000Z,44.8528,-0.90113,4.79,N,D
2026-07-28T12:19:00.000Z,44.85846,-0.87966,274.52,N,D
2026-07-28T12:19:00.000Z,44.86035,-0.87251,274.52,N,D
2026-07-28T12:19:00.000Z,44.86497,-0.8749,274.52,N,D
2026-07-28T12:19:00.000Z,44.86685,-0.86775,89.84,N,D
2026-07-28T12:19:00.000Z,44.87261,-1.17472,28.01,N,D
2026-07-28T12:19:00.000Z,44.90771,-0.94435,7.95,N,D
2026-07-28T12:19:00.000Z,44.90915,-0.94677,8.52,N,D
2026-07-28T12:19:00.000Z,44.95146,-1.05777,22.83,N,D
2026-07-28T12:19:00.000Z,44.95338,-1.05049,12.55,N,D
2026-07-28T12:38:00.000Z,44.21294,-0.28885,9.42,N20,D
2026-07-28T12:38:00.000Z,44.21535,-0.29591,62.81,N20,D
2026-07-28T12:38:00.000Z,44.21647,-0.2902,50.37,N20,D
2026-07-28T12:38:00.000Z,44.72193,-0.85073,18.89,N20,D
2026-07-28T12:38:00.000Z,44.73507,-0.88144,8.43,N20,D
2026-07-28T12:38:00.000Z,44.75178,-1.02458,16.31,N20,D
2026-07-28T12:38:00.000Z,44.75428,-0.97402,38.37,N20,D
2026-07-28T12:38:00.000Z,44.75665,-0.98139,14.47,N20,D
2026-07-28T12:38:00.000Z,44.75669,-0.96211,24.62,N20,D
2026-07-28T12:38:00.000Z,44.77166,-1.21473,4.05,N20,D
2026-07-28T12:38:00.000Z,44.77172,-1.19513,6.75,N20,D
2026-07-28T12:38:00.000Z,44.77533,-1.19656,6.75,N20,D
2026-07-28T12:38:00.000Z,44.81327,-1.21262,4.05,N20,D
2026-07-28T12:38:00.000Z,44.81562,-1.22018,11.6,N20,D
2026-07-28T12:38:00.000Z,44.81687,-1.2141,30.03,N20,D
2026-07-28T12:38:00.000Z,44.81698,-1.19448,3.76,N20,D
2026-07-28T12:38:00.000Z,44.81923,-1.22165,11.6,N20,D
2026-07-28T12:38:00.000Z,44.82058,-1.19594,4.5,N20,D
2026-07-28T12:38:00.000Z,44.84597,-1.16691,6.12,N20,D
2026-07-28T12:38:00.000Z,44.84903,-0.90385,9.69,N20,D
2026-07-28T12:38:00.000Z,44.8495,-0.90298,9.41,N20,D
2026-07-28T12:38:00.000Z,44.85022,-0.89796,9.69,N20,D
2026-07-28T12:38:00.000Z,44.85067,-0.89708,5.26,N20,D
2026-07-28T12:38:00.000Z,44.85236,-1.03982,7.49,N20,D
2026-07-28T12:38:00.000Z,44.85499,-0.87443,93.11,N20,D
2026-07-28T12:38:00.000Z,44.85855,-0.87584,93.11,N20,D
2026-07-28T12:38:00.000Z,44.85974,-0.86996,26.81,N20,D
2026-07-28T12:38:00.000Z,44.86092,-0.88313,288.9,N20,D
2026-07-28T12:38:00.000Z,44.86211,-0.87725,288.9,N20,D
2026-07-28T12:38:00.000Z,44.8633,-0.87136,290.34,N20,D
2026-07-28T12:38:00.000Z,44.86448,-0.88454,288.9,N20,D
2026-07-28T12:38:00.000Z,44.86567,-0.87865,288.9,N20,D
2026-07-28T12:38:00.000Z,44.86842,-0.02328,3.08,N20,D
2026-07-28T12:38:00.000Z,44.86878,-1.16957,5.98,N20,D
2026-07-28T12:38:00.000Z,44.86923,-0.88006,10.2,N20,D
2026-07-28T12:38:00.000Z,44.86948,-0.0178,3.08,N20,D
2026-07-28T12:38:00.000Z,44.87115,-1.17705,19.23,N20,D
2026-07-28T12:38:00.000Z,44.87237,-1.17103,11.72,N20,D
2026-07-28T12:38:00.000Z,44.94883,-1.0553,9.2,N20,D
2026-07-28T12:38:00.000Z,44.95241,-1.05673,29.77,N20,D
2026-07-28T12:38:00.000Z,44.96919,-1.01199,5.38,N20,D
2026-07-28T13:23:00.000Z,44.2103,-0.29295,69.43,N21,D
2026-07-28T13:23:00.000Z,44.21406,-0.29901,69.43,N21,D
2026-07-28T13:23:00.000Z,44.2145,-0.29362,69.43,N21,D
2026-07-28T13:23:00.000Z,44.21871,-0.2943,25.46,N21,D
2026-07-28T13:23:00.000Z,44.37922,-1.10381,15.5,N21,D
2026-07-28T13:23:00.000Z,44.72286,-0.85027,23.13,N21,D
2026-07-28T13:23:00.000Z,44.75245,-0.98624,11.07,N21,D
2026-07-28T13:23:00.000Z,44.75291,-0.98112,21.78,N21,D
2026-07-28T13:23:00.000Z,44.7533,-1.02272,13.92,N21,D
2026-07-28T13:23:00.000Z,44.75337,-0.97599,21.78,N21,D
2026-07-28T13:23:00.000Z,44.75384,-0.97086,10.08,N21,D
2026-07-28T13:23:00.000Z,44.75476,-0.96062,8.0,N21,D
2026-07-28T13:23:00.000Z,44.75562,-0.99718,2.05,N21,D
2026-07-28T13:23:00.000Z,44.75608,-0.99207,11.07,N21,D
2026-07-28T13:23:00.000Z,44.75653,-0.98697,11.07,N21,D
2026-07-28T13:23:00.000Z,44.757,-0.98184,21.78,N21,D
2026-07-28T13:23:00.000Z,44.75747,-0.97672,21.78,N21,D
2026-07-28T13:23:00.000Z,44.75793,-0.97161,10.08,N21,D
2026-07-28T13:23:00.000Z,44.75885,-0.96136,8.0,N21,D
2026-07-28T13:23:00.000Z,44.7634,-0.95698,5.12,N21,D
2026-07-28T13:23:00.000Z,44.77262,-1.21891,4.42,N21,D
2026-07-28T13:23:00.000Z,44.77306,-1.2139,4.42,N21,D
2026-07-28T13:23:00.000Z,44.7744,-1.19883,4.49,N21,D
2026-07-28T13:23:00.000Z,44.81396,-1.21622,11.21,N21,D
2026-07-28T13:23:00.000Z,44.81756,-1.22189,10.62,N21,D
2026-07-28T13:23:00.000Z,44.81802,-1.21691,11.21,N21,D
2026-07-28T13:23:00.000Z,44.81847,-1.2119,11.21,N21,D
2026-07-28T13:23:00.000Z,44.81983,-1.19689,3.59,N21,D
2026-07-28T13:23:00.000Z,44.82388,-1.19759,2.27,N21,D
2026-07-28T13:23:00.000Z,44.84736,-1.16601,10.76,N21,D
2026-07-28T13:23:00.000Z,44.85045,-0.90121,64.06,N21,D
2026-07-28T13:23:00.000Z,44.85411,-0.90711,24.68,N21,D
2026-07-28T13:23:00.000Z,44.8544,-1.04326,7.51,N21,D
2026-07-28T13:23:00.000Z,44.85641,-0.88109,26.29,N21,D
2026-07-28T13:23:00.000Z,44.86098,-0.8766,160.63,N21,D
2026-07-28T13:23:00.000Z,44.86144,-0.87138,34.94,N21,D
2026-07-28T13:23:00.000Z,44.8651,-0.87731,160.63,N21,D
2026-07-28T13:23:00.000Z,44.86556,-0.8721,34.94,N21,D
2026-07-28T13:23:00.000Z,44.86921,-0.87803,118.43,N21,D
2026-07-28T13:23:00.000Z,44.86953,-0.96765,31.02,N21,D
2026-07-28T13:23:00.000Z,44.86968,-0.87282,33.94,N21,D
2026-07-28T13:23:00.000Z,44.87108,-1.17659,23.34,N21,D
2026-07-28T13:23:00.000Z,44.87153,-1.17152,11.21,N21,D
2026-07-28T13:23:00.000Z,44.87514,-1.17729,8.76,N21,D
2026-07-28T13:23:00.000Z,44.88337,-0.98688,10.08,N21,D
2026-07-28T13:23:00.000Z,44.91019,-0.96535,10.37,N21,D
2026-07-28T13:23:00.000Z,44.95157,-1.0615,12.12,N21,D
2026-07-28T13:23:00.000Z,44.95203,-1.05639,12.12,N21,D
2026-07-28T13:59:00.000Z,44.21087,-0.29789,6.92,N,D
2026-07-28T13:59:00.000Z,44.21104,-0.29208,6.92,N,D
2026-07-28T13:59:00.000Z,44.21678,-0.29813,31.38,N,D
2026-07-28T13:59:00.000Z,44.21695,-0.2923,31.38,N,D
2026-07-28T13:59:00.000Z,44.38177,-1.10116,9.4,N,D
2026-07-28T13:59:00.000Z,44.71907,-0.85306,10.24,N,D
2026-07-28T13:59:00.000Z,44.75051,-0.97545,20.86,N,D
2026-07-28T13:59:00.000Z,44.75356,-1.02517,10.44,N,D
2026-07-28T13:59:00.000Z,44.75471,-0.99247,6.16,N,D
2026-07-28T13:59:00.000Z,44.75477,-1.0249,11.56,N,D
2026-07-28T13:59:00.000Z,44.75491,-0.98704,27.29,N,D
2026-07-28T13:59:00.000Z,44.7551,-0.98159,27.29,N,D
2026-07-28T13:59:00.000Z,44.75529,-0.97612,20.61,N,D
2026-07-28T13:59:00.000Z,44.75548,-0.97066,20.61,N,D
2026-07-28T13:59:00.000Z,44.75576,-0.99219,16.45,N,D
2026-07-28T13:59:00.000Z,44.75586,-0.95976,6.91,N,D
2026-07-28T13:59:00.000Z,44.75592,-0.98675,16.45,N,D
2026-07-28T13:59:00.000Z,44.75608,-0.98128,20.86,N,D
2026-07-28T13:59:00.000Z,44.75624,-0.97582,20.86,N,D
2026-07-28T13:59:00.000Z,44.75641,-0.97036,14.83,N,D
2026-07-28T13:59:00.000Z,44.75673,-0.95944,3.14,N,D
2026-07-28T13:59:00.000Z,44.81698,-1.21776,6.19,N,D
2026-07-28T13:59:00.000Z,44.81717,-1.21247,4.63,N,D
2026-07-28T13:59:00.000Z,44.84729,-1.16614,6.39,N,D
2026-07-28T13:59:00.000Z,44.84886,-1.16499,9.11,N,D
2026-07-28T13:59:00.000Z,44.8507,-0.90408,23.08,N,D
2026-07-28T13:59:00.000Z,44.85088,-0.89853,13.24,N,D
2026-07-28T13:59:00.000Z,44.8572,-0.88214,15.19,N,D
2026-07-28T13:59:00.000Z,44.8573,-0.8806,52.77,N,D
2026-07-28T13:59:00.000Z,44.8574,-0.87658,39.98,N,D
2026-07-28T13:59:00.000Z,44.85746,-0.87504,56.27,N,D
2026-07-28T13:59:00.000Z,44.86298,-0.88245,15.19,N,D
2026-07-28T13:59:00.000Z,44.86317,-0.8769,39.98,N,D
2026-07-28T13:59:00.000Z,44.86324,-0.87537,56.27,N,D
2026-07-28T13:59:00.000Z,44.86335,-0.87133,39.98,N,D
2026-07-28T13:59:00.000Z,44.86885,-0.88126,16.23,N,D
2026-07-28T13:59:00.000Z,44.86893,-0.8772,22.0,N,D
2026-07-28T13:59:00.000Z,44.86901,-0.8757,41.88,N,D
2026-07-28T13:59:00.000Z,44.86913,-0.87164,22.0,N,D
2026-07-28T13:59:00.000Z,44.86965,-1.17818,7.1,N,D
2026-07-28T13:59:00.000Z,44.86985,-1.1728,13.67,N,D
2026-07-28T13:59:00.000Z,44.87111,-1.18251,6.37,N,D
2026-07-28T13:59:00.000Z,44.87128,-1.17714,6.37,N,D
2026-07-28T13:59:00.000Z,44.87146,-1.17175,10.33,N,D
2026-07-28T13:59:00.000Z,44.87162,-0.966,4.08,N,D
2026-07-28T13:59:00.000Z,44.87199,-0.97016,2.35,N,D
2026-07-28T13:59:00.000Z,44.87534,-1.17843,7.1,N,D
2026-07-28T13:59:00.000Z,44.87697,-1.17741,6.37,N,D
2026-07-28T13:59:00.000Z,44.88284,-1.17239,3.3,N,D
2026-07-28T13:59:00.000Z,44.9082,-0.91696,8.23,N,D
2026-07-28T13:59:00.000Z,44.91221,-0.9724,6.71,N,D
2026-07-28T13:59:00.000Z,44.91238,-0.9669,7.68,N,D
2026-07-28T13:59:00.000Z,44.91256,-0.96141,7.68,N,D
2026-07-28T13:59:00.000Z,44.94962,-1.05671,11.01,N,D
2026-07-28T13:59:00.000Z,44.96202,-1.03007,3.09,N,D
2026-07-28T13:59:00.000Z,44.96285,-1.03276,5.25,N,D
2026-07-28T14:10:00.000Z,44.20832,-0.30023,126.83,Aqua,D
2026-07-28T14:10:00.000Z,44.21542,-0.30099,101.15,Aqua,D
2026-07-28T14:10:00.000Z,44.74353,-1.00729,37.13,Aqua,D
2026-07-28T14:10:00.000Z,44.7566,-0.96112,43.31,Aqua,D
2026-07-28T14:10:00.000Z,44.84276,-0.90451,41.81,Aqua,D
2026-07-28T14:10:00.000Z,44.8497,-0.91208,93.62,Aqua,D
2026-07-28T14:10:00.000Z,44.86242,-0.86705,116.75,Aqua,D
2026-07-28T15:46:00.000Z,44.84246,-0.91797,39.2,Aqua,D
2026-07-28T15:46:00.000Z,44.85878,-0.883,1115.19,Aqua,D
2026-07-28T15:46:00.000Z,44.86072,-0.84647,163.61,Aqua,D
2026-07-28T20:34:00.000Z,44.20938,-0.2974,10.23,Terra,N
2026-07-28T20:34:00.000Z,44.2183,-0.3049,11.31,Terra,N
2026-07-28T20:34:00.000Z,44.75163,-0.96236,20.89,Terra,N
2026-07-28T20:34:00.000Z,44.76138,-0.96439,11.98,Terra,N
2026-07-28T20:34:00.000Z,44.81683,-1.21634,11.68,Terra,N
2026-07-28T20:34:00.000Z,44.85344,-0.86241,14.06,Terra,N
2026-07-28T20:34:00.000Z,44.86165,-0.88007,47.72,Terra,N
2026-07-28T20:34:00.000Z,44.86326,-0.86439,45.57,Terra,N
2026-07-28T20:34:00.000Z,44.86985,-0.89771,15.19,Terra,N
2026-07-28T20:34:00.000Z,44.87147,-0.88205,56.96,Terra,N
2026-07-28T20:34:00.000Z,44.95408,-1.06334,9.98,Terra,N
2026-07-28T20:34:00.000Z,44.95701,-1.05455,9.64,Terra,N
2026-07-29T00:54:00.000Z,44.21884,-0.30023,4.19,N20,N
2026-07-29T00:54:00.000Z,44.21958,-0.30116,1.77,N20,N
2026-07-29T00:54:00.000Z,44.85622,-0.87471,1.74,N20,N
2026-07-29T00:54:00.000Z,44.85842,-0.87317,3.89,N20,N
2026-07-29T00:54:00.000Z,44.86317,-0.88405,3.28,N20,N
2026-07-29T00:54:00.000Z,44.86324,-0.8747,3.28,N20,N
2026-07-29T00:54:00.000Z,44.86541,-0.88253,4.37,N20,N
2026-07-29T00:54:00.000Z,44.86544,-0.87319,3.89,N20,N
2026-07-29T00:54:00.000Z,44.87019,-0.88405,3.28,N20,N
2026-07-29T00:54:00.000Z,44.87027,-0.87469,3.28,N20,N
2026-07-29T00:54:00.000Z,44.95027,-1.05965,1.74,N20,N
2026-07-29T01:39:00.000Z,44.20861,-0.29116,3.72,N21,N
2026-07-29T01:39:00.000Z,44.20929,-0.29733,2.3,N21,N
2026-07-29T01:39:00.000Z,44.21299,-0.29656,2.3,N21,N
2026-07-29T01:39:00.000Z,44.2167,-0.29579,2.55,N21,N
2026-07-29T01:39:00.000Z,44.2204,-0.29502,2.55,N21,N
2026-07-29T01:39:00.000Z,44.22108,-0.30118,2.55,N21,N
2026-07-29T01:39:00.000Z,44.72272,-0.85405,2.51,N21,N
2026-07-29T01:39:00.000Z,44.73313,-0.87911,2.42,N21,N
2026-07-29T01:39:00.000Z,44.75226,-1.02595,0.99,N21,N
2026-07-29T01:39:00.000Z,44.75367,-0.96378,3.93,N21,N
2026-07-29T01:39:00.000Z,44.75437,-0.97051,5.16,N21,N
2026-07-29T01:39:00.000Z,44.75681,-0.95628,2.52,N21,N
2026-07-29T01:39:00.000Z,44.75751,-0.963,2.52,N21,N
2026-07-29T01:39:00.000Z,44.76788,-1.2176,1.73,N21,N
2026-07-29T01:39:00.000Z,44.77176,-1.21684,1.73,N21,N
2026-07-29T01:39:00.000Z,44.81646,-1.22233,2.98,N21,N
2026-07-29T01:39:00.000Z,44.81967,-1.21463,2.11,N21,N
2026-07-29T01:39:00.000Z,44.83042,-1.16337,1.18,N21,N
2026-07-29T01:39:00.000Z,44.8343,-1.16256,1.18,N21,N
2026-07-29T01:39:00.000Z,44.84661,-1.16712,2.4,N21,N
2026-07-29T01:39:00.000Z,44.85531,-0.86817,3.58,N21,N
2026-07-29T01:39:00.000Z,44.85601,-0.87485,3.18,N21,N
2026-07-29T01:39:00.000Z,44.85844,-0.86074,3.58,N21,N
2026-07-29T01:39:00.000Z,44.85914,-0.86741,3.58,N21,N
2026-07-29T01:39:00.000Z,44.85984,-0.87408,3.18,N21,N
2026-07-29T01:39:00.000Z,44.86054,-0.88077,3.18,N21,N
2026-07-29T01:39:00.000Z,44.86111,-0.86672,3.12,N21,N
2026-07-29T01:39:00.000Z,44.86177,-0.87341,3.12,N21,N
2026-07-29T01:39:00.000Z,44.86245,-0.8801,1.88,N21,N
2026-07-29T01:39:00.000Z,44.86297,-0.86664,1.27,N21,N
2026-07-29T01:39:00.000Z,44.86367,-0.87332,2.87,N21,N
2026-07-29T01:39:00.000Z,44.86437,-0.88,2.87,N21,N
2026-07-29T01:39:00.000Z,44.8656,-0.87264,3.12,N21,N
2026-07-29T01:39:00.000Z,44.86627,-0.87933,1.88,N21,N
2026-07-29T01:39:00.000Z,44.86647,-0.90006,1.42,N21,N
2026-07-29T01:39:00.000Z,44.86761,-0.89272,2.79,N21,N
2026-07-29T01:39:00.000Z,44.86819,-0.87924,2.87,N21,N
2026-07-29T01:39:00.000Z,44.86828,-0.89943,2.79,N21,N
2026-07-29T01:39:00.000Z,44.86959,-0.8926,2.52,N21,N
2026-07-29T01:39:00.000Z,44.87011,-0.87856,10.83,N21,N
2026-07-29T01:39:00.000Z,44.8703,-0.8993,1.42,N21,N
2026-07-29T01:39:00.000Z,44.87077,-0.88526,10.83,N21,N
2026-07-29T01:39:00.000Z,44.87203,-0.87847,15.52,N21,N
2026-07-29T01:39:00.000Z,44.9055,-0.91939,2.72,N21,N
2026-07-29T01:39:00.000Z,44.93551,-1.10069,1.69,N21,N
2026-07-29T01:39:00.000Z,44.95073,-1.05582,5.14,N21,N
2026-07-29T01:39:00.000Z,44.96409,-1.03226,1.15,N21,N
2026-07-29T02:15:00.000Z,44.20885,-0.29113,1.79,N,N
2026-07-29T02:15:00.000Z,44.20967,-0.29594,1.79,N,N
2026-07-29T02:15:00.000Z,44.21296,-0.29486,1.57,N,N
2026-07-29T02:15:00.000Z,44.21624,-0.29378,1.57,N,N
2026-07-29T02:15:00.000Z,44.21706,-0.29859,2.74,N,N
2026-07-29T02:15:00.000Z,44.22035,-0.29751,1.82,N,N
2026-07-29T02:15:00.000Z,44.22117,-0.30232,1.82,N,N
2026-07-29T02:15:00.000Z,44.37255,-1.11033,0.68,N,N
2026-07-29T02:15:00.000Z,44.72034,-0.85299,1.37,N,N
2026-07-29T02:15:00.000Z,44.72263,-0.85029,2.21,N,N
2026-07-29T02:15:00.000Z,44.73465,-0.8818,1.79,N,N
2026-07-29T02:15:00.000Z,44.75196,-0.96714,1.79,N,N
2026-07-29T02:15:00.000Z,44.75275,-0.97194,1.79,N,N
2026-07-29T02:15:00.000Z,44.75352,-0.97674,1.16,N,N
2026-07-29T02:15:00.000Z,44.75446,-0.9613,1.46,N,N
2026-07-29T02:15:00.000Z,44.75474,-1.02682,0.95,N,N
2026-07-29T02:15:00.000Z,44.75524,-0.9661,2.24,N,N
2026-07-29T02:15:00.000Z,44.75602,-0.9709,2.24,N,N
2026-07-29T02:15:00.000Z,44.75695,-0.95545,1.46,N,N
2026-07-29T02:15:00.000Z,44.75774,-0.96025,1.46,N,N
2026-07-29T02:15:00.000Z,44.76855,-1.216,1.64,N,N
2026-07-29T02:15:00.000Z,44.76931,-1.2208,1.28,N,N
2026-07-29T02:15:00.000Z,44.77182,-1.21497,1.64,N,N
2026-07-29T02:15:00.000Z,44.77259,-1.21977,1.28,N,N
2026-07-29T02:15:00.000Z,44.81654,-1.21911,0.87,N,N
2026-07-29T02:15:00.000Z,44.8173,-1.22391,0.87,N,N
2026-07-29T02:15:00.000Z,44.81828,-1.20847,1.83,N,N
2026-07-29T02:15:00.000Z,44.81981,-1.21808,0.87,N,N
2026-07-29T02:15:00.000Z,44.82058,-1.22288,0.87,N,N
2026-07-29T02:15:00.000Z,44.83178,-1.16386,0.78,N,N
2026-07-29T02:15:00.000Z,44.83255,-1.16866,0.78,N,N
2026-07-29T02:15:00.000Z,44.83506,-1.16283,1.79,N,N
2026-07-29T02:15:00.000Z,44.84564,-1.16453,1.37,N,N
2026-07-29T02:15:00.000Z,44.85069,-0.90361,1.9,N,N
2026-07-29T02:15:00.000Z,44.85503,-0.8668,2.88,N,N
2026-07-29T02:15:00.000Z,44.85582,-0.87161,2.88,N,N
2026-07-29T02:15:00.000Z,44.85752,-0.86094,1.27,N,N
2026-07-29T02:15:00.000Z,44.85831,-0.86575,2.88,N,N
2026-07-29T02:15:00.000Z,44.85909,-0.87056,2.88,N,N
2026-07-29T02:15:00.000Z,44.85987,-0.87537,2.33,N,N
2026-07-29T02:15:00.000Z,44.86065,-0.88018,2.33,N,N
2026-07-29T02:15:00.000Z,44.86158,-0.8647,1.76,N,N
2026-07-29T02:15:00.000Z,44.86236,-0.86951,1.76,N,N
2026-07-29T02:15:00.000Z,44.86314,-0.87432,1.56,N,N
2026-07-29T02:15:00.000Z,44.86392,-0.87913,1.56,N,N
2026-07-29T02:15:00.000Z,44.86642,-0.87327,1.56,N,N
2026-07-29T02:15:00.000Z,44.86705,-0.89837,2.07,N,N
2026-07-29T02:15:00.000Z,44.8672,-0.87808,1.56,N,N
2026-07-29T02:15:00.000Z,44.86798,-0.88289,0.81,N,N
2026-07-29T02:15:00.000Z,44.86954,-0.89251,2.07,N,N
2026-07-29T02:15:00.000Z,44.87032,-0.89732,2.07,N,N
2026-07-29T02:15:00.000Z,44.87047,-0.87703,3.17,N,N
2026-07-29T02:15:00.000Z,44.87125,-0.88184,9.81,N,N
2026-07-29T02:15:00.000Z,44.87452,-0.88079,9.81,N,N
2026-07-29T02:15:00.000Z,44.90445,-0.91674,1.52,N,N
2026-07-29T02:15:00.000Z,44.90522,-0.92155,2.08,N,N
2026-07-29T02:15:00.000Z,44.93716,-1.09855,1.59,N,N
2026-07-29T02:15:00.000Z,44.93792,-1.10337,1.94,N,N
2026-07-29T02:15:00.000Z,44.95061,-1.05379,0.75,N,N
2026-07-29T02:15:00.000Z,44.95139,-1.05861,3.45,N,N
2026-07-29T02:15:00.000Z,44.96139,-1.03518,0.68,N,N
2026-07-29T02:15:00.000Z,44.96466,-1.03414,1.23,N,N
2026-07-29T02:15:00.000Z,44.96856,-1.01997,0.72,N,N
2026-07-29T02:15:00.000Z,44.97183,-1.01893,0.72,N,N
2026-07-29T02:34:00.000Z,44.20898,-0.29151,1.49,N20,N
2026-07-29T02:34:00.000Z,44.2101,-0.29641,1.6,N20,N
2026-07-29T02:34:00.000Z,44.21405,-0.29465,2.49,N20,N
2026-07-29T02:34:00.000Z,44.21912,-0.2978,2.49,N20,N
2026-07-29T02:34:00.000Z,44.22307,-0.29605,0.82,N20,N
2026-07-29T02:34:00.000Z,44.7214,-0.85197,2.59,N20,N
2026-07-29T02:34:00.000Z,44.72227,-0.85128,2.72,N20,N
2026-07-29T02:34:00.000Z,44.73674,-0.88297,1.53,N20,N
2026-07-29T02:34:00.000Z,44.73744,-0.88237,1.35,N20,N
2026-07-29T02:34:00.000Z,44.75157,-0.9661,1.96,N20,N
2026-07-29T02:34:00.000Z,44.75278,-0.97324,1.44,N20,N
2026-07-29T02:34:00.000Z,44.75305,-0.97291,1.96,N20,N
2026-07-29T02:34:00.000Z,44.75506,-0.96481,1.9,N20,N
2026-07-29T02:34:00.000Z,44.75536,-0.96446,1.96,N20,N
2026-07-29T02:34:00.000Z,44.75658,-0.97161,1.64,N20,N
2026-07-29T02:34:00.000Z,44.75734,-0.95639,1.9,N20,N
2026-07-29T02:34:00.000Z,44.75768,-0.95601,2.38,N20,N
2026-07-29T02:34:00.000Z,44.75886,-0.96319,1.9,N20,N
2026-07-29T02:34:00.000Z,44.75917,-0.96283,1.94,N20,N
2026-07-29T02:34:00.000Z,44.76895,-1.21664,2.48,N20,N
2026-07-29T02:34:00.000Z,44.77271,-1.21504,1.57,N20,N
2026-07-29T02:34:00.000Z,44.81834,-1.21721,3.06,N20,N
2026-07-29T02:34:00.000Z,44.81925,-1.21686,2.15,N20,N
2026-07-29T02:34:00.000Z,44.83302,-1.1673,1.43,N20,N
2026-07-29T02:34:00.000Z,44.83679,-1.16572,1.43,N20,N
2026-07-29T02:34:00.000Z,44.84577,-1.16915,2.11,N20,N
2026-07-29T02:34:00.000Z,44.84927,-0.90141,1.52,N20,N
2026-07-29T02:34:00.000Z,44.85678,-0.86141,3.76,N20,N
2026-07-29T02:34:00.000Z,44.85831,-0.86826,3.76,N20,N
2026-07-29T02:34:00.000Z,44.85983,-0.8751,4.24,N20,N
2026-07-29T02:34:00.000Z,44.86211,-0.8666,2.57,N20,N
2026-07-29T02:34:00.000Z,44.86363,-0.87344,3.69,N20,N
2026-07-29T02:34:00.000Z,44.86821,-0.89397,2.4,N20,N
2026-07-29T02:34:00.000Z,44.86896,-0.87863,3.69,N20,N
2026-07-29T02:34:00.000Z,44.87276,-0.87697,7.26,N20,N
2026-07-29T02:34:00.000Z,44.87428,-0.88381,5.14,N20,N
2026-07-29T02:34:00.000Z,44.90385,-0.9233,1.16,N20,N
2026-07-29T02:34:00.000Z,44.90614,-0.91483,0.99,N20,N
2026-07-29T02:34:00.000Z,44.90764,-0.92164,0.99,N20,N
2026-07-29T02:34:00.000Z,44.93868,-1.10024,1.88,N20,N
2026-07-29T02:34:00.000Z,44.95393,-1.05692,2.33,N20,N
2026-07-29T02:34:00.000Z,44.97067,-1.02019,0.62,N20,N
2026-07-29T03:19:00.000Z,44.84117,-1.16552,1.31,N21,N
2026-07-29T03:19:00.000Z,44.84561,-1.16718,1.7,N21,N
2026-07-29T03:19:00.000Z,44.8511,-0.89983,2.31,N21,N
2026-07-29T03:19:00.000Z,44.85502,-0.86711,3.2,N21,N
2026-07-29T03:19:00.000Z,44.85779,-0.87506,5.24,N21,N
2026-07-29T03:19:00.000Z,44.85887,-0.86997,5.92,N21,N
2026-07-29T03:19:00.000Z,44.86669,-0.87859,5.24,N21,N
2026-07-29T03:19:00.000Z,44.86946,-0.88652,6.43,N21,N
2026-07-29T03:19:00.000Z,44.87062,-0.88141,10.25,N21,N
2026-07-29T03:19:00.000Z,44.94891,-1.05995,1.0,N21,N
2026-07-29T03:42:00.000Z,44.86343,-0.8642,12.49,Aqua,N
2026-07-29T03:42:00.000Z,44.87233,-0.87833,16.44,Aqua,N
2026-07-29T10:06:00.000Z,44.74167,-1.01559,33.14,Terra,D
2026-07-29T10:06:00.000Z,44.74252,-1.0102,44.68,Terra,D
2026-07-29T10:06:00.000Z,44.75161,-1.04605,37.19,Terra,D
2026-07-29T12:00:00.000Z,44.75088,-1.0237,3.25,N,D
2026-07-29T12:00:00.000Z,44.75122,-1.02619,6.18,N,D
2026-07-29T12:00:00.000Z,44.75685,-1.02961,6.18,N,D
2026-07-29T12:00:00.000Z,44.86036,-0.87056,7.28,N,D
2026-07-29T12:19:00.000Z,44.72105,-0.85111,7.81,N20,D
2026-07-29T12:19:00.000Z,44.73377,-0.87792,4.99,N20,D
2026-07-29T12:19:00.000Z,44.75151,-1.02665,23.68,N20,D
2026-07-29T12:19:00.000Z,44.75586,-1.02876,14.43,N20,D
2026-07-29T12:19:00.000Z,44.76735,-1.21762,5.13,N20,D
2026-07-29T12:19:00.000Z,44.76894,-1.21128,5.13,N20,D
2026-07-29T12:19:00.000Z,44.77691,-0.88659,5.08,N20,D
2026-07-29T12:19:00.000Z,44.84512,-1.16392,4.7,N20,D
2026-07-29T12:19:00.000Z,44.85789,-0.87155,12.26,N20,D
2026-07-29T13:04:00.000Z,44.38271,-1.10173,4.1,N21,D
2026-07-29T13:04:00.000Z,44.72012,-0.84984,5.69,N21,D
2026-07-29T13:04:00.000Z,44.72351,-0.8507,9.37,N21,D
2026-07-29T13:04:00.000Z,44.73371,-0.88003,8.29,N21,D
2026-07-29T13:04:00.000Z,44.75286,-1.03014,13.17,N21,D
2026-07-29T13:04:00.000Z,44.75352,-1.025,13.17,N21,D
2026-07-29T13:04:00.000Z,44.75542,-0.95638,42.62,N21,D
2026-07-29T13:04:00.000Z,44.75608,-0.95123,42.62,N21,D
2026-07-29T13:04:00.000Z,44.75623,-1.03101,13.17,N21,D
2026-07-29T13:04:00.000Z,44.75675,-0.94608,12.79,N21,D
2026-07-29T13:06:00.000Z,44.76981,-1.21954,3.9,N21,D
2026-07-29T13:06:00.000Z,44.78191,-1.23321,1.72,N21,D
2026-07-29T13:06:00.000Z,44.82289,-1.22038,4.51,N21,D
2026-07-29T13:06:00.000Z,44.8546,-0.86679,5.81,N21,D
2026-07-29T13:06:00.000Z,44.85733,-0.87286,5.81,N21,D
2026-07-29T13:06:00.000Z,44.85799,-0.86766,5.81,N21,D
2026-07-29T13:06:00.000Z,44.86073,-0.87373,13.99,N21,D
2026-07-29T13:06:00.000Z,44.87637,-0.88849,47.5,N21,D
2026-07-29T13:06:00.000Z,44.87975,-0.88937,9.93,N21,D
2026-07-29T13:06:00.000Z,44.90422,-0.9171,9.68,N21,D
2026-07-29T13:40:00.000Z,44.72196,-0.85447,4.03,N,D
2026-07-29T13:40:00.000Z,44.72242,-0.84807,6.58,N,D
2026-07-29T13:40:00.000Z,44.73376,-0.88186,5.46,N,D
2026-07-29T13:40:00.000Z,44.75069,-1.02462,7.96,N,D
2026-07-29T13:40:00.000Z,44.75133,-0.95474,3.7,N,D
2026-07-29T13:40:00.000Z,44.75179,-0.94844,3.7,N,D
2026-07-29T13:40:00.000Z,44.7552,-1.02526,7.96,N,D
2026-07-29T13:40:00.000Z,44.75585,-0.95541,30.29,N,D
2026-07-29T13:40:00.000Z,44.75632,-0.9491,30.29,N,D
2026-07-29T13:40:00.000Z,44.76784,-1.21544,21.22,N,D
2026-07-29T13:40:00.000Z,44.76832,-1.20928,49.51,N,D
2026-07-29T13:40:00.000Z,44.76941,-1.21795,42.16,N,D
2026-07-29T13:40:00.000Z,44.76986,-1.21179,42.16,N,D
2026-07-29T13:40:00.000Z,44.7723,-1.21611,10.88,N,D
2026-07-29T13:40:00.000Z,44.77279,-1.20995,20.98,N,D
2026-07-29T13:40:00.000Z,44.84558,-1.1667,24.43,N,D
2026-07-29T13:40:00.000Z,44.85857,-0.86886,17.6,N,D
2026-07-29T13:40:00.000Z,44.87535,-0.89067,15.13,N,D
2026-07-29T13:59:00.000Z,44.71843,-0.85086,2.77,N20,D
2026-07-29T13:59:00.000Z,44.75246,-0.95232,16.36,N20,D
2026-07-29T13:59:00.000Z,44.75259,-0.94582,11.64,N20,D
2026-07-29T13:59:00.000Z,44.76544,-1.21086,10.09,N20,D
2026-07-29T13:59:00.000Z,44.77151,-1.21107,19.34,N20,D
2026-07-29T13:59:00.000Z,44.84628,-1.16586,9.87,N20,D
2026-07-29T13:59:00.000Z,44.85809,-0.87239,9.66,N20,D
2026-07-29T14:46:00.000Z,43.97758,-0.92992,13.26,Aqua,D
2026-07-29T14:46:00.000Z,44.74747,-0.95529,48.8,Aqua,D
2026-07-29T14:46:00.000Z,44.75033,-0.94013,14.99,Aqua,D
2026-07-29T14:46:00.000Z,44.75224,-1.03853,28.74,Aqua,D
2026-07-29T14:46:00.000Z,44.7551,-1.02328,34.67,Aqua,D
2026-07-29T14:46:00.000Z,44.757,-0.95885,42.05,Aqua,D
2026-07-29T14:46:00.000Z,44.75985,-0.9437,15.05,Aqua,D
2026-07-29T14:46:00.000Z,44.85747,-0.87424,15.07,Aqua,D
2026-07-29T19:34:00.000Z,44.77261,-1.21256,24.55,Terra,N
2026-07-30T01:22:00.000Z,44.75663,-0.947,4.01,N21,N
2026-07-30T01:22:00.000Z,44.75836,-0.94604,2.67,N21,N
2026-07-30T01:58:00.000Z,43.98092,-0.89513,1.96,N,N
2026-07-30T01:58:00.000Z,44.75315,-1.02528,2.03,N,N
2026-07-30T01:58:00.000Z,44.75385,-1.03113,2.03,N,N
2026-07-30T01:58:00.000Z,44.77111,-1.20914,1.95,N,N
2026-07-30T01:58:00.000Z,44.77181,-1.21508,1.24,N,N
2026-07-30T01:58:00.000Z,44.77475,-1.20828,1.95,N,N
2026-07-30T01:58:00.000Z,44.81676,-1.22246,1.0,N,N
2026-07-30T01:58:00.000Z,44.81761,-1.2229,2.02,N,N
2026-07-30T01:58:00.000Z,44.81903,-1.20963,1.57,N,N
2026-07-30T01:58:00.000Z,44.81983,-1.2101,2.1,N,N
2026-07-30T01:58:00.000Z,44.84401,-1.16703,1.42,N,N
2026-07-30T01:58:00.000Z,44.84765,-1.16619,1.42,N,N
2026-07-30T01:58:00.000Z,44.96598,-0.69877,4.8,N,N
2026-07-30T01:58:00.000Z,44.96693,-0.69673,2.89,N,N
2026-07-30T02:15:00.000Z,44.73576,-0.8818,0.43,N20,N
2026-07-30T02:15:00.000Z,44.75117,-1.02826,1.05,N20,N
2026-07-30T02:15:00.000Z,44.75204,-1.03318,0.75,N20,N
2026-07-30T02:15:00.000Z,44.7536,-1.0222,1.31,N20,N
2026-07-30T02:15:00.000Z,44.75447,-1.02712,1.31,N20,N
2026-07-30T02:15:00.000Z,44.75533,-1.03204,1.64,N20,N
2026-07-30T02:15:00.000Z,44.75791,-0.94752,2.29,N20,N
2026-07-30T02:15:00.000Z,44.8217,-1.2121,0.83,N20,N
2026-07-30T02:15:00.000Z,44.84447,-1.16279,0.66,N20,N
2026-07-30T02:15:00.000Z,44.84532,-1.1677,0.37,N20,N
2026-07-30T02:15:00.000Z,44.84861,-1.16656,0.31,N20,N
2026-07-30T02:15:00.000Z,44.87189,-0.96897,0.99,N20,N
2026-07-30T02:15:00.000Z,44.96572,-0.69688,1.21,N20,N
2026-07-30T12:46:00.000Z,44.8445,-1.16715,5.21,N21,D
2026-07-30T12:46:00.000Z,44.92064,-0.6092,2.81,N21,D
2026-07-30T12:46:00.000Z,45.39743,0.00839,3.81,N21,D
2026-07-30T12:46:00.000Z,45.40069,0.00733,3.81,N21,D
2026-07-30T13:23:00.000Z,44.77258,-1.20988,2.8,N,D
2026-07-30T13:23:00.000Z,44.84455,-1.16794,5.93,N,D
2026-07-30T13:23:00.000Z,44.84521,-1.16211,5.93,N,D
2026-07-30T13:42:00.000Z,44.8438,-1.16813,7.36,N20,D
2026-07-30T13:42:00.000Z,44.84426,-1.16067,5.8,N20,D
2026-07-30T15:24:00.000Z,44.76799,-1.21611,10.24,Aqua,D
2026-07-30T15:24:00.000Z,44.84425,-1.17023,15.47,Aqua,D
2026-07-31T01:37:00.000Z,44.76955,-1.20414,1.45,N,N
2026-07-31T01:37:00.000Z,44.76987,-1.2033,0.56,N,N
2026-07-31T13:04:00.000Z,44.76598,-1.21094,8.71,N,D
2026-07-31T13:04:00.000Z,44.76849,-1.21679,7.31,N,D
2026-07-31T13:04:00.000Z,44.76926,-1.21197,8.71,N,D
2026-07-31T13:23:00.000Z,44.76521,-1.21151,12.88,N20,D
2026-08-01T02:24:00.000Z,44.77173,-1.20464,0.97,N21,N
