horodatage_utc,latitude,longitude,indice_qualite_air_europeen
2026-07-22T00:00:00.000Z,43.6,-1.4,23.0
2026-07-22T00:00:00.000Z,43.6,-1.0,22.0
2026-07-22T00:00:00.000Z,43.6,-0.6,23.0
2026-07-22T00:00:00.000Z,43.6,-0.2,25.0
2026-07-22T00:00:00.000Z,44.0,-1.4,33.0
2026-07-22T00:00:00.000Z,44.0,-1.0,30.0
2026-07-22T00:00:00.000Z,44.0,-0.6,30.0
2026-07-22T00:00:00.000Z,44.0,-0.2,31.0
2026-07-22T00:00:00.000Z,44.4,-1.4,34.0
2026-07-22T00:00:00.000Z,44.4,-1.0,31.0
2026-07-22T00:00:00.000Z,44.4,-0.6,33.0
2026-07-22T00:00:00.000Z,44.4,-0.2,29.0
2026-07-22T00:00:00.000Z,44.8,-1.4,33.0
2026-07-22T00:00:00.000Z,44.8,-1.0,32.0
2026-07-22T00:00:00.000Z,44.8,-0.6,33.0
2026-07-22T00:00:00.000Z,44.8,-0.2,32.0
2026-07-22T00:00:00.000Z,45.2,-1.4,36.0
2026-07-22T00:00:00.000Z,45.2,-1.0,31.0
2026-07-22T00:00:00.000Z,45.2,-0.6,31.0
2026-07-22T00:00:00.000Z,45.2,-0.2,32.0
2026-07-22T01:00:00.000Z,43.6,-1.4,24.0
2026-07-22T01:00:00.000Z,43.6,-1.0,23.0
2026-07-22T01:00:00.000Z,43.6,-0.6,22.0
2026-07-22T01:00:00.000Z,43.6,-0.2,23.0
2026-07-22T01:00:00.000Z,44.0,-1.4,32.0
2026-07-22T01:00:00.000Z,44.0,-1.0,28.0
2026-07-22T01:00:00.000Z,44.0,-0.6,29.0
2026-07-22T01:00:00.000Z,44.0,-0.2,30.0
2026-07-22T01:00:00.000Z,44.4,-1.4,33.0
2026-07-22T01:00:00.000Z,44.4,-1.0,29.0
2026-07-22T01:00:00.000Z,44.4,-0.6,31.0
2026-07-22T01:00:00.000Z,44.4,-0.2,27.0
2026-07-22T01:00:00.000Z,44.8,-1.4,32.0
2026-07-22T01:00:00.000Z,44.8,-1.0,30.0
2026-07-22T01:00:00.000Z,44.8,-0.6,32.0
2026-07-22T01:00:00.000Z,44.8,-0.2,30.0
2026-07-22T01:00:00.000Z,45.2,-1.4,35.0
2026-07-22T01:00:00.000Z,45.2,-1.0,30.0
2026-07-22T01:00:00.000Z,45.2,-0.6,30.0
2026-07-22T01:00:00.000Z,45.2,-0.2,30.0
2026-07-22T02:00:00.000Z,43.6,-1.4,22.0
2026-07-22T02:00:00.000Z,43.6,-1.0,22.0
2026-07-22T02:00:00.000Z,43.6,-0.6,21.0
2026-07-22T02:00:00.000Z,43.6,-0.2,22.0
2026-07-22T02:00:00.000Z,44.0,-1.4,30.0
2026-07-22T02:00:00.000Z,44.0,-1.0,28.0
2026-07-22T02:00:00.000Z,44.0,-0.6,27.0
2026-07-22T02:00:00.000Z,44.0,-0.2,29.0
2026-07-22T02:00:00.000Z,44.4,-1.4,32.0
2026-07-22T02:00:00.000Z,44.4,-1.0,29.0
2026-07-22T02:00:00.000Z,44.4,-0.6,31.0
2026-07-22T02:00:00.000Z,44.4,-0.2,26.0
2026-07-22T02:00:00.000Z,44.8,-1.4,31.0
2026-07-22T02:00:00.000Z,44.8,-1.0,30.0
2026-07-22T02:00:00.000Z,44.8,-0.6,30.0
2026-07-22T02:00:00.000Z,44.8,-0.2,29.0
2026-07-22T02:00:00.000Z,45.2,-1.4,34.0
2026-07-22T02:00:00.000Z,45.2,-1.0,29.0
2026-07-22T02:00:00.000Z,45.2,-0.6,29.0
2026-07-22T02:00:00.000Z,45.2,-0.2,27.0
2026-07-22T03:00:00.000Z,43.6,-1.4,22.0
2026-07-22T03:00:00.000Z,43.6,-1.0,21.0
2026-07-22T03:00:00.000Z,43.6,-0.6,21.0
2026-07-22T03:00:00.000Z,43.6,-0.2,22.0
2026-07-22T03:00:00.000Z,44.0,-1.4,28.0
2026-07-22T03:00:00.000Z,44.0,-1.0,27.0
2026-07-22T03:00:00.000Z,44.0,-0.6,26.0
2026-07-22T03:00:00.000Z,44.0,-0.2,28.0
2026-07-22T03:00:00.000Z,44.4,-1.4,30.0
2026-07-22T03:00:00.000Z,44.4,-1.0,28.0
2026-07-22T03:00:00.000Z,44.4,-0.6,30.0
2026-07-22T03:00:00.000Z,44.4,-0.2,25.0
2026-07-22T03:00:00.000Z,44.8,-1.4,30.0
2026-07-22T03:00:00.000Z,44.8,-1.0,28.0
2026-07-22T03:00:00.000Z,44.8,-0.6,29.0
2026-07-22T03:00:00.000Z,44.8,-0.2,28.0
2026-07-22T03:00:00.000Z,45.2,-1.4,34.0
2026-07-22T03:00:00.000Z,45.2,-1.0,28.0
2026-07-22T03:00:00.000Z,45.2,-0.6,28.0
2026-07-22T03:00:00.000Z,45.2,-0.2,27.0
2026-07-22T04:00:00.000Z,43.6,-1.4,21.0
2026-07-22T04:00:00.000Z,43.6,-1.0,20.0
2026-07-22T04:00:00.000Z,43.6,-0.6,20.0
2026-07-22T04:00:00.000Z,43.6,-0.2,20.0
2026-07-22T04:00:00.000Z,44.0,-1.4,28.0
2026-07-22T04:00:00.000Z,44.0,-1.0,26.0
2026-07-22T04:00:00.000Z,44.0,-0.6,25.0
2026-07-22T04:00:00.000Z,44.0,-0.2,27.0
2026-07-22T04:00:00.000Z,44.4,-1.4,30.0
2026-07-22T04:00:00.000Z,44.4,-1.0,27.0
2026-07-22T04:00:00.000Z,44.4,-0.6,28.0
2026-07-22T04:00:00.000Z,44.4,-0.2,26.0
2026-07-22T04:00:00.000Z,44.8,-1.4,30.0
2026-07-22T04:00:00.000Z,44.8,-1.0,27.0
2026-07-22T04:00:00.000Z,44.8,-0.6,28.0
2026-07-22T04:00:00.000Z,44.8,-0.2,27.0
2026-07-22T04:00:00.000Z,45.2,-1.4,33.0
2026-07-22T04:00:00.000Z,45.2,-1.0,27.0
2026-07-22T04:00:00.000Z,45.2,-0.6,27.0
2026-07-22T04:00:00.000Z,45.2,-0.2,26.0
2026-07-22T05:00:00.000Z,43.6,-1.4,21.0
2026-07-22T05:00:00.000Z,43.6,-1.0,20.0
2026-07-22T05:00:00.000Z,43.6,-0.6,19.0
2026-07-22T05:00:00.000Z,43.6,-0.2,18.0
2026-07-22T05:00:00.000Z,44.0,-1.4,27.0
2026-07-22T05:00:00.000Z,44.0,-1.0,24.0
2026-07-22T05:00:00.000Z,44.0,-0.6,24.0
2026-07-22T05:00:00.000Z,44.0,-0.2,25.0
2026-07-22T05:00:00.000Z,44.4,-1.4,30.0
2026-07-22T05:00:00.000Z,44.4,-1.0,26.0
2026-07-22T05:00:00.000Z,44.4,-0.6,27.0
2026-07-22T05:00:00.000Z,44.4,-0.2,25.0
2026-07-22T05:00:00.000Z,44.8,-1.4,30.0
2026-07-22T05:00:00.000Z,44.8,-1.0,25.0
2026-07-22T05:00:00.000Z,44.8,-0.6,26.0
2026-07-22T05:00:00.000Z,44.8,-0.2,26.0
2026-07-22T05:00:00.000Z,45.2,-1.4,32.0
2026-07-22T05:00:00.000Z,45.2,-1.0,25.0
2026-07-22T05:00:00.000Z,45.2,-0.6,26.0
2026-07-22T05:00:00.000Z,45.2,-0.2,26.0
2026-07-22T06:00:00.000Z,43.6,-1.4,20.0
2026-07-22T06:00:00.000Z,43.6,-1.0,18.0
2026-07-22T06:00:00.000Z,43.6,-0.6,18.0
2026-07-22T06:00:00.000Z,43.6,-0.2,18.0
2026-07-22T06:00:00.000Z,44.0,-1.4,27.0
2026-07-22T06:00:00.000Z,44.0,-1.0,24.0
2026-07-22T06:00:00.000Z,44.0,-0.6,24.0
2026-07-22T06:00:00.000Z,44.0,-0.2,24.0
2026-07-22T06:00:00.000Z,44.4,-1.4,29.0
2026-07-22T06:00:00.000Z,44.4,-1.0,26.0
2026-07-22T06:00:00.000Z,44.4,-0.6,26.0
2026-07-22T06:00:00.000Z,44.4,-0.2,22.0
2026-07-22T06:00:00.000Z,44.8,-1.4,29.0
2026-07-22T06:00:00.000Z,44.8,-1.0,25.0
2026-07-22T06:00:00.000Z,44.8,-0.6,25.0
2026-07-22T06:00:00.000Z,44.8,-0.2,25.0
2026-07-22T06:00:00.000Z,45.2,-1.4,31.0
2026-07-22T06:00:00.000Z,45.2,-1.0,25.0
2026-07-22T06:00:00.000Z,45.2,-0.6,26.0
2026-07-22T06:00:00.000Z,45.2,-0.2,26.0
2026-07-22T07:00:00.000Z,43.6,-1.4,21.0
2026-07-22T07:00:00.000Z,43.6,-1.0,18.0
2026-07-22T07:00:00.000Z,43.6,-0.6,18.0
2026-07-22T07:00:00.000Z,43.6,-0.2,18.0
2026-07-22T07:00:00.000Z,44.0,-1.4,26.0
2026-07-22T07:00:00.000Z,44.0,-1.0,24.0
2026-07-22T07:00:00.000Z,44.0,-0.6,24.0
2026-07-22T07:00:00.000Z,44.0,-0.2,24.0
2026-07-22T07:00:00.000Z,44.4,-1.4,29.0
2026-07-22T07:00:00.000Z,44.4,-1.0,26.0
2026-07-22T07:00:00.000Z,44.4,-0.6,25.0
2026-07-22T07:00:00.000Z,44.4,-0.2,24.0
2026-07-22T07:00:00.000Z,44.8,-1.4,30.0
2026-07-22T07:00:00.000Z,44.8,-1.0,26.0
2026-07-22T07:00:00.000Z,44.8,-0.6,26.0
2026-07-22T07:00:00.000Z,44.8,-0.2,26.0
2026-07-22T07:00:00.000Z,45.2,-1.4,31.0
2026-07-22T07:00:00.000Z,45.2,-1.0,25.0
2026-07-22T07:00:00.000Z,45.2,-0.6,26.0
2026-07-22T07:00:00.000Z,45.2,-0.2,27.0
2026-07-22T08:00:00.000Z,43.6,-1.4,24.0
2026-07-22T08:00:00.000Z,43.6,-1.0,22.0
2026-07-22T08:00:00.000Z,43.6,-0.6,22.0
2026-07-22T08:00:00.000Z,43.6,-0.2,20.0
2026-07-22T08:00:00.000Z,44.0,-1.4,28.0
2026-07-22T08:00:00.000Z,44.0,-1.0,26.0
2026-07-22T08:00:00.000Z,44.0,-0.6,26.0
2026-07-22T08:00:00.000Z,44.0,-0.2,26.0
2026-07-22T08:00:00.000Z,44.4,-1.4,30.0
2026-07-22T08:00:00.000Z,44.4,-1.0,27.0
2026-07-22T08:00:00.000Z,44.4,-0.6,27.0
2026-07-22T08:00:00.000Z,44.4,-0.2,26.0
2026-07-22T08:00:00.000Z,44.8,-1.4,31.0
2026-07-22T08:00:00.000Z,44.8,-1.0,28.0
2026-07-22T08:00:00.000Z,44.8,-0.6,28.0
2026-07-22T08:00:00.000Z,44.8,-0.2,28.0
2026-07-22T08:00:00.000Z,45.2,-1.4,33.0
2026-07-22T08:00:00.000Z,45.2,-1.0,26.0
2026-07-22T08:00:00.000Z,45.2,-0.6,28.0
2026-07-22T08:00:00.000Z,45.2,-0.2,29.0
2026-07-22T09:00:00.000Z,43.6,-1.4,28.0
2026-07-22T09:00:00.000Z,43.6,-1.0,26.0
2026-07-22T09:00:00.000Z,43.6,-0.6,26.0
2026-07-22T09:00:00.000Z,43.6,-0.2,26.0
2026-07-22T09:00:00.000Z,44.0,-1.4,30.0
2026-07-22T09:00:00.000Z,44.0,-1.0,28.0
2026-07-22T09:00:00.000Z,44.0,-0.6,28.0
2026-07-22T09:00:00.000Z,44.0,-0.2,28.0
2026-07-22T09:00:00.000Z,44.4,-1.4,32.0
2026-07-22T09:00:00.000Z,44.4,-1.0,30.0
2026-07-22T09:00:00.000Z,44.4,-0.6,30.0
2026-07-22T09:00:00.000Z,44.4,-0.2,29.0
2026-07-22T09:00:00.000Z,44.8,-1.4,33.0
2026-07-22T09:00:00.000Z,44.8,-1.0,31.0
2026-07-22T09:00:00.000Z,44.8,-0.6,31.0
2026-07-22T09:00:00.000Z,44.8,-0.2,31.0
2026-07-22T09:00:00.000Z,45.2,-1.4,34.0
2026-07-22T09:00:00.000Z,45.2,-1.0,31.0
2026-07-22T09:00:00.000Z,45.2,-0.6,32.0
2026-07-22T09:00:00.000Z,45.2,-0.2,32.0
2026-07-22T10:00:00.000Z,43.6,-1.4,32.0
2026-07-22T10:00:00.000Z,43.6,-1.0,31.0
2026-07-22T10:00:00.000Z,43.6,-0.6,30.0
2026-07-22T10:00:00.000Z,43.6,-0.2,30.0
2026-07-22T10:00:00.000Z,44.0,-1.4,33.0
2026-07-22T10:00:00.000Z,44.0,-1.0,32.0
2026-07-22T10:00:00.000Z,44.0,-0.6,32.0
2026-07-22T10:00:00.000Z,44.0,-0.2,33.0
2026-07-22T10:00:00.000Z,44.4,-1.4,37.0
2026-07-22T10:00:00.000Z,44.4,-1.0,34.0
2026-07-22T10:00:00.000Z,44.4,-0.6,33.0
2026-07-22T10:00:00.000Z,44.4,-0.2,32.0
2026-07-22T10:00:00.000Z,44.8,-1.4,35.0
2026-07-22T10:00:00.000Z,44.8,-1.0,34.0
2026-07-22T10:00:00.000Z,44.8,-0.6,35.0
2026-07-22T10:00:00.000Z,44.8,-0.2,34.0
2026-07-22T10:00:00.000Z,45.2,-1.4,36.0
2026-07-22T10:00:00.000Z,45.2,-1.0,33.0
2026-07-22T10:00:00.000Z,45.2,-0.6,34.0
2026-07-22T10:00:00.000Z,45.2,-0.2,34.0
2026-07-22T11:00:00.000Z,43.6,-1.4,36.0
2026-07-22T11:00:00.000Z,43.6,-1.0,34.0
2026-07-22T11:00:00.000Z,43.6,-0.6,34.0
2026-07-22T11:00:00.000Z,43.6,-0.2,34.0
2026-07-22T11:00:00.000Z,44.0,-1.4,35.0
2026-07-22T11:00:00.000Z,44.0,-1.0,34.0
2026-07-22T11:00:00.000Z,44.0,-0.6,35.0
2026-07-22T11:00:00.000Z,44.0,-0.2,36.0
2026-07-22T11:00:00.000Z,44.4,-1.4,41.0
2026-07-22T11:00:00.000Z,44.4,-1.0,36.0
2026-07-22T11:00:00.000Z,44.4,-0.6,36.0
2026-07-22T11:00:00.000Z,44.4,-0.2,36.0
2026-07-22T11:00:00.000Z,44.8,-1.4,37.0
2026-07-22T11:00:00.000Z,44.8,-1.0,37.0
2026-07-22T11:00:00.000Z,44.8,-0.6,37.0
2026-07-22T11:00:00.000Z,44.8,-0.2,36.0
2026-07-22T11:00:00.000Z,45.2,-1.4,38.0
2026-07-22T11:00:00.000Z,45.2,-1.0,35.0
2026-07-22T11:00:00.000Z,45.2,-0.6,36.0
2026-07-22T11:00:00.000Z,45.2,-0.2,36.0
2026-07-22T12:00:00.000Z,43.6,-1.4,39.0
2026-07-22T12:00:00.000Z,43.6,-1.0,37.0
2026-07-22T12:00:00.000Z,43.6,-0.6,37.0
2026-07-22T12:00:00.000Z,43.6,-0.2,37.0
2026-07-22T12:00:00.000Z,44.0,-1.4,37.0
2026-07-22T12:00:00.000Z,44.0,-1.0,37.0
2026-07-22T12:00:00.000Z,44.0,-0.6,38.0
2026-07-22T12:00:00.000Z,44.0,-0.2,38.0
2026-07-22T12:00:00.000Z,44.4,-1.4,43.0
2026-07-22T12:00:00.000Z,44.4,-1.0,38.0
2026-07-22T12:00:00.000Z,44.4,-0.6,38.0
2026-07-22T12:00:00.000Z,44.4,-0.2,37.0
2026-07-22T12:00:00.000Z,44.8,-1.4,39.0
2026-07-22T12:00:00.000Z,44.8,-1.0,39.0
2026-07-22T12:00:00.000Z,44.8,-0.6,39.0
2026-07-22T12:00:00.000Z,44.8,-0.2,38.0
2026-07-22T12:00:00.000Z,45.2,-1.4,39.0
2026-07-22T12:00:00.000Z,45.2,-1.0,36.0
2026-07-22T12:00:00.000Z,45.2,-0.6,38.0
2026-07-22T12:00:00.000Z,45.2,-0.2,37.0
2026-07-22T13:00:00.000Z,43.6,-1.4,40.0
2026-07-22T13:00:00.000Z,43.6,-1.0,39.0
2026-07-22T13:00:00.000Z,43.6,-0.6,38.0
2026-07-22T13:00:00.000Z,43.6,-0.2,39.0
2026-07-22T13:00:00.000Z,44.0,-1.4,42.0
2026-07-22T13:00:00.000Z,44.0,-1.0,38.0
2026-07-22T13:00:00.000Z,44.0,-0.6,38.0
2026-07-22T13:00:00.000Z,44.0,-0.2,40.0
2026-07-22T13:00:00.000Z,44.4,-1.4,42.0
2026-07-22T13:00:00.000Z,44.4,-1.0,40.0
2026-07-22T13:00:00.000Z,44.4,-0.6,40.0
2026-07-22T13:00:00.000Z,44.4,-0.2,38.0
2026-07-22T13:00:00.000Z,44.8,-1.4,41.0
2026-07-22T13:00:00.000Z,44.8,-1.0,40.0
2026-07-22T13:00:00.000Z,44.8,-0.6,40.0
2026-07-22T13:00:00.000Z,44.8,-0.2,39.0
2026-07-22T13:00:00.000Z,45.2,-1.4,40.0
2026-07-22T13:00:00.000Z,45.2,-1.0,36.0
2026-07-22T13:00:00.000Z,45.2,-0.6,38.0
2026-07-22T13:00:00.000Z,45.2,-0.2,38.0
2026-07-22T14:00:00.000Z,43.6,-1.4,42.0
2026-07-22T14:00:00.000Z,43.6,-1.0,40.0
2026-07-22T14:00:00.000Z,43.6,-0.6,40.0
2026-07-22T14:00:00.000Z,43.6,-0.2,40.0
2026-07-22T14:00:00.000Z,44.0,-1.4,44.0
2026-07-22T14:00:00.000Z,44.0,-1.0,40.0
2026-07-22T14:00:00.000Z,44.0,-0.6,40.0
2026-07-22T14:00:00.000Z,44.0,-0.2,41.0
2026-07-22T14:00:00.000Z,44.4,-1.4,42.0
2026-07-22T14:00:00.000Z,44.4,-1.0,42.0
2026-07-22T14:00:00.000Z,44.4,-0.6,42.0
2026-07-22T14:00:00.000Z,44.4,-0.2,39.0
2026-07-22T14:00:00.000Z,44.8,-1.4,42.0
2026-07-22T14:00:00.000Z,44.8,-1.0,42.0
2026-07-22T14:00:00.000Z,44.8,-0.6,41.0
2026-07-22T14:00:00.000Z,44.8,-0.2,40.0
2026-07-22T14:00:00.000Z,45.2,-1.4,41.0
2026-07-22T14:00:00.000Z,45.2,-1.0,38.0
2026-07-22T14:00:00.000Z,45.2,-0.6,38.0
2026-07-22T14:00:00.000Z,45.2,-0.2,38.0
2026-07-22T15:00:00.000Z,43.6,-1.4,45.0
2026-07-22T15:00:00.000Z,43.6,-1.0,41.0
2026-07-22T15:00:00.000Z,43.6,-0.6,41.0
2026-07-22T15:00:00.000Z,43.6,-0.2,42.0
2026-07-22T15:00:00.000Z,44.0,-1.4,42.0
2026-07-22T15:00:00.000Z,44.0,-1.0,41.0
2026-07-22T15:00:00.000Z,44.0,-0.6,41.0
2026-07-22T15:00:00.000Z,44.0,-0.2,43.0
2026-07-22T15:00:00.000Z,44.4,-1.4,43.0
2026-07-22T15:00:00.000Z,44.4,-1.0,43.0
2026-07-22T15:00:00.000Z,44.4,-0.6,42.0
2026-07-22T15:00:00.000Z,44.4,-0.2,41.0
2026-07-22T15:00:00.000Z,44.8,-1.4,42.0
2026-07-22T15:00:00.000Z,44.8,-1.0,43.0
2026-07-22T15:00:00.000Z,44.8,-0.6,43.0
2026-07-22T15:00:00.000Z,44.8,-0.2,41.0
2026-07-22T15:00:00.000Z,45.2,-1.4,43.0
2026-07-22T15:00:00.000Z,45.2,-1.0,38.0
2026-07-22T15:00:00.000Z,45.2,-0.6,38.0
2026-07-22T15:00:00.000Z,45.2,-0.2,38.0
2026-07-22T16:00:00.000Z,43.6,-1.4,45.0
2026-07-22T16:00:00.000Z,43.6,-1.0,43.0
2026-07-22T16:00:00.000Z,43.6,-0.6,41.0
2026-07-22T16:00:00.000Z,43.6,-0.2,42.0
2026-07-22T16:00:00.000Z,44.0,-1.4,43.0
2026-07-22T16:00:00.000Z,44.0,-1.0,43.0
2026-07-22T16:00:00.000Z,44.0,-0.6,43.0
2026-07-22T16:00:00.000Z,44.0,-0.2,43.0
2026-07-22T16:00:00.000Z,44.4,-1.4,44.0
2026-07-22T16:00:00.000Z,44.4,-1.0,45.0
2026-07-22T16:00:00.000Z,44.4,-0.6,44.0
2026-07-22T16:00:00.000Z,44.4,-0.2,42.0
2026-07-22T16:00:00.000Z,44.8,-1.4,43.0
2026-07-22T16:00:00.000Z,44.8,-1.0,43.0
2026-07-22T16:00:00.000Z,44.8,-0.6,43.0
2026-07-22T16:00:00.000Z,44.8,-0.2,42.0
2026-07-22T16:00:00.000Z,45.2,-1.4,44.0
2026-07-22T16:00:00.000Z,45.2,-1.0,39.0
2026-07-22T16:00:00.000Z,45.2,-0.6,39.0
2026-07-22T16:00:00.000Z,45.2,-0.2,39.0
2026-07-22T17:00:00.000Z,43.6,-1.4,43.0
2026-07-22T17:00:00.000Z,43.6,-1.0,42.0
2026-07-22T17:00:00.000Z,43.6,-0.6,41.0
2026-07-22T17:00:00.000Z,43.6,-0.2,41.0
2026-07-22T17:00:00.000Z,44.0,-1.4,42.0
2026-07-22T17:00:00.000Z,44.0,-1.0,43.0
2026-07-22T17:00:00.000Z,44.0,-0.6,43.0
2026-07-22T17:00:00.000Z,44.0,-0.2,43.0
2026-07-22T17:00:00.000Z,44.4,-1.4,44.0
2026-07-22T17:00:00.000Z,44.4,-1.0,47.0
2026-07-22T17:00:00.000Z,44.4,-0.6,43.0
2026-07-22T17:00:00.000Z,44.4,-0.2,41.0
2026-07-22T17:00:00.000Z,44.8,-1.4,44.0
2026-07-22T17:00:00.000Z,44.8,-1.0,43.0
2026-07-22T17:00:00.000Z,44.8,-0.6,42.0
2026-07-22T17:00:00.000Z,44.8,-0.2,42.0
2026-07-22T17:00:00.000Z,45.2,-1.4,45.0
2026-07-22T17:00:00.000Z,45.2,-1.0,39.0
2026-07-22T17:00:00.000Z,45.2,-0.6,39.0
2026-07-22T17:00:00.000Z,45.2,-0.2,40.0
2026-07-22T18:00:00.000Z,43.6,-1.4,40.0
2026-07-22T18:00:00.000Z,43.6,-1.0,39.0
2026-07-22T18:00:00.000Z,43.6,-0.6,39.0
2026-07-22T18:00:00.000Z,43.6,-0.2,40.0
2026-07-22T18:00:00.000Z,44.0,-1.4,42.0
2026-07-22T18:00:00.000Z,44.0,-1.0,40.0
2026-07-22T18:00:00.000Z,44.0,-0.6,41.0
2026-07-22T18:00:00.000Z,44.0,-0.2,43.0
2026-07-22T18:00:00.000Z,44.4,-1.4,43.0
2026-07-22T18:00:00.000Z,44.4,-1.0,45.0
2026-07-22T18:00:00.000Z,44.4,-0.6,43.0
2026-07-22T18:00:00.000Z,44.4,-0.2,41.0
2026-07-22T18:00:00.000Z,44.8,-1.4,44.0
2026-07-22T18:00:00.000Z,44.8,-1.0,41.0
2026-07-22T18:00:00.000Z,44.8,-0.6,40.0
2026-07-22T18:00:00.000Z,44.8,-0.2,40.0
2026-07-22T18:00:00.000Z,45.2,-1.4,44.0
2026-07-22T18:00:00.000Z,45.2,-1.0,38.0
2026-07-22T18:00:00.000Z,45.2,-0.6,38.0
2026-07-22T18:00:00.000Z,45.2,-0.2,38.0
2026-07-22T19:00:00.000Z,43.6,-1.4,36.0
2026-07-22T19:00:00.000Z,43.6,-1.0,36.0
2026-07-22T19:00:00.000Z,43.6,-0.6,38.0
2026-07-22T19:00:00.000Z,43.6,-0.2,39.0
2026-07-22T19:00:00.000Z,44.0,-1.4,40.0
2026-07-22T19:00:00.000Z,44.0,-1.0,37.0
2026-07-22T19:00:00.000Z,44.0,-0.6,38.0
2026-07-22T19:00:00.000Z,44.0,-0.2,38.0
2026-07-22T19:00:00.000Z,44.4,-1.4,40.0
2026-07-22T19:00:00.000Z,44.4,-1.0,43.0
2026-07-22T19:00:00.000Z,44.4,-0.6,40.0
2026-07-22T19:00:00.000Z,44.4,-0.2,35.0
2026-07-22T19:00:00.000Z,44.8,-1.4,43.0
2026-07-22T19:00:00.000Z,44.8,-1.0,39.0
2026-07-22T19:00:00.000Z,44.8,-0.6,38.0
2026-07-22T19:00:00.000Z,44.8,-0.2,38.0
2026-07-22T19:00:00.000Z,45.2,-1.4,43.0
2026-07-22T19:00:00.000Z,45.2,-1.0,37.0
2026-07-22T19:00:00.000Z,45.2,-0.6,36.0
2026-07-22T19:00:00.000Z,45.2,-0.2,36.0
2026-07-22T20:00:00.000Z,43.6,-1.4,34.0
2026-07-22T20:00:00.000Z,43.6,-1.0,34.0
2026-07-22T20:00:00.000Z,43.6,-0.6,34.0
2026-07-22T20:00:00.000Z,43.6,-0.2,36.0
2026-07-22T20:00:00.000Z,44.0,-1.4,38.0
2026-07-22T20:00:00.000Z,44.0,-1.0,37.0
2026-07-22T20:00:00.000Z,44.0,-0.6,36.0
2026-07-22T20:00:00.000Z,44.0,-0.2,36.0
2026-07-22T20:00:00.000Z,44.4,-1.4,38.0
2026-07-22T20:00:00.000Z,44.4,-1.0,38.0
2026-07-22T20:00:00.000Z,44.4,-0.6,37.0
2026-07-22T20:00:00.000Z,44.4,-0.2,34.0
2026-07-22T20:00:00.000Z,44.8,-1.4,40.0
2026-07-22T20:00:00.000Z,44.8,-1.0,37.0
2026-07-22T20:00:00.000Z,44.8,-0.6,36.0
2026-07-22T20:00:00.000Z,44.8,-0.2,35.0
2026-07-22T20:00:00.000Z,45.2,-1.4,41.0
2026-07-22T20:00:00.000Z,45.2,-1.0,36.0
2026-07-22T20:00:00.000Z,45.2,-0.6,35.0
2026-07-22T20:00:00.000Z,45.2,-0.2,35.0
2026-07-22T21:00:00.000Z,43.6,-1.4,32.0
2026-07-22T21:00:00.000Z,43.6,-1.0,29.0
2026-07-22T21:00:00.000Z,43.6,-0.6,29.0
2026-07-22T21:00:00.000Z,43.6,-0.2,30.0
2026-07-22T21:00:00.000Z,44.0,-1.4,34.0
2026-07-22T21:00:00.000Z,44.0,-1.0,33.0
2026-07-22T21:00:00.000Z,44.0,-0.6,33.0
2026-07-22T21:00:00.000Z,44.0,-0.2,36.0
2026-07-22T21:00:00.000Z,44.4,-1.4,37.0
2026-07-22T21:00:00.000Z,44.4,-1.0,36.0
2026-07-22T21:00:00.000Z,44.4,-0.6,36.0
2026-07-22T21:00:00.000Z,44.4,-0.2,31.0
2026-07-22T21:00:00.000Z,44.8,-1.4,39.0
2026-07-22T21:00:00.000Z,44.8,-1.0,36.0
2026-07-22T21:00:00.000Z,44.8,-0.6,34.0
2026-07-22T21:00:00.000Z,44.8,-0.2,33.0
2026-07-22T21:00:00.000Z,45.2,-1.4,38.0
2026-07-22T21:00:00.000Z,45.2,-1.0,34.0
2026-07-22T21:00:00.000Z,45.2,-0.6,33.0
2026-07-22T21:00:00.000Z,45.2,-0.2,34.0
2026-07-22T22:00:00.000Z,43.6,-1.4,31.0
2026-07-22T22:00:00.000Z,43.6,-1.0,26.0
2026-07-22T22:00:00.000Z,43.6,-0.6,26.0
2026-07-22T22:00:00.000Z,43.6,-0.2,25.0
2026-07-22T22:00:00.000Z,44.0,-1.4,32.0
2026-07-22T22:00:00.000Z,44.0,-1.0,30.0
2026-07-22T22:00:00.000Z,44.0,-0.6,30.0
2026-07-22T22:00:00.000Z,44.0,-0.2,32.0
2026-07-22T22:00:00.000Z,44.4,-1.4,36.0
2026-07-22T22:00:00.000Z,44.4,-1.0,33.0
2026-07-22T22:00:00.000Z,44.4,-0.6,34.0
2026-07-22T22:00:00.000Z,44.4,-0.2,30.0
2026-07-22T22:00:00.000Z,44.8,-1.4,36.0
2026-07-22T22:00:00.000Z,44.8,-1.0,33.0
2026-07-22T22:00:00.000Z,44.8,-0.6,32.0
2026-07-22T22:00:00.000Z,44.8,-0.2,32.0
2026-07-22T22:00:00.000Z,45.2,-1.4,35.0
2026-07-22T22:00:00.000Z,45.2,-1.0,33.0
2026-07-22T22:00:00.000Z,45.2,-0.6,32.0
2026-07-22T22:00:00.000Z,45.2,-0.2,32.0
2026-07-22T23:00:00.000Z,43.6,-1.4,30.0
2026-07-22T23:00:00.000Z,43.6,-1.0,22.0
2026-07-22T23:00:00.000Z,43.6,-0.6,24.0
2026-07-22T23:00:00.000Z,43.6,-0.2,23.0
2026-07-22T23:00:00.000Z,44.0,-1.4,32.0
2026-07-22T23:00:00.000Z,44.0,-1.0,28.0
2026-07-22T23:00:00.000Z,44.0,-0.6,29.0
2026-07-22T23:00:00.000Z,44.0,-0.2,29.0
2026-07-22T23:00:00.000Z,44.4,-1.4,34.0
2026-07-22T23:00:00.000Z,44.4,-1.0,31.0
2026-07-22T23:00:00.000Z,44.4,-0.6,31.0
2026-07-22T23:00:00.000Z,44.4,-0.2,28.0
2026-07-22T23:00:00.000Z,44.8,-1.4,34.0
2026-07-22T23:00:00.000Z,44.8,-1.0,30.0
2026-07-22T23:00:00.000Z,44.8,-0.6,30.0
2026-07-22T23:00:00.000Z,44.8,-0.2,30.0
2026-07-22T23:00:00.000Z,45.2,-1.4,34.0
2026-07-22T23:00:00.000Z,45.2,-1.0,32.0
2026-07-22T23:00:00.000Z,45.2,-0.6,31.0
2026-07-22T23:00:00.000Z,45.2,-0.2,31.0
2026-07-23T00:00:00.000Z,43.6,-1.4,32.0
2026-07-23T00:00:00.000Z,43.6,-1.0,22.0
2026-07-23T00:00:00.000Z,43.6,-0.6,22.0
2026-07-23T00:00:00.000Z,43.6,-0.2,22.0
2026-07-23T00:00:00.000Z,44.0,-1.4,30.0
2026-07-23T00:00:00.000Z,44.0,-1.0,28.0
2026-07-23T00:00:00.000Z,44.0,-0.6,28.0
2026-07-23T00:00:00.000Z,44.0,-0.2,26.0
2026-07-23T00:00:00.000Z,44.4,-1.4,32.0
2026-07-23T00:00:00.000Z,44.4,-1.0,29.0
2026-07-23T00:00:00.000Z,44.4,-0.6,28.0
2026-07-23T00:00:00.000Z,44.4,-0.2,27.0
2026-07-23T00:00:00.000Z,44.8,-1.4,32.0
2026-07-23T00:00:00.000Z,44.8,-1.0,28.0
2026-07-23T00:00:00.000Z,44.8,-0.6,28.0
2026-07-23T00:00:00.000Z,44.8,-0.2,29.0
2026-07-23T00:00:00.000Z,45.2,-1.4,33.0
2026-07-23T00:00:00.000Z,45.2,-1.0,30.0
2026-07-23T00:00:00.000Z,45.2,-0.6,30.0
2026-07-23T00:00:00.000Z,45.2,-0.2,28.0
2026-07-23T01:00:00.000Z,43.6,-1.4,30.0
2026-07-23T01:00:00.000Z,43.6,-1.0,21.0
2026-07-23T01:00:00.000Z,43.6,-0.6,20.0
2026-07-23T01:00:00.000Z,43.6,-0.2,21.0
2026-07-23T01:00:00.000Z,44.0,-1.4,30.0
2026-07-23T01:00:00.000Z,44.0,-1.0,28.0
2026-07-23T01:00:00.000Z,44.0,-0.6,26.0
2026-07-23T01:00:00.000Z,44.0,-0.2,25.0
2026-07-23T01:00:00.000Z,44.4,-1.4,31.0
2026-07-23T01:00:00.000Z,44.4,-1.0,29.0
2026-07-23T01:00:00.000Z,44.4,-0.6,27.0
2026-07-23T01:00:00.000Z,44.4,-0.2,26.0
2026-07-23T01:00:00.000Z,44.8,-1.4,31.0
2026-07-23T01:00:00.000Z,44.8,-1.0,28.0
2026-07-23T01:00:00.000Z,44.8,-0.6,28.0
2026-07-23T01:00:00.000Z,44.8,-0.2,28.0
2026-07-23T01:00:00.000Z,45.2,-1.4,33.0
2026-07-23T01:00:00.000Z,45.2,-1.0,28.0
2026-07-23T01:00:00.000Z,45.2,-0.6,28.0
2026-07-23T01:00:00.000Z,45.2,-0.2,26.0
2026-07-23T02:00:00.000Z,43.6,-1.4,28.0
2026-07-23T02:00:00.000Z,43.6,-1.0,20.0
2026-07-23T02:00:00.000Z,43.6,-0.6,18.0
2026-07-23T02:00:00.000Z,43.6,-0.2,19.0
2026-07-23T02:00:00.000Z,44.0,-1.4,28.0
2026-07-23T02:00:00.000Z,44.0,-1.0,26.0
2026-07-23T02:00:00.000Z,44.0,-0.6,24.0
2026-07-23T02:00:00.000Z,44.0,-0.2,24.0
2026-07-23T02:00:00.000Z,44.4,-1.4,29.0
2026-07-23T02:00:00.000Z,44.4,-1.0,27.0
2026-07-23T02:00:00.000Z,44.4,-0.6,25.0
2026-07-23T02:00:00.000Z,44.4,-0.2,25.0
2026-07-23T02:00:00.000Z,44.8,-1.4,30.0
2026-07-23T02:00:00.000Z,44.8,-1.0,26.0
2026-07-23T02:00:00.000Z,44.8,-0.6,27.0
2026-07-23T02:00:00.000Z,44.8,-0.2,27.0
2026-07-23T02:00:00.000Z,45.2,-1.4,32.0
2026-07-23T02:00:00.000Z,45.2,-1.0,26.0
2026-07-23T02:00:00.000Z,45.2,-0.6,26.0
2026-07-23T02:00:00.000Z,45.2,-0.2,26.0
2026-07-23T03:00:00.000Z,43.6,-1.4,27.0
2026-07-23T03:00:00.000Z,43.6,-1.0,20.0
2026-07-23T03:00:00.000Z,43.6,-0.6,17.0
2026-07-23T03:00:00.000Z,43.6,-0.2,18.0
2026-07-23T03:00:00.000Z,44.0,-1.4,25.0
2026-07-23T03:00:00.000Z,44.0,-1.0,23.0
2026-07-23T03:00:00.000Z,44.0,-0.6,22.0
2026-07-23T03:00:00.000Z,44.0,-0.2,22.0
2026-07-23T03:00:00.000Z,44.4,-1.4,28.0
2026-07-23T03:00:00.000Z,44.4,-1.0,25.0
2026-07-23T03:00:00.000Z,44.4,-0.6,23.0
2026-07-23T03:00:00.000Z,44.4,-0.2,23.0
2026-07-23T03:00:00.000Z,44.8,-1.4,29.0
2026-07-23T03:00:00.000Z,44.8,-1.0,25.0
2026-07-23T03:00:00.000Z,44.8,-0.6,26.0
2026-07-23T03:00:00.000Z,44.8,-0.2,26.0
2026-07-23T03:00:00.000Z,45.2,-1.4,32.0
2026-07-23T03:00:00.000Z,45.2,-1.0,26.0
2026-07-23T03:00:00.000Z,45.2,-0.6,26.0
2026-07-23T03:00:00.000Z,45.2,-0.2,25.0
2026-07-23T04:00:00.000Z,43.6,-1.4,26.0
2026-07-23T04:00:00.000Z,43.6,-1.0,19.0
2026-07-23T04:00:00.000Z,43.6,-0.6,15.0
2026-07-23T04:00:00.000Z,43.6,-0.2,15.0
2026-07-23T04:00:00.000Z,44.0,-1.4,24.0
2026-07-23T04:00:00.000Z,44.0,-1.0,20.0
2026-07-23T04:00:00.000Z,44.0,-0.6,20.0
2026-07-23T04:00:00.000Z,44.0,-0.2,20.0
2026-07-23T04:00:00.000Z,44.4,-1.4,26.0
2026-07-23T04:00:00.000Z,44.4,-1.0,24.0
2026-07-23T04:00:00.000Z,44.4,-0.6,22.0
2026-07-23T04:00:00.000Z,44.4,-0.2,22.0
2026-07-23T04:00:00.000Z,44.8,-1.4,28.0
2026-07-23T04:00:00.000Z,44.8,-1.0,23.0
2026-07-23T04:00:00.000Z,44.8,-0.6,23.0
2026-07-23T04:00:00.000Z,44.8,-0.2,25.0
2026-07-23T04:00:00.000Z,45.2,-1.4,32.0
2026-07-23T04:00:00.000Z,45.2,-1.0,26.0
2026-07-23T04:00:00.000Z,45.2,-0.6,26.0
2026-07-23T04:00:00.000Z,45.2,-0.2,24.0
2026-07-23T05:00:00.000Z,43.6,-1.4,25.0
2026-07-23T05:00:00.000Z,43.6,-1.0,18.0
2026-07-23T05:00:00.000Z,43.6,-0.6,14.0
2026-07-23T05:00:00.000Z,43.6,-0.2,13.0
2026-07-23T05:00:00.000Z,44.0,-1.4,21.0
2026-07-23T05:00:00.000Z,44.0,-1.0,18.0
2026-07-23T05:00:00.000Z,44.0,-0.6,19.0
2026-07-23T05:00:00.000Z,44.0,-0.2,21.0
2026-07-23T05:00:00.000Z,44.4,-1.4,26.0
2026-07-23T05:00:00.000Z,44.4,-1.0,22.0
2026-07-23T05:00:00.000Z,44.4,-0.6,22.0
2026-07-23T05:00:00.000Z,44.4,-0.2,21.0
2026-07-23T05:00:00.000Z,44.8,-1.4,27.0
2026-07-23T05:00:00.000Z,44.8,-1.0,22.0
2026-07-23T05:00:00.000Z,44.8,-0.6,22.0
2026-07-23T05:00:00.000Z,44.8,-0.2,24.0
2026-07-23T05:00:00.000Z,45.2,-1.4,30.0
2026-07-23T05:00:00.000Z,45.2,-1.0,24.0
2026-07-23T05:00:00.000Z,45.2,-0.6,24.0
2026-07-23T05:00:00.000Z,45.2,-0.2,23.0
2026-07-23T06:00:00.000Z,43.6,-1.4,24.0
2026-07-23T06:00:00.000Z,43.6,-1.0,16.0
2026-07-23T06:00:00.000Z,43.6,-0.6,14.0
2026-07-23T06:00:00.000Z,43.6,-0.2,12.0
2026-07-23T06:00:00.000Z,44.0,-1.4,23.0
2026-07-23T06:00:00.000Z,44.0,-1.0,19.0
2026-07-23T06:00:00.000Z,44.0,-0.6,18.0
2026-07-23T06:00:00.000Z,44.0,-0.2,18.0
2026-07-23T06:00:00.000Z,44.4,-1.4,26.0
2026-07-23T06:00:00.000Z,44.4,-1.0,22.0
2026-07-23T06:00:00.000Z,44.4,-0.6,22.0
2026-07-23T06:00:00.000Z,44.4,-0.2,20.0
2026-07-23T06:00:00.000Z,44.8,-1.4,28.0
2026-07-23T06:00:00.000Z,44.8,-1.0,24.0
2026-07-23T06:00:00.000Z,44.8,-0.6,22.0
2026-07-23T06:00:00.000Z,44.8,-0.2,22.0
2026-07-23T06:00:00.000Z,45.2,-1.4,28.0
2026-07-23T06:00:00.000Z,45.2,-1.0,22.0
2026-07-23T06:00:00.000Z,45.2,-0.6,22.0
2026-07-23T06:00:00.000Z,45.2,-0.2,22.0
2026-07-23T07:00:00.000Z,43.6,-1.4,26.0
2026-07-23T07:00:00.000Z,43.6,-1.0,18.0
2026-07-23T07:00:00.000Z,43.6,-0.6,21.0
2026-07-23T07:00:00.000Z,43.6,-0.2,17.0
2026-07-23T07:00:00.000Z,44.0,-1.4,23.0
2026-07-23T07:00:00.000Z,44.0,-1.0,20.0
2026-07-23T07:00:00.000Z,44.0,-0.6,20.0
2026-07-23T07:00:00.000Z,44.0,-0.2,20.0
2026-07-23T07:00:00.000Z,44.4,-1.4,26.0
2026-07-23T07:00:00.000Z,44.4,-1.0,24.0
2026-07-23T07:00:00.000Z,44.4,-0.6,23.0
2026-07-23T07:00:00.000Z,44.4,-0.2,21.0
2026-07-23T07:00:00.000Z,44.8,-1.4,28.0
2026-07-23T07:00:00.000Z,44.8,-1.0,24.0
2026-07-23T07:00:00.000Z,44.8,-0.6,22.0
2026-07-23T07:00:00.000Z,44.8,-0.2,24.0
2026-07-23T07:00:00.000Z,45.2,-1.4,29.0
2026-07-23T07:00:00.000Z,45.2,-1.0,22.0
2026-07-23T07:00:00.000Z,45.2,-0.6,22.0
2026-07-23T07:00:00.000Z,45.2,-0.2,22.0
2026-07-23T08:00:00.000Z,43.6,-1.4,29.0
2026-07-23T08:00:00.000Z,43.6,-1.0,23.0
2026-07-23T08:00:00.000Z,43.6,-0.6,24.0
2026-07-23T08:00:00.000Z,43.6,-0.2,22.0
2026-07-23T08:00:00.000Z,44.0,-1.4,26.0
2026-07-23T08:00:00.000Z,44.0,-1.0,25.0
2026-07-23T08:00:00.000Z,44.0,-0.6,25.0
2026-07-23T08:00:00.000Z,44.0,-0.2,25.0
2026-07-23T08:00:00.000Z,44.4,-1.4,29.0
2026-07-23T08:00:00.000Z,44.4,-1.0,27.0
2026-07-23T08:00:00.000Z,44.4,-0.6,26.0
2026-07-23T08:00:00.000Z,44.4,-0.2,25.0
2026-07-23T08:00:00.000Z,44.8,-1.4,29.0
2026-07-23T08:00:00.000Z,44.8,-1.0,26.0
2026-07-23T08:00:00.000Z,44.8,-0.6,26.0
2026-07-23T08:00:00.000Z,44.8,-0.2,27.0
2026-07-23T08:00:00.000Z,45.2,-1.4,30.0
2026-07-23T08:00:00.000Z,45.2,-1.0,25.0
2026-07-23T08:00:00.000Z,45.2,-0.6,26.0
2026-07-23T08:00:00.000Z,45.2,-0.2,25.0
2026-07-23T09:00:00.000Z,43.6,-1.4,33.0
2026-07-23T09:00:00.000Z,43.6,-1.0,30.0
2026-07-23T09:00:00.000Z,43.6,-0.6,28.0
2026-07-23T09:00:00.000Z,43.6,-0.2,28.0
2026-07-23T09:00:00.000Z,44.0,-1.4,29.0
2026-07-23T09:00:00.000Z,44.0,-1.0,28.0
2026-07-23T09:00:00.000Z,44.0,-0.6,28.0
2026-07-23T09:00:00.000Z,44.0,-0.2,28.0
2026-07-23T09:00:00.000Z,44.4,-1.4,32.0
2026-07-23T09:00:00.000Z,44.4,-1.0,32.0
2026-07-23T09:00:00.000Z,44.4,-0.6,29.0
2026-07-23T09:00:00.000Z,44.4,-0.2,29.0
2026-07-23T09:00:00.000Z,44.8,-1.4,31.0
2026-07-23T09:00:00.000Z,44.8,-1.0,31.0
2026-07-23T09:00:00.000Z,44.8,-0.6,30.0
2026-07-23T09:00:00.000Z,44.8,-0.2,30.0
2026-07-23T09:00:00.000Z,45.2,-1.4,32.0
2026-07-23T09:00:00.000Z,45.2,-1.0,30.0
2026-07-23T09:00:00.000Z,45.2,-0.6,31.0
2026-07-23T09:00:00.000Z,45.2,-0.2,30.0
2026-07-23T10:00:00.000Z,43.6,-1.4,35.0
2026-07-23T10:00:00.000Z,43.6,-1.0,35.0
2026-07-23T10:00:00.000Z,43.6,-0.6,31.0
2026-07-23T10:00:00.000Z,43.6,-0.2,33.0
2026-07-23T10:00:00.000Z,44.0,-1.4,34.0
2026-07-23T10:00:00.000Z,44.0,-1.0,33.0
2026-07-23T10:00:00.000Z,44.0,-0.6,34.0
2026-07-23T10:00:00.000Z,44.0,-0.2,35.0
2026-07-23T10:00:00.000Z,44.4,-1.4,38.0
2026-07-23T10:00:00.000Z,44.4,-1.0,40.0
2026-07-23T10:00:00.000Z,44.4,-0.6,35.0
2026-07-23T10:00:00.000Z,44.4,-0.2,33.0
2026-07-23T10:00:00.000Z,44.8,-1.4,33.0
2026-07-23T10:00:00.000Z,44.8,-1.0,36.0
2026-07-23T10:00:00.000Z,44.8,-0.6,38.0
2026-07-23T10:00:00.000Z,44.8,-0.2,34.0
2026-07-23T10:00:00.000Z,45.2,-1.4,34.0
2026-07-23T10:00:00.000Z,45.2,-1.0,33.0
2026-07-23T10:00:00.000Z,45.2,-0.6,33.0
2026-07-23T10:00:00.000Z,45.2,-0.2,34.0
2026-07-23T11:00:00.000Z,43.6,-1.4,39.0
2026-07-23T11:00:00.000Z,43.6,-1.0,38.0
2026-07-23T11:00:00.000Z,43.6,-0.6,36.0
2026-07-23T11:00:00.000Z,43.6,-0.2,36.0
2026-07-23T11:00:00.000Z,44.0,-1.4,40.0
2026-07-23T11:00:00.000Z,44.0,-1.0,37.0
2026-07-23T11:00:00.000Z,44.0,-0.6,37.0
2026-07-23T11:00:00.000Z,44.0,-0.2,38.0
2026-07-23T11:00:00.000Z,44.4,-1.4,39.0
2026-07-23T11:00:00.000Z,44.4,-1.0,45.0
2026-07-23T11:00:00.000Z,44.4,-0.6,38.0
2026-07-23T11:00:00.000Z,44.4,-0.2,37.0
2026-07-23T11:00:00.000Z,44.8,-1.4,36.0
2026-07-23T11:00:00.000Z,44.8,-1.0,38.0
2026-07-23T11:00:00.000Z,44.8,-0.6,43.0
2026-07-23T11:00:00.000Z,44.8,-0.2,36.0
2026-07-23T11:00:00.000Z,45.2,-1.4,36.0
2026-07-23T11:00:00.000Z,45.2,-1.0,35.0
2026-07-23T11:00:00.000Z,45.2,-0.6,35.0
2026-07-23T11:00:00.000Z,45.2,-0.2,36.0
2026-07-23T12:00:00.000Z,43.6,-1.4,38.0
2026-07-23T12:00:00.000Z,43.6,-1.0,40.0
2026-07-23T12:00:00.000Z,43.6,-0.6,38.0
2026-07-23T12:00:00.000Z,43.6,-0.2,39.0
2026-07-23T12:00:00.000Z,44.0,-1.4,42.0
2026-07-23T12:00:00.000Z,44.0,-1.0,39.0
2026-07-23T12:00:00.000Z,44.0,-0.6,39.0
2026-07-23T12:00:00.000Z,44.0,-0.2,39.0
2026-07-23T12:00:00.000Z,44.4,-1.4,40.0
2026-07-23T12:00:00.000Z,44.4,-1.0,49.0
2026-07-23T12:00:00.000Z,44.4,-0.6,41.0
2026-07-23T12:00:00.000Z,44.4,-0.2,38.0
2026-07-23T12:00:00.000Z,44.8,-1.4,38.0
2026-07-23T12:00:00.000Z,44.8,-1.0,41.0
2026-07-23T12:00:00.000Z,44.8,-0.6,45.0
2026-07-23T12:00:00.000Z,44.8,-0.2,38.0
2026-07-23T12:00:00.000Z,45.2,-1.4,38.0
2026-07-23T12:00:00.000Z,45.2,-1.0,37.0
2026-07-23T12:00:00.000Z,45.2,-0.6,36.0
2026-07-23T12:00:00.000Z,45.2,-0.2,36.0
2026-07-23T13:00:00.000Z,43.6,-1.4,39.0
2026-07-23T13:00:00.000Z,43.6,-1.0,43.0
2026-07-23T13:00:00.000Z,43.6,-0.6,40.0
2026-07-23T13:00:00.000Z,43.6,-0.2,41.0
2026-07-23T13:00:00.000Z,44.0,-1.4,48.0
2026-07-23T13:00:00.000Z,44.0,-1.0,43.0
2026-07-23T13:00:00.000Z,44.0,-0.6,41.0
2026-07-23T13:00:00.000Z,44.0,-0.2,41.0
2026-07-23T13:00:00.000Z,44.4,-1.4,40.0
2026-07-23T13:00:00.000Z,44.4,-1.0,52.0
2026-07-23T13:00:00.000Z,44.4,-0.6,42.0
2026-07-23T13:00:00.000Z,44.4,-0.2,39.0
2026-07-23T13:00:00.000Z,44.8,-1.4,39.0
2026-07-23T13:00:00.000Z,44.8,-1.0,41.0
2026-07-23T13:00:00.000Z,44.8,-0.6,46.0
2026-07-23T13:00:00.000Z,44.8,-0.2,39.0
2026-07-23T13:00:00.000Z,45.2,-1.4,39.0
2026-07-23T13:00:00.000Z,45.2,-1.0,38.0
2026-07-23T13:00:00.000Z,45.2,-0.6,37.0
2026-07-23T13:00:00.000Z,45.2,-0.2,37.0
2026-07-23T14:00:00.000Z,43.6,-1.4,41.0
2026-07-23T14:00:00.000Z,43.6,-1.0,45.0
2026-07-23T14:00:00.000Z,43.6,-0.6,42.0
2026-07-23T14:00:00.000Z,43.6,-0.2,44.0
2026-07-23T14:00:00.000Z,44.0,-1.4,41.0
2026-07-23T14:00:00.000Z,44.0,-1.0,45.0
2026-07-23T14:00:00.000Z,44.0,-0.6,43.0
2026-07-23T14:00:00.000Z,44.0,-0.2,43.0
2026-07-23T14:00:00.000Z,44.4,-1.4,40.0
2026-07-23T14:00:00.000Z,44.4,-1.0,55.0
2026-07-23T14:00:00.000Z,44.4,-0.6,43.0
2026-07-23T14:00:00.000Z,44.4,-0.2,40.0
2026-07-23T14:00:00.000Z,44.8,-1.4,40.0
2026-07-23T14:00:00.000Z,44.8,-1.0,41.0
2026-07-23T14:00:00.000Z,44.8,-0.6,47.0
2026-07-23T14:00:00.000Z,44.8,-0.2,39.0
2026-07-23T14:00:00.000Z,45.2,-1.4,39.0
2026-07-23T14:00:00.000Z,45.2,-1.0,39.0
2026-07-23T14:00:00.000Z,45.2,-0.6,38.0
2026-07-23T14:00:00.000Z,45.2,-0.2,38.0
2026-07-23T15:00:00.000Z,43.6,-1.4,49.0
2026-07-23T15:00:00.000Z,43.6,-1.0,46.0
2026-07-23T15:00:00.000Z,43.6,-0.6,43.0
2026-07-23T15:00:00.000Z,43.6,-0.2,46.0
2026-07-23T15:00:00.000Z,44.0,-1.4,40.0
2026-07-23T15:00:00.000Z,44.0,-1.0,46.0
2026-07-23T15:00:00.000Z,44.0,-0.6,44.0
2026-07-23T15:00:00.000Z,44.0,-0.2,43.0
2026-07-23T15:00:00.000Z,44.4,-1.4,41.0
2026-07-23T15:00:00.000Z,44.4,-1.0,53.0
2026-07-23T15:00:00.000Z,44.4,-0.6,45.0
2026-07-23T15:00:00.000Z,44.4,-0.2,41.0
2026-07-23T15:00:00.000Z,44.8,-1.4,40.0
2026-07-23T15:00:00.000Z,44.8,-1.0,40.0
2026-07-23T15:00:00.000Z,44.8,-0.6,44.0
2026-07-23T15:00:00.000Z,44.8,-0.2,39.0
2026-07-23T15:00:00.000Z,45.2,-1.4,43.0
2026-07-23T15:00:00.000Z,45.2,-1.0,39.0
2026-07-23T15:00:00.000Z,45.2,-0.6,39.0
2026-07-23T15:00:00.000Z,45.2,-0.2,39.0
2026-07-23T16:00:00.000Z,43.6,-1.4,46.0
2026-07-23T16:00:00.000Z,43.6,-1.0,47.0
2026-07-23T16:00:00.000Z,43.6,-0.6,44.0
2026-07-23T16:00:00.000Z,43.6,-0.2,47.0
2026-07-23T16:00:00.000Z,44.0,-1.4,38.0
2026-07-23T16:00:00.000Z,44.0,-1.0,49.0
2026-07-23T16:00:00.000Z,44.0,-0.6,43.0
2026-07-23T16:00:00.000Z,44.0,-0.2,43.0
2026-07-23T16:00:00.000Z,44.4,-1.4,41.0
2026-07-23T16:00:00.000Z,44.4,-1.0,51.0
2026-07-23T16:00:00.000Z,44.4,-0.6,47.0
2026-07-23T16:00:00.000Z,44.4,-0.2,41.0
2026-07-23T16:00:00.000Z,44.8,-1.4,43.0
2026-07-23T16:00:00.000Z,44.8,-1.0,40.0
2026-07-23T16:00:00.000Z,44.8,-0.6,42.0
2026-07-23T16:00:00.000Z,44.8,-0.2,40.0
2026-07-23T16:00:00.000Z,45.2,-1.4,46.0
2026-07-23T16:00:00.000Z,45.2,-1.0,41.0
2026-07-23T16:00:00.000Z,45.2,-0.6,41.0
2026-07-23T16:00:00.000Z,45.2,-0.2,40.0
2026-07-23T17:00:00.000Z,43.6,-1.4,43.0
2026-07-23T17:00:00.000Z,43.6,-1.0,49.0
2026-07-23T17:00:00.000Z,43.6,-0.6,44.0
2026-07-23T17:00:00.000Z,43.6,-0.2,43.0
2026-07-23T17:00:00.000Z,44.0,-1.4,40.0
2026-07-23T17:00:00.000Z,44.0,-1.0,47.0
2026-07-23T17:00:00.000Z,44.0,-0.6,43.0
2026-07-23T17:00:00.000Z,44.0,-0.2,42.0
2026-07-23T17:00:00.000Z,44.4,-1.4,43.0
2026-07-23T17:00:00.000Z,44.4,-1.0,49.0
2026-07-23T17:00:00.000Z,44.4,-0.6,49.0
2026-07-23T17:00:00.000Z,44.4,-0.2,41.0
2026-07-23T17:00:00.000Z,44.8,-1.4,46.0
2026-07-23T17:00:00.000Z,44.8,-1.0,40.0
2026-07-23T17:00:00.000Z,44.8,-0.6,42.0
2026-07-23T17:00:00.000Z,44.8,-0.2,40.0
2026-07-23T17:00:00.000Z,45.2,-1.4,47.0
2026-07-23T17:00:00.000Z,45.2,-1.0,42.0
2026-07-23T17:00:00.000Z,45.2,-0.6,41.0
2026-07-23T17:00:00.000Z,45.2,-0.2,40.0
2026-07-23T18:00:00.000Z,43.6,-1.4,39.0
2026-07-23T18:00:00.000Z,43.6,-1.0,43.0
2026-07-23T18:00:00.000Z,43.6,-0.6,43.0
2026-07-23T18:00:00.000Z,43.6,-0.2,41.0
2026-07-23T18:00:00.000Z,44.0,-1.4,41.0
2026-07-23T18:00:00.000Z,44.0,-1.0,47.0
2026-07-23T18:00:00.000Z,44.0,-0.6,40.0
2026-07-23T18:00:00.000Z,44.0,-0.2,41.0
2026-07-23T18:00:00.000Z,44.4,-1.4,45.0
2026-07-23T18:00:00.000Z,44.4,-1.0,44.0
2026-07-23T18:00:00.000Z,44.4,-0.6,45.0
2026-07-23T18:00:00.000Z,44.4,-0.2,40.0
2026-07-23T18:00:00.000Z,44.8,-1.4,46.0
2026-07-23T18:00:00.000Z,44.8,-1.0,40.0
2026-07-23T18:00:00.000Z,44.8,-0.6,40.0
2026-07-23T18:00:00.000Z,44.8,-0.2,40.0
2026-07-23T18:00:00.000Z,45.2,-1.4,46.0
2026-07-23T18:00:00.000Z,45.2,-1.0,40.0
2026-07-23T18:00:00.000Z,45.2,-0.6,38.0
2026-07-23T18:00:00.000Z,45.2,-0.2,38.0
2026-07-23T19:00:00.000Z,43.6,-1.4,36.0
2026-07-23T19:00:00.000Z,43.6,-1.0,37.0
2026-07-23T19:00:00.000Z,43.6,-0.6,40.0
2026-07-23T19:00:00.000Z,43.6,-0.2,38.0
2026-07-23T19:00:00.000Z,44.0,-1.4,41.0
2026-07-23T19:00:00.000Z,44.0,-1.0,43.0
2026-07-23T19:00:00.000Z,44.0,-0.6,42.0
2026-07-23T19:00:00.000Z,44.0,-0.2,39.0
2026-07-23T19:00:00.000Z,44.4,-1.4,45.0
2026-07-23T19:00:00.000Z,44.4,-1.0,40.0
2026-07-23T19:00:00.000Z,44.4,-0.6,39.0
2026-07-23T19:00:00.000Z,44.4,-0.2,37.0
2026-07-23T19:00:00.000Z,44.8,-1.4,45.0
2026-07-23T19:00:00.000Z,44.8,-1.0,39.0
2026-07-23T19:00:00.000Z,44.8,-0.6,38.0
2026-07-23T19:00:00.000Z,44.8,-0.2,36.0
2026-07-23T19:00:00.000Z,45.2,-1.4,44.0
2026-07-23T19:00:00.000Z,45.2,-1.0,38.0
2026-07-23T19:00:00.000Z,45.2,-0.6,36.0
2026-07-23T19:00:00.000Z,45.2,-0.2,34.0
2026-07-23T20:00:00.000Z,43.6,-1.4,35.0
2026-07-23T20:00:00.000Z,43.6,-1.0,34.0
2026-07-23T20:00:00.000Z,43.6,-0.6,37.0
2026-07-23T20:00:00.000Z,43.6,-0.2,33.0
2026-07-23T20:00:00.000Z,44.0,-1.4,39.0
2026-07-23T20:00:00.000Z,44.0,-1.0,38.0
2026-07-23T20:00:00.000Z,44.0,-0.6,37.0
2026-07-23T20:00:00.000Z,44.0,-0.2,35.0
2026-07-23T20:00:00.000Z,44.4,-1.4,42.0
2026-07-23T20:00:00.000Z,44.4,-1.0,36.0
2026-07-23T20:00:00.000Z,44.4,-0.6,36.0
2026-07-23T20:00:00.000Z,44.4,-0.2,34.0
2026-07-23T20:00:00.000Z,44.8,-1.4,43.0
2026-07-23T20:00:00.000Z,44.8,-1.0,35.0
2026-07-23T20:00:00.000Z,44.8,-0.6,35.0
2026-07-23T20:00:00.000Z,44.8,-0.2,34.0
2026-07-23T20:00:00.000Z,45.2,-1.4,41.0
2026-07-23T20:00:00.000Z,45.2,-1.0,35.0
2026-07-23T20:00:00.000Z,45.2,-0.6,33.0
2026-07-23T20:00:00.000Z,45.2,-0.2,31.0
2026-07-23T21:00:00.000Z,43.6,-1.4,32.0
2026-07-23T21:00:00.000Z,43.6,-1.0,26.0
2026-07-23T21:00:00.000Z,43.6,-0.6,31.0
2026-07-23T21:00:00.000Z,43.6,-0.2,29.0
2026-07-23T21:00:00.000Z,44.0,-1.4,35.0
2026-07-23T21:00:00.000Z,44.0,-1.0,35.0
2026-07-23T21:00:00.000Z,44.0,-0.6,34.0
2026-07-23T21:00:00.000Z,44.0,-0.2,32.0
2026-07-23T21:00:00.000Z,44.4,-1.4,37.0
2026-07-23T21:00:00.000Z,44.4,-1.0,34.0
2026-07-23T21:00:00.000Z,44.4,-0.6,32.0
2026-07-23T21:00:00.000Z,44.4,-0.2,30.0
2026-07-23T21:00:00.000Z,44.8,-1.4,38.0
2026-07-23T21:00:00.000Z,44.8,-1.0,32.0
2026-07-23T21:00:00.000Z,44.8,-0.6,31.0
2026-07-23T21:00:00.000Z,44.8,-0.2,31.0
2026-07-23T21:00:00.000Z,45.2,-1.4,37.0
2026-07-23T21:00:00.000Z,45.2,-1.0,32.0
2026-07-23T21:00:00.000Z,45.2,-0.6,31.0
2026-07-23T21:00:00.000Z,45.2,-0.2,29.0
2026-07-23T22:00:00.000Z,43.6,-1.4,31.0
2026-07-23T22:00:00.000Z,43.6,-1.0,24.0
2026-07-23T22:00:00.000Z,43.6,-0.6,26.0
2026-07-23T22:00:00.000Z,43.6,-0.2,26.0
2026-07-23T22:00:00.000Z,44.0,-1.4,34.0
2026-07-23T22:00:00.000Z,44.0,-1.0,31.0
2026-07-23T22:00:00.000Z,44.0,-0.6,31.0
2026-07-23T22:00:00.000Z,44.0,-0.2,28.0
2026-07-23T22:00:00.000Z,44.4,-1.4,35.0
2026-07-23T22:00:00.000Z,44.4,-1.0,32.0
2026-07-23T22:00:00.000Z,44.4,-0.6,30.0
2026-07-23T22:00:00.000Z,44.4,-0.2,29.0
2026-07-23T22:00:00.000Z,44.8,-1.4,34.0
2026-07-23T22:00:00.000Z,44.8,-1.0,30.0
2026-07-23T22:00:00.000Z,44.8,-0.6,28.0
2026-07-23T22:00:00.000Z,44.8,-0.2,28.0
2026-07-23T22:00:00.000Z,45.2,-1.4,34.0
2026-07-23T22:00:00.000Z,45.2,-1.0,28.0
2026-07-23T22:00:00.000Z,45.2,-0.6,28.0
2026-07-23T22:00:00.000Z,45.2,-0.2,28.0
2026-07-23T23:00:00.000Z,43.6,-1.4,31.0
2026-07-23T23:00:00.000Z,43.6,-1.0,23.0
2026-07-23T23:00:00.000Z,43.6,-0.6,23.0
2026-07-23T23:00:00.000Z,43.6,-0.2,24.0
2026-07-23T23:00:00.000Z,44.0,-1.4,32.0
2026-07-23T23:00:00.000Z,44.0,-1.0,29.0
2026-07-23T23:00:00.000Z,44.0,-0.6,28.0
2026-07-23T23:00:00.000Z,44.0,-0.2,28.0
2026-07-23T23:00:00.000Z,44.4,-1.4,33.0
2026-07-23T23:00:00.000Z,44.4,-1.0,30.0
2026-07-23T23:00:00.000Z,44.4,-0.6,28.0
2026-07-23T23:00:00.000Z,44.4,-0.2,27.0
2026-07-23T23:00:00.000Z,44.8,-1.4,32.0
2026-07-23T23:00:00.000Z,44.8,-1.0,28.0
2026-07-23T23:00:00.000Z,44.8,-0.6,27.0
2026-07-23T23:00:00.000Z,44.8,-0.2,27.0
2026-07-23T23:00:00.000Z,45.2,-1.4,34.0
2026-07-23T23:00:00.000Z,45.2,-1.0,26.0
2026-07-23T23:00:00.000Z,45.2,-0.6,26.0
2026-07-23T23:00:00.000Z,45.2,-0.2,27.0
2026-07-24T00:00:00.000Z,43.6,-1.4,30.0
2026-07-24T00:00:00.000Z,43.6,-1.0,22.0
2026-07-24T00:00:00.000Z,43.6,-0.6,22.0
2026-07-24T00:00:00.000Z,43.6,-0.2,22.0
2026-07-24T00:00:00.000Z,44.0,-1.4,30.0
2026-07-24T00:00:00.000Z,44.0,-1.0,27.0
2026-07-24T00:00:00.000Z,44.0,-0.6,27.0
2026-07-24T00:00:00.000Z,44.0,-0.2,27.0
2026-07-24T00:00:00.000Z,44.4,-1.4,32.0
2026-07-24T00:00:00.000Z,44.4,-1.0,28.0
2026-07-24T00:00:00.000Z,44.4,-0.6,25.0
2026-07-24T00:00:00.000Z,44.4,-0.2,26.0
2026-07-24T00:00:00.000Z,44.8,-1.4,32.0
2026-07-24T00:00:00.000Z,44.8,-1.0,24.0
2026-07-24T00:00:00.000Z,44.8,-0.6,26.0
2026-07-24T00:00:00.000Z,44.8,-0.2,26.0
2026-07-24T00:00:00.000Z,45.2,-1.4,31.0
2026-07-24T00:00:00.000Z,45.2,-1.0,24.0
2026-07-24T00:00:00.000Z,45.2,-0.6,25.0
2026-07-24T00:00:00.000Z,45.2,-0.2,26.0
2026-07-24T01:00:00.000Z,43.6,-1.4,28.0
2026-07-24T01:00:00.000Z,43.6,-1.0,20.0
2026-07-24T01:00:00.000Z,43.6,-0.6,21.0
2026-07-24T01:00:00.000Z,43.6,-0.2,19.0
2026-07-24T01:00:00.000Z,44.0,-1.4,29.0
2026-07-24T01:00:00.000Z,44.0,-1.0,26.0
2026-07-24T01:00:00.000Z,44.0,-0.6,26.0
2026-07-24T01:00:00.000Z,44.0,-0.2,26.0
2026-07-24T01:00:00.000Z,44.4,-1.4,30.0
2026-07-24T01:00:00.000Z,44.4,-1.0,27.0
2026-07-24T01:00:00.000Z,44.4,-0.6,24.0
2026-07-24T01:00:00.000Z,44.4,-0.2,24.0
2026-07-24T01:00:00.000Z,44.8,-1.4,28.0
2026-07-24T01:00:00.000Z,44.8,-1.0,24.0
2026-07-24T01:00:00.000Z,44.8,-0.6,26.0
2026-07-24T01:00:00.000Z,44.8,-0.2,24.0
2026-07-24T01:00:00.000Z,45.2,-1.4,29.0
2026-07-24T01:00:00.000Z,45.2,-1.0,24.0
2026-07-24T01:00:00.000Z,45.2,-0.6,26.0
2026-07-24T01:00:00.000Z,45.2,-0.2,26.0
2026-07-24T02:00:00.000Z,43.6,-1.4,26.0
2026-07-24T02:00:00.000Z,43.6,-1.0,20.0
2026-07-24T02:00:00.000Z,43.6,-0.6,19.0
2026-07-24T02:00:00.000Z,43.6,-0.2,17.0
2026-07-24T02:00:00.000Z,44.0,-1.4,27.0
2026-07-24T02:00:00.000Z,44.0,-1.0,24.0
2026-07-24T02:00:00.000Z,44.0,-0.6,24.0
2026-07-24T02:00:00.000Z,44.0,-0.2,24.0
2026-07-24T02:00:00.000Z,44.4,-1.4,28.0
2026-07-24T02:00:00.000Z,44.4,-1.0,24.0
2026-07-24T02:00:00.000Z,44.4,-0.6,22.0
2026-07-24T02:00:00.000Z,44.4,-0.2,22.0
2026-07-24T02:00:00.000Z,44.8,-1.4,27.0
2026-07-24T02:00:00.000Z,44.8,-1.0,23.0
2026-07-24T02:00:00.000Z,44.8,-0.6,25.0
2026-07-24T02:00:00.000Z,44.8,-0.2,23.0
2026-07-24T02:00:00.000Z,45.2,-1.4,29.0
2026-07-24T02:00:00.000Z,45.2,-1.0,24.0
2026-07-24T02:00:00.000Z,45.2,-0.6,26.0
2026-07-24T02:00:00.000Z,45.2,-0.2,26.0
2026-07-24T03:00:00.000Z,43.6,-1.4,24.0
2026-07-24T03:00:00.000Z,43.6,-1.0,18.0
2026-07-24T03:00:00.000Z,43.6,-0.6,16.0
2026-07-24T03:00:00.000Z,43.6,-0.2,16.0
2026-07-24T03:00:00.000Z,44.0,-1.4,24.0
2026-07-24T03:00:00.000Z,44.0,-1.0,22.0
2026-07-24T03:00:00.000Z,44.0,-0.6,21.0
2026-07-24T03:00:00.000Z,44.0,-0.2,22.0
2026-07-24T03:00:00.000Z,44.4,-1.4,26.0
2026-07-24T03:00:00.000Z,44.4,-1.0,23.0
2026-07-24T03:00:00.000Z,44.4,-0.6,20.0
2026-07-24T03:00:00.000Z,44.4,-0.2,21.0
2026-07-24T03:00:00.000Z,44.8,-1.4,25.0
2026-07-24T03:00:00.000Z,44.8,-1.0,23.0
2026-07-24T03:00:00.000Z,44.8,-0.6,24.0
2026-07-24T03:00:00.000Z,44.8,-0.2,22.0
2026-07-24T03:00:00.000Z,45.2,-1.4,29.0
2026-07-24T03:00:00.000Z,45.2,-1.0,24.0
2026-07-24T03:00:00.000Z,45.2,-0.6,25.0
2026-07-24T03:00:00.000Z,45.2,-0.2,24.0
2026-07-24T04:00:00.000Z,43.6,-1.4,22.0
2026-07-24T04:00:00.000Z,43.6,-1.0,17.0
2026-07-24T04:00:00.000Z,43.6,-0.6,16.0
2026-07-24T04:00:00.000Z,43.6,-0.2,15.0
2026-07-24T04:00:00.000Z,44.0,-1.4,23.0
2026-07-24T04:00:00.000Z,44.0,-1.0,20.0
2026-07-24T04:00:00.000Z,44.0,-0.6,20.0
2026-07-24T04:00:00.000Z,44.0,-0.2,21.0
2026-07-24T04:00:00.000Z,44.4,-1.4,25.0
2026-07-24T04:00:00.000Z,44.4,-1.0,22.0
2026-07-24T04:00:00.000Z,44.4,-0.6,19.0
2026-07-24T04:00:00.000Z,44.4,-0.2,20.0
2026-07-24T04:00:00.000Z,44.8,-1.4,26.0
2026-07-24T04:00:00.000Z,44.8,-1.0,23.0
2026-07-24T04:00:00.000Z,44.8,-0.6,23.0
2026-07-24T04:00:00.000Z,44.8,-0.2,21.0
2026-07-24T04:00:00.000Z,45.2,-1.4,28.0
2026-07-24T04:00:00.000Z,45.2,-1.0,24.0
2026-07-24T04:00:00.000Z,45.2,-0.6,24.0
2026-07-24T04:00:00.000Z,45.2,-0.2,24.0
2026-07-24T05:00:00.000Z,43.6,-1.4,20.0
2026-07-24T05:00:00.000Z,43.6,-1.0,18.0
2026-07-24T05:00:00.000Z,43.6,-0.6,16.0
2026-07-24T05:00:00.000Z,43.6,-0.2,14.0
2026-07-24T05:00:00.000Z,44.0,-1.4,22.0
2026-07-24T05:00:00.000Z,44.0,-1.0,18.0
2026-07-24T05:00:00.000Z,44.0,-0.6,19.0
2026-07-24T05:00:00.000Z,44.0,-0.2,20.0
2026-07-24T05:00:00.000Z,44.4,-1.4,25.0
2026-07-24T05:00:00.000Z,44.4,-1.0,21.0
2026-07-24T05:00:00.000Z,44.4,-0.6,18.0
2026-07-24T05:00:00.000Z,44.4,-0.2,18.0
2026-07-24T05:00:00.000Z,44.8,-1.4,24.0
2026-07-24T05:00:00.000Z,44.8,-1.0,22.0
2026-07-24T05:00:00.000Z,44.8,-0.6,22.0
2026-07-24T05:00:00.000Z,44.8,-0.2,20.0
2026-07-24T05:00:00.000Z,45.2,-1.4,28.0
2026-07-24T05:00:00.000Z,45.2,-1.0,24.0
2026-07-24T05:00:00.000Z,45.2,-0.6,23.0
2026-07-24T05:00:00.000Z,45.2,-0.2,22.0
2026-07-24T06:00:00.000Z,43.6,-1.4,18.0
2026-07-24T06:00:00.000Z,43.6,-1.0,18.0
2026-07-24T06:00:00.000Z,43.6,-0.6,16.0
2026-07-24T06:00:00.000Z,43.6,-0.2,14.0
2026-07-24T06:00:00.000Z,44.0,-1.4,23.0
2026-07-24T06:00:00.000Z,44.0,-1.0,19.0
2026-07-24T06:00:00.000Z,44.0,-0.6,19.0
2026-07-24T06:00:00.000Z,44.0,-0.2,19.0
2026-07-24T06:00:00.000Z,44.4,-1.4,25.0
2026-07-24T06:00:00.000Z,44.4,-1.0,22.0
2026-07-24T06:00:00.000Z,44.4,-0.6,20.0
2026-07-24T06:00:00.000Z,44.4,-0.2,19.0
2026-07-24T06:00:00.000Z,44.8,-1.4,23.0
2026-07-24T06:00:00.000Z,44.8,-1.0,22.0
2026-07-24T06:00:00.000Z,44.8,-0.6,20.0
2026-07-24T06:00:00.000Z,44.8,-0.2,20.0
2026-07-24T06:00:00.000Z,45.2,-1.4,28.0
2026-07-24T06:00:00.000Z,45.2,-1.0,22.0
2026-07-24T06:00:00.000Z,45.2,-0.6,22.0
2026-07-24T06:00:00.000Z,45.2,-0.2,22.0
2026-07-24T07:00:00.000Z,43.6,-1.4,20.0
2026-07-24T07:00:00.000Z,43.6,-1.0,18.0
2026-07-24T07:00:00.000Z,43.6,-0.6,15.0
2026-07-24T07:00:00.000Z,43.6,-0.2,15.0
2026-07-24T07:00:00.000Z,44.0,-1.4,23.0
2026-07-24T07:00:00.000Z,44.0,-1.0,21.0
2026-07-24T07:00:00.000Z,44.0,-0.6,21.0
2026-07-24T07:00:00.000Z,44.0,-0.2,21.0
2026-07-24T07:00:00.000Z,44.4,-1.4,24.0
2026-07-24T07:00:00.000Z,44.4,-1.0,22.0
2026-07-24T07:00:00.000Z,44.4,-0.6,20.0
2026-07-24T07:00:00.000Z,44.4,-0.2,19.0
2026-07-24T07:00:00.000Z,44.8,-1.4,24.0
2026-07-24T07:00:00.000Z,44.8,-1.0,23.0
2026-07-24T07:00:00.000Z,44.8,-0.6,20.0
2026-07-24T07:00:00.000Z,44.8,-0.2,20.0
2026-07-24T07:00:00.000Z,45.2,-1.4,28.0
2026-07-24T07:00:00.000Z,45.2,-1.0,21.0
2026-07-24T07:00:00.000Z,45.2,-0.6,21.0
2026-07-24T07:00:00.000Z,45.2,-0.2,21.0
2026-07-24T08:00:00.000Z,43.6,-1.4,24.0
2026-07-24T08:00:00.000Z,43.6,-1.0,21.0
2026-07-24T08:00:00.000Z,43.6,-0.6,21.0
2026-07-24T08:00:00.000Z,43.6,-0.2,21.0
2026-07-24T08:00:00.000Z,44.0,-1.4,26.0
2026-07-24T08:00:00.000Z,44.0,-1.0,25.0
2026-07-24T08:00:00.000Z,44.0,-0.6,26.0
2026-07-24T08:00:00.000Z,44.0,-0.2,26.0
2026-07-24T08:00:00.000Z,44.4,-1.4,28.0
2026-07-24T08:00:00.000Z,44.4,-1.0,25.0
2026-07-24T08:00:00.000Z,44.4,-0.6,23.0
2026-07-24T08:00:00.000Z,44.4,-0.2,23.0
2026-07-24T08:00:00.000Z,44.8,-1.4,26.0
2026-07-24T08:00:00.000Z,44.8,-1.0,25.0
2026-07-24T08:00:00.000Z,44.8,-0.6,23.0
2026-07-24T08:00:00.000Z,44.8,-0.2,25.0
2026-07-24T08:00:00.000Z,45.2,-1.4,28.0
2026-07-24T08:00:00.000Z,45.2,-1.0,23.0
2026-07-24T08:00:00.000Z,45.2,-0.6,24.0
2026-07-24T08:00:00.000Z,45.2,-0.2,24.0
2026-07-24T09:00:00.000Z,43.6,-1.4,28.0
2026-07-24T09:00:00.000Z,43.6,-1.0,26.0
2026-07-24T09:00:00.000Z,43.6,-0.6,26.0
2026-07-24T09:00:00.000Z,43.6,-0.2,28.0
2026-07-24T09:00:00.000Z,44.0,-1.4,29.0
2026-07-24T09:00:00.000Z,44.0,-1.0,28.0
2026-07-24T09:00:00.000Z,44.0,-0.6,29.0
2026-07-24T09:00:00.000Z,44.0,-0.2,30.0
2026-07-24T09:00:00.000Z,44.4,-1.4,28.0
2026-07-24T09:00:00.000Z,44.4,-1.0,28.0
2026-07-24T09:00:00.000Z,44.4,-0.6,28.0
2026-07-24T09:00:00.000Z,44.4,-0.2,27.0
2026-07-24T09:00:00.000Z,44.8,-1.4,30.0
2026-07-24T09:00:00.000Z,44.8,-1.0,29.0
2026-07-24T09:00:00.000Z,44.8,-0.6,28.0
2026-07-24T09:00:00.000Z,44.8,-0.2,28.0
2026-07-24T09:00:00.000Z,45.2,-1.4,30.0
2026-07-24T09:00:00.000Z,45.2,-1.0,28.0
2026-07-24T09:00:00.000Z,45.2,-0.6,26.0
2026-07-24T09:00:00.000Z,45.2,-0.2,27.0
2026-07-24T10:00:00.000Z,43.6,-1.4,33.0
2026-07-24T10:00:00.000Z,43.6,-1.0,31.0
2026-07-24T10:00:00.000Z,43.6,-0.6,32.0
2026-07-24T10:00:00.000Z,43.6,-0.2,33.0
2026-07-24T10:00:00.000Z,44.0,-1.4,32.0
2026-07-24T10:00:00.000Z,44.0,-1.0,35.0
2026-07-24T10:00:00.000Z,44.0,-0.6,35.0
2026-07-24T10:00:00.000Z,44.0,-0.2,36.0
2026-07-24T10:00:00.000Z,44.4,-1.4,34.0
2026-07-24T10:00:00.000Z,44.4,-1.0,33.0
2026-07-24T10:00:00.000Z,44.4,-0.6,34.0
2026-07-24T10:00:00.000Z,44.4,-0.2,33.0
2026-07-24T10:00:00.000Z,44.8,-1.4,34.0
2026-07-24T10:00:00.000Z,44.8,-1.0,35.0
2026-07-24T10:00:00.000Z,44.8,-0.6,34.0
2026-07-24T10:00:00.000Z,44.8,-0.2,32.0
2026-07-24T10:00:00.000Z,45.2,-1.4,34.0
2026-07-24T10:00:00.000Z,45.2,-1.0,31.0
2026-07-24T10:00:00.000Z,45.2,-0.6,31.0
2026-07-24T10:00:00.000Z,45.2,-0.2,31.0
2026-07-24T11:00:00.000Z,43.6,-1.4,38.0
2026-07-24T11:00:00.000Z,43.6,-1.0,36.0
2026-07-24T11:00:00.000Z,43.6,-0.6,38.0
2026-07-24T11:00:00.000Z,43.6,-0.2,40.0
2026-07-24T11:00:00.000Z,44.0,-1.4,35.0
2026-07-24T11:00:00.000Z,44.0,-1.0,38.0
2026-07-24T11:00:00.000Z,44.0,-0.6,39.0
2026-07-24T11:00:00.000Z,44.0,-0.2,40.0
2026-07-24T11:00:00.000Z,44.4,-1.4,41.0
2026-07-24T11:00:00.000Z,44.4,-1.0,37.0
2026-07-24T11:00:00.000Z,44.4,-0.6,38.0
2026-07-24T11:00:00.000Z,44.4,-0.2,38.0
2026-07-24T11:00:00.000Z,44.8,-1.4,38.0
2026-07-24T11:00:00.000Z,44.8,-1.0,39.0
2026-07-24T11:00:00.000Z,44.8,-0.6,38.0
2026-07-24T11:00:00.000Z,44.8,-0.2,36.0
2026-07-24T11:00:00.000Z,45.2,-1.4,36.0
2026-07-24T11:00:00.000Z,45.2,-1.0,35.0
2026-07-24T11:00:00.000Z,45.2,-0.6,36.0
2026-07-24T11:00:00.000Z,45.2,-0.2,35.0
2026-07-24T12:00:00.000Z,43.6,-1.4,42.0
2026-07-24T12:00:00.000Z,43.6,-1.0,41.0
2026-07-24T12:00:00.000Z,43.6,-0.6,42.0
2026-07-24T12:00:00.000Z,43.6,-0.2,41.0
2026-07-24T12:00:00.000Z,44.0,-1.4,36.0
2026-07-24T12:00:00.000Z,44.0,-1.0,40.0
2026-07-24T12:00:00.000Z,44.0,-0.6,41.0
2026-07-24T12:00:00.000Z,44.0,-0.2,43.0
2026-07-24T12:00:00.000Z,44.4,-1.4,45.0
2026-07-24T12:00:00.000Z,44.4,-1.0,40.0
2026-07-24T12:00:00.000Z,44.4,-0.6,41.0
2026-07-24T12:00:00.000Z,44.4,-0.2,41.0
2026-07-24T12:00:00.000Z,44.8,-1.4,39.0
2026-07-24T12:00:00.000Z,44.8,-1.0,45.0
2026-07-24T12:00:00.000Z,44.8,-0.6,40.0
2026-07-24T12:00:00.000Z,44.8,-0.2,38.0
2026-07-24T12:00:00.000Z,45.2,-1.4,38.0
2026-07-24T12:00:00.000Z,45.2,-1.0,37.0
2026-07-24T12:00:00.000Z,45.2,-0.6,38.0
2026-07-24T12:00:00.000Z,45.2,-0.2,37.0
2026-07-24T13:00:00.000Z,43.6,-1.4,41.0
2026-07-24T13:00:00.000Z,43.6,-1.0,45.0
2026-07-24T13:00:00.000Z,43.6,-0.6,43.0
2026-07-24T13:00:00.000Z,43.6,-0.2,45.0
2026-07-24T13:00:00.000Z,44.0,-1.4,39.0
2026-07-24T13:00:00.000Z,44.0,-1.0,42.0
2026-07-24T13:00:00.000Z,44.0,-0.6,44.0
2026-07-24T13:00:00.000Z,44.0,-0.2,46.0
2026-07-24T13:00:00.000Z,44.4,-1.4,48.0
2026-07-24T13:00:00.000Z,44.4,-1.0,42.0
2026-07-24T13:00:00.000Z,44.4,-0.6,45.0
2026-07-24T13:00:00.000Z,44.4,-0.2,44.0
2026-07-24T13:00:00.000Z,44.8,-1.4,42.0
2026-07-24T13:00:00.000Z,44.8,-1.0,49.0
2026-07-24T13:00:00.000Z,44.8,-0.6,41.0
2026-07-24T13:00:00.000Z,44.8,-0.2,40.0
2026-07-24T13:00:00.000Z,45.2,-1.4,42.0
2026-07-24T13:00:00.000Z,45.2,-1.0,40.0
2026-07-24T13:00:00.000Z,45.2,-0.6,39.0
2026-07-24T13:00:00.000Z,45.2,-0.2,38.0
2026-07-24T14:00:00.000Z,43.6,-1.4,39.0
2026-07-24T14:00:00.000Z,43.6,-1.0,46.0
2026-07-24T14:00:00.000Z,43.6,-0.6,45.0
2026-07-24T14:00:00.000Z,43.6,-0.2,55.0
2026-07-24T14:00:00.000Z,44.0,-1.4,47.0
2026-07-24T14:00:00.000Z,44.0,-1.0,45.0
2026-07-24T14:00:00.000Z,44.0,-0.6,47.0
2026-07-24T14:00:00.000Z,44.0,-0.2,49.0
2026-07-24T14:00:00.000Z,44.4,-1.4,45.0
2026-07-24T14:00:00.000Z,44.4,-1.0,45.0
2026-07-24T14:00:00.000Z,44.4,-0.6,46.0
2026-07-24T14:00:00.000Z,44.4,-0.2,47.0
2026-07-24T14:00:00.000Z,44.8,-1.4,45.0
2026-07-24T14:00:00.000Z,44.8,-1.0,51.0
2026-07-24T14:00:00.000Z,44.8,-0.6,44.0
2026-07-24T14:00:00.000Z,44.8,-0.2,42.0
2026-07-24T14:00:00.000Z,45.2,-1.4,43.0
2026-07-24T14:00:00.000Z,45.2,-1.0,43.0
2026-07-24T14:00:00.000Z,45.2,-0.6,41.0
2026-07-24T14:00:00.000Z,45.2,-0.2,40.0
2026-07-24T15:00:00.000Z,43.6,-1.4,39.0
2026-07-24T15:00:00.000Z,43.6,-1.0,46.0
2026-07-24T15:00:00.000Z,43.6,-0.6,48.0
2026-07-24T15:00:00.000Z,43.6,-0.2,57.0
2026-07-24T15:00:00.000Z,44.0,-1.4,47.0
2026-07-24T15:00:00.000Z,44.0,-1.0,45.0
2026-07-24T15:00:00.000Z,44.0,-0.6,49.0
2026-07-24T15:00:00.000Z,44.0,-0.2,53.0
2026-07-24T15:00:00.000Z,44.4,-1.4,44.0
2026-07-24T15:00:00.000Z,44.4,-1.0,47.0
2026-07-24T15:00:00.000Z,44.4,-0.6,47.0
2026-07-24T15:00:00.000Z,44.4,-0.2,49.0
2026-07-24T15:00:00.000Z,44.8,-1.4,45.0
2026-07-24T15:00:00.000Z,44.8,-1.0,53.0
2026-07-24T15:00:00.000Z,44.8,-0.6,47.0
2026-07-24T15:00:00.000Z,44.8,-0.2,44.0
2026-07-24T15:00:00.000Z,45.2,-1.4,42.0
2026-07-24T15:00:00.000Z,45.2,-1.0,45.0
2026-07-24T15:00:00.000Z,45.2,-0.6,43.0
2026-07-24T15:00:00.000Z,45.2,-0.2,42.0
2026-07-24T16:00:00.000Z,43.6,-1.4,38.0
2026-07-24T16:00:00.000Z,43.6,-1.0,42.0
2026-07-24T16:00:00.000Z,43.6,-0.6,48.0
2026-07-24T16:00:00.000Z,43.6,-0.2,57.0
2026-07-24T16:00:00.000Z,44.0,-1.4,47.0
2026-07-24T16:00:00.000Z,44.0,-1.0,45.0
2026-07-24T16:00:00.000Z,44.0,-0.6,49.0
2026-07-24T16:00:00.000Z,44.0,-0.2,54.0
2026-07-24T16:00:00.000Z,44.4,-1.4,42.0
2026-07-24T16:00:00.000Z,44.4,-1.0,47.0
2026-07-24T16:00:00.000Z,44.4,-0.6,48.0
2026-07-24T16:00:00.000Z,44.4,-0.2,51.0
2026-07-24T16:00:00.000Z,44.8,-1.4,43.0
2026-07-24T16:00:00.000Z,44.8,-1.0,52.0
2026-07-24T16:00:00.000Z,44.8,-0.6,49.0
2026-07-24T16:00:00.000Z,44.8,-0.2,45.0
2026-07-24T16:00:00.000Z,45.2,-1.4,45.0
2026-07-24T16:00:00.000Z,45.2,-1.0,46.0
2026-07-24T16:00:00.000Z,45.2,-0.6,45.0
2026-07-24T16:00:00.000Z,45.2,-0.2,43.0
2026-07-24T17:00:00.000Z,43.6,-1.4,37.0
2026-07-24T17:00:00.000Z,43.6,-1.0,38.0
2026-07-24T17:00:00.000Z,43.6,-0.6,41.0
2026-07-24T17:00:00.000Z,43.6,-0.2,53.0
2026-07-24T17:00:00.000Z,44.0,-1.4,45.0
2026-07-24T17:00:00.000Z,44.0,-1.0,44.0
2026-07-24T17:00:00.000Z,44.0,-0.6,46.0
2026-07-24T17:00:00.000Z,44.0,-0.2,51.0
2026-07-24T17:00:00.000Z,44.4,-1.4,43.0
2026-07-24T17:00:00.000Z,44.4,-1.0,47.0
2026-07-24T17:00:00.000Z,44.4,-0.6,49.0
2026-07-24T17:00:00.000Z,44.4,-0.2,49.0
2026-07-24T17:00:00.000Z,44.8,-1.4,45.0
2026-07-24T17:00:00.000Z,44.8,-1.0,49.0
2026-07-24T17:00:00.000Z,44.8,-0.6,48.0
2026-07-24T17:00:00.000Z,44.8,-0.2,45.0
2026-07-24T17:00:00.000Z,45.2,-1.4,47.0
2026-07-24T17:00:00.000Z,45.2,-1.0,43.0
2026-07-24T17:00:00.000Z,45.2,-0.6,43.0
2026-07-24T17:00:00.000Z,45.2,-0.2,42.0
2026-07-24T18:00:00.000Z,43.6,-1.4,37.0
2026-07-24T18:00:00.000Z,43.6,-1.0,36.0
2026-07-24T18:00:00.000Z,43.6,-0.6,38.0
2026-07-24T18:00:00.000Z,43.6,-0.2,41.0
2026-07-24T18:00:00.000Z,44.0,-1.4,43.0
2026-07-24T18:00:00.000Z,44.0,-1.0,42.0
2026-07-24T18:00:00.000Z,44.0,-0.6,43.0
2026-07-24T18:00:00.000Z,44.0,-0.2,49.0
2026-07-24T18:00:00.000Z,44.4,-1.4,41.0
2026-07-24T18:00:00.000Z,44.4,-1.0,41.0
2026-07-24T18:00:00.000Z,44.4,-0.6,49.0
2026-07-24T18:00:00.000Z,44.4,-0.2,43.0
2026-07-24T18:00:00.000Z,44.8,-1.4,46.0
2026-07-24T18:00:00.000Z,44.8,-1.0,46.0
2026-07-24T18:00:00.000Z,44.8,-0.6,44.0
2026-07-24T18:00:00.000Z,44.8,-0.2,41.0
2026-07-24T18:00:00.000Z,45.2,-1.4,46.0
2026-07-24T18:00:00.000Z,45.2,-1.0,43.0
2026-07-24T18:00:00.000Z,45.2,-0.6,44.0
2026-07-24T18:00:00.000Z,45.2,-0.2,39.0
2026-07-24T19:00:00.000Z,43.6,-1.4,38.0
2026-07-24T19:00:00.000Z,43.6,-1.0,36.0
2026-07-24T19:00:00.000Z,43.6,-0.6,36.0
2026-07-24T19:00:00.000Z,43.6,-0.2,37.0
2026-07-24T19:00:00.000Z,44.0,-1.4,43.0
2026-07-24T19:00:00.000Z,44.0,-1.0,40.0
2026-07-24T19:00:00.000Z,44.0,-0.6,40.0
2026-07-24T19:00:00.000Z,44.0,-0.2,40.0
2026-07-24T19:00:00.000Z,44.4,-1.4,39.0
2026-07-24T19:00:00.000Z,44.4,-1.0,37.0
2026-07-24T19:00:00.000Z,44.4,-0.6,45.0
2026-07-24T19:00:00.000Z,44.4,-0.2,39.0
2026-07-24T19:00:00.000Z,44.8,-1.4,44.0
2026-07-24T19:00:00.000Z,44.8,-1.0,38.0
2026-07-24T19:00:00.000Z,44.8,-0.6,39.0
2026-07-24T19:00:00.000Z,44.8,-0.2,38.0
2026-07-24T19:00:00.000Z,45.2,-1.4,45.0
2026-07-24T19:00:00.000Z,45.2,-1.0,41.0
2026-07-24T19:00:00.000Z,45.2,-0.6,40.0
2026-07-24T19:00:00.000Z,45.2,-0.2,38.0
2026-07-24T20:00:00.000Z,43.6,-1.4,37.0
2026-07-24T20:00:00.000Z,43.6,-1.0,36.0
2026-07-24T20:00:00.000Z,43.6,-0.6,36.0
2026-07-24T20:00:00.000Z,43.6,-0.2,36.0
2026-07-24T20:00:00.000Z,44.0,-1.4,42.0
2026-07-24T20:00:00.000Z,44.0,-1.0,39.0
2026-07-24T20:00:00.000Z,44.0,-0.6,38.0
2026-07-24T20:00:00.000Z,44.0,-0.2,41.0
2026-07-24T20:00:00.000Z,44.4,-1.4,38.0
2026-07-24T20:00:00.000Z,44.4,-1.0,38.0
2026-07-24T20:00:00.000Z,44.4,-0.6,38.0
2026-07-24T20:00:00.000Z,44.4,-0.2,38.0
2026-07-24T20:00:00.000Z,44.8,-1.4,43.0
2026-07-24T20:00:00.000Z,44.8,-1.0,35.0
2026-07-24T20:00:00.000Z,44.8,-0.6,36.0
2026-07-24T20:00:00.000Z,44.8,-0.2,35.0
2026-07-24T20:00:00.000Z,45.2,-1.4,43.0
2026-07-24T20:00:00.000Z,45.2,-1.0,36.0
2026-07-24T20:00:00.000Z,45.2,-0.6,36.0
2026-07-24T20:00:00.000Z,45.2,-0.2,35.0
2026-07-24T21:00:00.000Z,43.6,-1.4,36.0
2026-07-24T21:00:00.000Z,43.6,-1.0,34.0
2026-07-24T21:00:00.000Z,43.6,-0.6,35.0
2026-07-24T21:00:00.000Z,43.6,-0.2,35.0
2026-07-24T21:00:00.000Z,44.0,-1.4,41.0
2026-07-24T21:00:00.000Z,44.0,-1.0,37.0
2026-07-24T21:00:00.000Z,44.0,-0.6,37.0
2026-07-24T21:00:00.000Z,44.0,-0.2,37.0
2026-07-24T21:00:00.000Z,44.4,-1.4,40.0
2026-07-24T21:00:00.000Z,44.4,-1.0,36.0
2026-07-24T21:00:00.000Z,44.4,-0.6,37.0
2026-07-24T21:00:00.000Z,44.4,-0.2,36.0
2026-07-24T21:00:00.000Z,44.8,-1.4,40.0
2026-07-24T21:00:00.000Z,44.8,-1.0,36.0
2026-07-24T21:00:00.000Z,44.8,-0.6,37.0
2026-07-24T21:00:00.000Z,44.8,-0.2,34.0
2026-07-24T21:00:00.000Z,45.2,-1.4,41.0
2026-07-24T21:00:00.000Z,45.2,-1.0,34.0
2026-07-24T21:00:00.000Z,45.2,-0.6,34.0
2026-07-24T21:00:00.000Z,45.2,-0.2,34.0
2026-07-24T22:00:00.000Z,43.6,-1.4,36.0
2026-07-24T22:00:00.000Z,43.6,-1.0,34.0
2026-07-24T22:00:00.000Z,43.6,-0.6,33.0
2026-07-24T22:00:00.000Z,43.6,-0.2,34.0
2026-07-24T22:00:00.000Z,44.0,-1.4,40.0
2026-07-24T22:00:00.000Z,44.0,-1.0,37.0
2026-07-24T22:00:00.000Z,44.0,-0.6,36.0
2026-07-24T22:00:00.000Z,44.0,-0.2,37.0
2026-07-24T22:00:00.000Z,44.4,-1.4,40.0
2026-07-24T22:00:00.000Z,44.4,-1.0,34.0
2026-07-24T22:00:00.000Z,44.4,-0.6,35.0
2026-07-24T22:00:00.000Z,44.4,-0.2,34.0
2026-07-24T22:00:00.000Z,44.8,-1.4,42.0
2026-07-24T22:00:00.000Z,44.8,-1.0,34.0
2026-07-24T22:00:00.000Z,44.8,-0.6,34.0
2026-07-24T22:00:00.000Z,44.8,-0.2,32.0
2026-07-24T22:00:00.000Z,45.2,-1.4,39.0
2026-07-24T22:00:00.000Z,45.2,-1.0,32.0
2026-07-24T22:00:00.000Z,45.2,-0.6,32.0
2026-07-24T22:00:00.000Z,45.2,-0.2,30.0
2026-07-24T23:00:00.000Z,43.6,-1.4,36.0
2026-07-24T23:00:00.000Z,43.6,-1.0,34.0
2026-07-24T23:00:00.000Z,43.6,-0.6,34.0
2026-07-24T23:00:00.000Z,43.6,-0.2,34.0
2026-07-24T23:00:00.000Z,44.0,-1.4,40.0
2026-07-24T23:00:00.000Z,44.0,-1.0,38.0
2026-07-24T23:00:00.000Z,44.0,-0.6,34.0
2026-07-24T23:00:00.000Z,44.0,-0.2,37.0
2026-07-24T23:00:00.000Z,44.4,-1.4,39.0
2026-07-24T23:00:00.000Z,44.4,-1.0,34.0
2026-07-24T23:00:00.000Z,44.4,-0.6,34.0
2026-07-24T23:00:00.000Z,44.4,-0.2,32.0
2026-07-24T23:00:00.000Z,44.8,-1.4,41.0
2026-07-24T23:00:00.000Z,44.8,-1.0,34.0
2026-07-24T23:00:00.000Z,44.8,-0.6,32.0
2026-07-24T23:00:00.000Z,44.8,-0.2,34.0
2026-07-24T23:00:00.000Z,45.2,-1.4,36.0
2026-07-24T23:00:00.000Z,45.2,-1.0,28.0
2026-07-24T23:00:00.000Z,45.2,-0.6,28.0
2026-07-24T23:00:00.000Z,45.2,-0.2,28.0
2026-07-25T00:00:00.000Z,43.6,-1.4,38.0
2026-07-25T00:00:00.000Z,43.6,-1.0,33.0
2026-07-25T00:00:00.000Z,43.6,-0.6,32.0
2026-07-25T00:00:00.000Z,43.6,-0.2,34.0
2026-07-25T00:00:00.000Z,44.0,-1.4,40.0
2026-07-25T00:00:00.000Z,44.0,-1.0,36.0
2026-07-25T00:00:00.000Z,44.0,-0.6,32.0
2026-07-25T00:00:00.000Z,44.0,-0.2,35.0
2026-07-25T00:00:00.000Z,44.4,-1.4,42.0
2026-07-25T00:00:00.000Z,44.4,-1.0,34.0
2026-07-25T00:00:00.000Z,44.4,-0.6,34.0
2026-07-25T00:00:00.000Z,44.4,-0.2,33.0
2026-07-25T00:00:00.000Z,44.8,-1.4,39.0
2026-07-25T00:00:00.000Z,44.8,-1.0,30.0
2026-07-25T00:00:00.000Z,44.8,-0.6,30.0
2026-07-25T00:00:00.000Z,44.8,-0.2,30.0
2026-07-25T00:00:00.000Z,45.2,-1.4,32.0
2026-07-25T00:00:00.000Z,45.2,-1.0,24.0
2026-07-25T00:00:00.000Z,45.2,-0.6,26.0
2026-07-25T00:00:00.000Z,45.2,-0.2,27.0
2026-07-25T01:00:00.000Z,43.6,-1.4,38.0
2026-07-25T01:00:00.000Z,43.6,-1.0,33.0
2026-07-25T01:00:00.000Z,43.6,-0.6,32.0
2026-07-25T01:00:00.000Z,43.6,-0.2,32.0
2026-07-25T01:00:00.000Z,44.0,-1.4,40.0
2026-07-25T01:00:00.000Z,44.0,-1.0,35.0
2026-07-25T01:00:00.000Z,44.0,-0.6,32.0
2026-07-25T01:00:00.000Z,44.0,-0.2,34.0
2026-07-25T01:00:00.000Z,44.4,-1.4,41.0
2026-07-25T01:00:00.000Z,44.4,-1.0,36.0
2026-07-25T01:00:00.000Z,44.4,-0.6,33.0
2026-07-25T01:00:00.000Z,44.4,-0.2,33.0
2026-07-25T01:00:00.000Z,44.8,-1.4,39.0
2026-07-25T01:00:00.000Z,44.8,-1.0,27.0
2026-07-25T01:00:00.000Z,44.8,-0.6,33.0
2026-07-25T01:00:00.000Z,44.8,-0.2,30.0
2026-07-25T01:00:00.000Z,45.2,-1.4,33.0
2026-07-25T01:00:00.000Z,45.2,-1.0,25.0
2026-07-25T01:00:00.000Z,45.2,-0.6,25.0
2026-07-25T01:00:00.000Z,45.2,-0.2,26.0
2026-07-25T02:00:00.000Z,43.6,-1.4,37.0
2026-07-25T02:00:00.000Z,43.6,-1.0,33.0
2026-07-25T02:00:00.000Z,43.6,-0.6,33.0
2026-07-25T02:00:00.000Z,43.6,-0.2,34.0
2026-07-25T02:00:00.000Z,44.0,-1.4,40.0
2026-07-25T02:00:00.000Z,44.0,-1.0,36.0
2026-07-25T02:00:00.000Z,44.0,-0.6,32.0
2026-07-25T02:00:00.000Z,44.0,-0.2,34.0
2026-07-25T02:00:00.000Z,44.4,-1.4,40.0
2026-07-25T02:00:00.000Z,44.4,-1.0,36.0
2026-07-25T02:00:00.000Z,44.4,-0.6,32.0
2026-07-25T02:00:00.000Z,44.4,-0.2,32.0
2026-07-25T02:00:00.000Z,44.8,-1.4,40.0
2026-07-25T02:00:00.000Z,44.8,-1.0,21.0
2026-07-25T02:00:00.000Z,44.8,-0.6,33.0
2026-07-25T02:00:00.000Z,44.8,-0.2,30.0
2026-07-25T02:00:00.000Z,45.2,-1.4,35.0
2026-07-25T02:00:00.000Z,45.2,-1.0,24.0
2026-07-25T02:00:00.000Z,45.2,-0.6,24.0
2026-07-25T02:00:00.000Z,45.2,-0.2,25.0
2026-07-25T03:00:00.000Z,43.6,-1.4,36.0
2026-07-25T03:00:00.000Z,43.6,-1.0,33.0
2026-07-25T03:00:00.000Z,43.6,-0.6,33.0
2026-07-25T03:00:00.000Z,43.6,-0.2,32.0
2026-07-25T03:00:00.000Z,44.0,-1.4,40.0
2026-07-25T03:00:00.000Z,44.0,-1.0,36.0
2026-07-25T03:00:00.000Z,44.0,-0.6,32.0
2026-07-25T03:00:00.000Z,44.0,-0.2,33.0
2026-07-25T03:00:00.000Z,44.4,-1.4,39.0
2026-07-25T03:00:00.000Z,44.4,-1.0,32.0
2026-07-25T03:00:00.000Z,44.4,-0.6,32.0
2026-07-25T03:00:00.000Z,44.4,-0.2,31.0
2026-07-25T03:00:00.000Z,44.8,-1.4,40.0
2026-07-25T03:00:00.000Z,44.8,-1.0,18.0
2026-07-25T03:00:00.000Z,44.8,-0.6,34.0
2026-07-25T03:00:00.000Z,44.8,-0.2,30.0
2026-07-25T03:00:00.000Z,45.2,-1.4,37.0
2026-07-25T03:00:00.000Z,45.2,-1.0,31.0
2026-07-25T03:00:00.000Z,45.2,-0.6,22.0
2026-07-25T03:00:00.000Z,45.2,-0.2,25.0
2026-07-25T04:00:00.000Z,43.6,-1.4,37.0
2026-07-25T04:00:00.000Z,43.6,-1.0,32.0
2026-07-25T04:00:00.000Z,43.6,-0.6,32.0
2026-07-25T04:00:00.000Z,43.6,-0.2,32.0
2026-07-25T04:00:00.000Z,44.0,-1.4,39.0
2026-07-25T04:00:00.000Z,44.0,-1.0,35.0
2026-07-25T04:00:00.000Z,44.0,-0.6,32.0
2026-07-25T04:00:00.000Z,44.0,-0.2,34.0
2026-07-25T04:00:00.000Z,44.4,-1.4,39.0
2026-07-25T04:00:00.000Z,44.4,-1.0,33.0
2026-07-25T04:00:00.000Z,44.4,-0.6,32.0
2026-07-25T04:00:00.000Z,44.4,-0.2,31.0
2026-07-25T04:00:00.000Z,44.8,-1.4,39.0
2026-07-25T04:00:00.000Z,44.8,-1.0,25.0
2026-07-25T04:00:00.000Z,44.8,-0.6,33.0
2026-07-25T04:00:00.000Z,44.8,-0.2,32.0
2026-07-25T04:00:00.000Z,45.2,-1.4,37.0
2026-07-25T04:00:00.000Z,45.2,-1.0,32.0
2026-07-25T04:00:00.000Z,45.2,-0.6,16.0
2026-07-25T04:00:00.000Z,45.2,-0.2,26.0
2026-07-25T05:00:00.000Z,43.6,-1.4,38.0
2026-07-25T05:00:00.000Z,43.6,-1.0,32.0
2026-07-25T05:00:00.000Z,43.6,-0.6,31.0
2026-07-25T05:00:00.000Z,43.6,-0.2,31.0
2026-07-25T05:00:00.000Z,44.0,-1.4,38.0
2026-07-25T05:00:00.000Z,44.0,-1.0,34.0
2026-07-25T05:00:00.000Z,44.0,-0.6,32.0
2026-07-25T05:00:00.000Z,44.0,-0.2,32.0
2026-07-25T05:00:00.000Z,44.4,-1.4,39.0
2026-07-25T05:00:00.000Z,44.4,-1.0,32.0
2026-07-25T05:00:00.000Z,44.4,-0.6,32.0
2026-07-25T05:00:00.000Z,44.4,-0.2,31.0
2026-07-25T05:00:00.000Z,44.8,-1.4,38.0
2026-07-25T05:00:00.000Z,44.8,-1.0,40.0
2026-07-25T05:00:00.000Z,44.8,-0.6,30.0
2026-07-25T05:00:00.000Z,44.8,-0.2,30.0
2026-07-25T05:00:00.000Z,45.2,-1.4,35.0
2026-07-25T05:00:00.000Z,45.2,-1.0,30.0
2026-07-25T05:00:00.000Z,45.2,-0.6,17.0
2026-07-25T05:00:00.000Z,45.2,-0.2,27.0
2026-07-25T06:00:00.000Z,43.6,-1.4,37.0
2026-07-25T06:00:00.000Z,43.6,-1.0,31.0
2026-07-25T06:00:00.000Z,43.6,-0.6,30.0
2026-07-25T06:00:00.000Z,43.6,-0.2,31.0
2026-07-25T06:00:00.000Z,44.0,-1.4,38.0
2026-07-25T06:00:00.000Z,44.0,-1.0,34.0
2026-07-25T06:00:00.000Z,44.0,-0.6,32.0
2026-07-25T06:00:00.000Z,44.0,-0.2,31.0
2026-07-25T06:00:00.000Z,44.4,-1.4,38.0
2026-07-25T06:00:00.000Z,44.4,-1.0,33.0
2026-07-25T06:00:00.000Z,44.4,-0.6,31.0
2026-07-25T06:00:00.000Z,44.4,-0.2,32.0
2026-07-25T06:00:00.000Z,44.8,-1.4,36.0
2026-07-25T06:00:00.000Z,44.8,-1.0,62.0
2026-07-25T06:00:00.000Z,44.8,-0.6,31.0
2026-07-25T06:00:00.000Z,44.8,-0.2,29.0
2026-07-25T06:00:00.000Z,45.2,-1.4,31.0
2026-07-25T06:00:00.000Z,45.2,-1.0,26.0
2026-07-25T06:00:00.000Z,45.2,-0.6,23.0
2026-07-25T06:00:00.000Z,45.2,-0.2,28.0
2026-07-25T07:00:00.000Z,43.6,-1.4,36.0
2026-07-25T07:00:00.000Z,43.6,-1.0,31.0
2026-07-25T07:00:00.000Z,43.6,-0.6,31.0
2026-07-25T07:00:00.000Z,43.6,-0.2,31.0
2026-07-25T07:00:00.000Z,44.0,-1.4,38.0
2026-07-25T07:00:00.000Z,44.0,-1.0,33.0
2026-07-25T07:00:00.000Z,44.0,-0.6,32.0
2026-07-25T07:00:00.000Z,44.0,-0.2,31.0
2026-07-25T07:00:00.000Z,44.4,-1.4,37.0
2026-07-25T07:00:00.000Z,44.4,-1.0,33.0
2026-07-25T07:00:00.000Z,44.4,-0.6,30.0
2026-07-25T07:00:00.000Z,44.4,-0.2,31.0
2026-07-25T07:00:00.000Z,44.8,-1.4,33.0
2026-07-25T07:00:00.000Z,44.8,-1.0,68.0
2026-07-25T07:00:00.000Z,44.8,-0.6,32.0
2026-07-25T07:00:00.000Z,44.8,-0.2,30.0
2026-07-25T07:00:00.000Z,45.2,-1.4,27.0
2026-07-25T07:00:00.000Z,45.2,-1.0,25.0
2026-07-25T07:00:00.000Z,45.2,-0.6,30.0
2026-07-25T07:00:00.000Z,45.2,-0.2,29.0
2026-07-25T08:00:00.000Z,43.6,-1.4,36.0
2026-07-25T08:00:00.000Z,43.6,-1.0,34.0
2026-07-25T08:00:00.000Z,43.6,-0.6,30.0
2026-07-25T08:00:00.000Z,43.6,-0.2,31.0
2026-07-25T08:00:00.000Z,44.0,-1.4,38.0
2026-07-25T08:00:00.000Z,44.0,-1.0,33.0
2026-07-25T08:00:00.000Z,44.0,-0.6,32.0
2026-07-25T08:00:00.000Z,44.0,-0.2,32.0
2026-07-25T08:00:00.000Z,44.4,-1.4,35.0
2026-07-25T08:00:00.000Z,44.4,-1.0,33.0
2026-07-25T08:00:00.000Z,44.4,-0.6,32.0
2026-07-25T08:00:00.000Z,44.4,-0.2,32.0
2026-07-25T08:00:00.000Z,44.8,-1.4,32.0
2026-07-25T08:00:00.000Z,44.8,-1.0,73.0
2026-07-25T08:00:00.000Z,44.8,-0.6,34.0
2026-07-25T08:00:00.000Z,44.8,-0.2,32.0
2026-07-25T08:00:00.000Z,45.2,-1.4,29.0
2026-07-25T08:00:00.000Z,45.2,-1.0,28.0
2026-07-25T08:00:00.000Z,45.2,-0.6,37.0
2026-07-25T08:00:00.000Z,45.2,-0.2,30.0
2026-07-25T09:00:00.000Z,43.6,-1.4,36.0
2026-07-25T09:00:00.000Z,43.6,-1.0,34.0
2026-07-25T09:00:00.000Z,43.6,-0.6,34.0
2026-07-25T09:00:00.000Z,43.6,-0.2,32.0
2026-07-25T09:00:00.000Z,44.0,-1.4,38.0
2026-07-25T09:00:00.000Z,44.0,-1.0,33.0
2026-07-25T09:00:00.000Z,44.0,-0.6,33.0
2026-07-25T09:00:00.000Z,44.0,-0.2,32.0
2026-07-25T09:00:00.000Z,44.4,-1.4,35.0
2026-07-25T09:00:00.000Z,44.4,-1.0,32.0
2026-07-25T09:00:00.000Z,44.4,-0.6,36.0
2026-07-25T09:00:00.000Z,44.4,-0.2,33.0
2026-07-25T09:00:00.000Z,44.8,-1.4,33.0
2026-07-25T09:00:00.000Z,44.8,-1.0,77.0
2026-07-25T09:00:00.000Z,44.8,-0.6,33.0
2026-07-25T09:00:00.000Z,44.8,-0.2,34.0
2026-07-25T09:00:00.000Z,45.2,-1.4,32.0
2026-07-25T09:00:00.000Z,45.2,-1.0,30.0
2026-07-25T09:00:00.000Z,45.2,-0.6,48.0
2026-07-25T09:00:00.000Z,45.2,-0.2,34.0
2026-07-25T10:00:00.000Z,43.6,-1.4,36.0
2026-07-25T10:00:00.000Z,43.6,-1.0,35.0
2026-07-25T10:00:00.000Z,43.6,-0.6,34.0
2026-07-25T10:00:00.000Z,43.6,-0.2,34.0
2026-07-25T10:00:00.000Z,44.0,-1.4,36.0
2026-07-25T10:00:00.000Z,44.0,-1.0,34.0
2026-07-25T10:00:00.000Z,44.0,-0.6,34.0
2026-07-25T10:00:00.000Z,44.0,-0.2,34.0
2026-07-25T10:00:00.000Z,44.4,-1.4,36.0
2026-07-25T10:00:00.000Z,44.4,-1.0,33.0
2026-07-25T10:00:00.000Z,44.4,-0.6,36.0
2026-07-25T10:00:00.000Z,44.4,-0.2,34.0
2026-07-25T10:00:00.000Z,44.8,-1.4,36.0
2026-07-25T10:00:00.000Z,44.8,-1.0,82.0
2026-07-25T10:00:00.000Z,44.8,-0.6,35.0
2026-07-25T10:00:00.000Z,44.8,-0.2,36.0
2026-07-25T10:00:00.000Z,45.2,-1.4,36.0
2026-07-25T10:00:00.000Z,45.2,-1.0,34.0
2026-07-25T10:00:00.000Z,45.2,-0.6,60.0
2026-07-25T10:00:00.000Z,45.2,-0.2,36.0
2026-07-25T11:00:00.000Z,43.6,-1.4,36.0
2026-07-25T11:00:00.000Z,43.6,-1.0,34.0
2026-07-25T11:00:00.000Z,43.6,-0.6,35.0
2026-07-25T11:00:00.000Z,43.6,-0.2,34.0
2026-07-25T11:00:00.000Z,44.0,-1.4,37.0
2026-07-25T11:00:00.000Z,44.0,-1.0,33.0
2026-07-25T11:00:00.000Z,44.0,-0.6,34.0
2026-07-25T11:00:00.000Z,44.0,-0.2,34.0
2026-07-25T11:00:00.000Z,44.4,-1.4,36.0
2026-07-25T11:00:00.000Z,44.4,-1.0,34.0
2026-07-25T11:00:00.000Z,44.4,-0.6,35.0
2026-07-25T11:00:00.000Z,44.4,-0.2,37.0
2026-07-25T11:00:00.000Z,44.8,-1.4,37.0
2026-07-25T11:00:00.000Z,44.8,-1.0,86.0
2026-07-25T11:00:00.000Z,44.8,-0.6,36.0
2026-07-25T11:00:00.000Z,44.8,-0.2,38.0
2026-07-25T11:00:00.000Z,45.2,-1.4,36.0
2026-07-25T11:00:00.000Z,45.2,-1.0,36.0
2026-07-25T11:00:00.000Z,45.2,-0.6,62.0
2026-07-25T11:00:00.000Z,45.2,-0.2,39.0
2026-07-25T12:00:00.000Z,43.6,-1.4,35.0
2026-07-25T12:00:00.000Z,43.6,-1.0,33.0
2026-07-25T12:00:00.000Z,43.6,-0.6,33.0
2026-07-25T12:00:00.000Z,43.6,-0.2,35.0
2026-07-25T12:00:00.000Z,44.0,-1.4,38.0
2026-07-25T12:00:00.000Z,44.0,-1.0,34.0
2026-07-25T12:00:00.000Z,44.0,-0.6,34.0
2026-07-25T12:00:00.000Z,44.0,-0.2,34.0
2026-07-25T12:00:00.000Z,44.4,-1.4,37.0
2026-07-25T12:00:00.000Z,44.4,-1.0,37.0
2026-07-25T12:00:00.000Z,44.4,-0.6,37.0
2026-07-25T12:00:00.000Z,44.4,-0.2,37.0
2026-07-25T12:00:00.000Z,44.8,-1.4,38.0
2026-07-25T12:00:00.000Z,44.8,-1.0,90.0
2026-07-25T12:00:00.000Z,44.8,-0.6,43.0
2026-07-25T12:00:00.000Z,44.8,-0.2,38.0
2026-07-25T12:00:00.000Z,45.2,-1.4,38.0
2026-07-25T12:00:00.000Z,45.2,-1.0,38.0
2026-07-25T12:00:00.000Z,45.2,-0.6,64.0
2026-07-25T12:00:00.000Z,45.2,-0.2,45.0
2026-07-25T13:00:00.000Z,43.6,-1.4,34.0
2026-07-25T13:00:00.000Z,43.6,-1.0,32.0
2026-07-25T13:00:00.000Z,43.6,-0.6,32.0
2026-07-25T13:00:00.000Z,43.6,-0.2,34.0
2026-07-25T13:00:00.000Z,44.0,-1.4,38.0
2026-07-25T13:00:00.000Z,44.0,-1.0,34.0
2026-07-25T13:00:00.000Z,44.0,-0.6,35.0
2026-07-25T13:00:00.000Z,44.0,-0.2,35.0
2026-07-25T13:00:00.000Z,44.4,-1.4,40.0
2026-07-25T13:00:00.000Z,44.4,-1.0,37.0
2026-07-25T13:00:00.000Z,44.4,-0.6,39.0
2026-07-25T13:00:00.000Z,44.4,-0.2,37.0
2026-07-25T13:00:00.000Z,44.8,-1.4,41.0
2026-07-25T13:00:00.000Z,44.8,-1.0,91.0
2026-07-25T13:00:00.000Z,44.8,-0.6,60.0
2026-07-25T13:00:00.000Z,44.8,-0.2,38.0
2026-07-25T13:00:00.000Z,45.2,-1.4,41.0
2026-07-25T13:00:00.000Z,45.2,-1.0,38.0
2026-07-25T13:00:00.000Z,45.2,-0.6,65.0
2026-07-25T13:00:00.000Z,45.2,-0.2,44.0
2026-07-25T14:00:00.000Z,43.6,-1.4,34.0
2026-07-25T14:00:00.000Z,43.6,-1.0,33.0
2026-07-25T14:00:00.000Z,43.6,-0.6,32.0
2026-07-25T14:00:00.000Z,43.6,-0.2,34.0
2026-07-25T14:00:00.000Z,44.0,-1.4,40.0
2026-07-25T14:00:00.000Z,44.0,-1.0,37.0
2026-07-25T14:00:00.000Z,44.0,-0.6,35.0
2026-07-25T14:00:00.000Z,44.0,-0.2,36.0
2026-07-25T14:00:00.000Z,44.4,-1.4,41.0
2026-07-25T14:00:00.000Z,44.4,-1.0,38.0
2026-07-25T14:00:00.000Z,44.4,-0.6,38.0
2026-07-25T14:00:00.000Z,44.4,-0.2,38.0
2026-07-25T14:00:00.000Z,44.8,-1.4,43.0
2026-07-25T14:00:00.000Z,44.8,-1.0,92.0
2026-07-25T14:00:00.000Z,44.8,-0.6,40.0
2026-07-25T14:00:00.000Z,44.8,-0.2,46.0
2026-07-25T14:00:00.000Z,45.2,-1.4,44.0
2026-07-25T14:00:00.000Z,45.2,-1.0,38.0
2026-07-25T14:00:00.000Z,45.2,-0.6,66.0
2026-07-25T14:00:00.000Z,45.2,-0.2,42.0
2026-07-25T15:00:00.000Z,43.6,-1.4,35.0
2026-07-25T15:00:00.000Z,43.6,-1.0,33.0
2026-07-25T15:00:00.000Z,43.6,-0.6,33.0
2026-07-25T15:00:00.000Z,43.6,-0.2,34.0
2026-07-25T15:00:00.000Z,44.0,-1.4,40.0
2026-07-25T15:00:00.000Z,44.0,-1.0,37.0
2026-07-25T15:00:00.000Z,44.0,-0.6,38.0
2026-07-25T15:00:00.000Z,44.0,-0.2,37.0
2026-07-25T15:00:00.000Z,44.4,-1.4,42.0
2026-07-25T15:00:00.000Z,44.4,-1.0,39.0
2026-07-25T15:00:00.000Z,44.4,-0.6,39.0
2026-07-25T15:00:00.000Z,44.4,-0.2,40.0
2026-07-25T15:00:00.000Z,44.8,-1.4,43.0
2026-07-25T15:00:00.000Z,44.8,-1.0,92.0
2026-07-25T15:00:00.000Z,44.8,-0.6,41.0
2026-07-25T15:00:00.000Z,44.8,-0.2,57.0
2026-07-25T15:00:00.000Z,45.2,-1.4,44.0
2026-07-25T15:00:00.000Z,45.2,-1.0,39.0
2026-07-25T15:00:00.000Z,45.2,-0.6,66.0
2026-07-25T15:00:00.000Z,45.2,-0.2,57.0
2026-07-25T16:00:00.000Z,43.6,-1.4,36.0
2026-07-25T16:00:00.000Z,43.6,-1.0,33.0
2026-07-25T16:00:00.000Z,43.6,-0.6,34.0
2026-07-25T16:00:00.000Z,43.6,-0.2,34.0
2026-07-25T16:00:00.000Z,44.0,-1.4,38.0
2026-07-25T16:00:00.000Z,44.0,-1.0,37.0
2026-07-25T16:00:00.000Z,44.0,-0.6,39.0
2026-07-25T16:00:00.000Z,44.0,-0.2,38.0
2026-07-25T16:00:00.000Z,44.4,-1.4,40.0
2026-07-25T16:00:00.000Z,44.4,-1.0,38.0
2026-07-25T16:00:00.000Z,44.4,-0.6,42.0
2026-07-25T16:00:00.000Z,44.4,-0.2,41.0
2026-07-25T16:00:00.000Z,44.8,-1.4,41.0
2026-07-25T16:00:00.000Z,44.8,-1.0,92.0
2026-07-25T16:00:00.000Z,44.8,-0.6,42.0
2026-07-25T16:00:00.000Z,44.8,-0.2,53.0
2026-07-25T16:00:00.000Z,45.2,-1.4,42.0
2026-07-25T16:00:00.000Z,45.2,-1.0,39.0
2026-07-25T16:00:00.000Z,45.2,-0.6,66.0
2026-07-25T16:00:00.000Z,45.2,-0.2,57.0
2026-07-25T17:00:00.000Z,43.6,-1.4,35.0
2026-07-25T17:00:00.000Z,43.6,-1.0,34.0
2026-07-25T17:00:00.000Z,43.6,-0.6,34.0
2026-07-25T17:00:00.000Z,43.6,-0.2,34.0
2026-07-25T17:00:00.000Z,44.0,-1.4,37.0
2026-07-25T17:00:00.000Z,44.0,-1.0,35.0
2026-07-25T17:00:00.000Z,44.0,-0.6,38.0
2026-07-25T17:00:00.000Z,44.0,-0.2,39.0
2026-07-25T17:00:00.000Z,44.4,-1.4,39.0
2026-07-25T17:00:00.000Z,44.4,-1.0,37.0
2026-07-25T17:00:00.000Z,44.4,-0.6,41.0
2026-07-25T17:00:00.000Z,44.4,-0.2,43.0
2026-07-25T17:00:00.000Z,44.8,-1.4,40.0
2026-07-25T17:00:00.000Z,44.8,-1.0,92.0
2026-07-25T17:00:00.000Z,44.8,-0.6,40.0
2026-07-25T17:00:00.000Z,44.8,-0.2,57.0
2026-07-25T17:00:00.000Z,45.2,-1.4,41.0
2026-07-25T17:00:00.000Z,45.2,-1.0,38.0
2026-07-25T17:00:00.000Z,45.2,-0.6,66.0
2026-07-25T17:00:00.000Z,45.2,-0.2,53.0
2026-07-25T18:00:00.000Z,43.6,-1.4,34.0
2026-07-25T18:00:00.000Z,43.6,-1.0,33.0
2026-07-25T18:00:00.000Z,43.6,-0.6,34.0
2026-07-25T18:00:00.000Z,43.6,-0.2,34.0
2026-07-25T18:00:00.000Z,44.0,-1.4,36.0
2026-07-25T18:00:00.000Z,44.0,-1.0,35.0
2026-07-25T18:00:00.000Z,44.0,-0.6,37.0
2026-07-25T18:00:00.000Z,44.0,-0.2,39.0
2026-07-25T18:00:00.000Z,44.4,-1.4,38.0
2026-07-25T18:00:00.000Z,44.4,-1.0,37.0
2026-07-25T18:00:00.000Z,44.4,-0.6,39.0
2026-07-25T18:00:00.000Z,44.4,-0.2,43.0
2026-07-25T18:00:00.000Z,44.8,-1.4,38.0
2026-07-25T18:00:00.000Z,44.8,-1.0,93.0
2026-07-25T18:00:00.000Z,44.8,-0.6,39.0
2026-07-25T18:00:00.000Z,44.8,-0.2,44.0
2026-07-25T18:00:00.000Z,45.2,-1.4,40.0
2026-07-25T18:00:00.000Z,45.2,-1.0,37.0
2026-07-25T18:00:00.000Z,45.2,-0.6,67.0
2026-07-25T18:00:00.000Z,45.2,-0.2,41.0
2026-07-25T19:00:00.000Z,43.6,-1.4,34.0
2026-07-25T19:00:00.000Z,43.6,-1.0,32.0
2026-07-25T19:00:00.000Z,43.6,-0.6,32.0
2026-07-25T19:00:00.000Z,43.6,-0.2,33.0
2026-07-25T19:00:00.000Z,44.0,-1.4,36.0
2026-07-25T19:00:00.000Z,44.0,-1.0,34.0
2026-07-25T19:00:00.000Z,44.0,-0.6,36.0
2026-07-25T19:00:00.000Z,44.0,-0.2,37.0
2026-07-25T19:00:00.000Z,44.4,-1.4,37.0
2026-07-25T19:00:00.000Z,44.4,-1.0,36.0
2026-07-25T19:00:00.000Z,44.4,-0.6,37.0
2026-07-25T19:00:00.000Z,44.4,-0.2,38.0
2026-07-25T19:00:00.000Z,44.8,-1.4,36.0
2026-07-25T19:00:00.000Z,44.8,-1.0,95.0
2026-07-25T19:00:00.000Z,44.8,-0.6,37.0
2026-07-25T19:00:00.000Z,44.8,-0.2,39.0
2026-07-25T19:00:00.000Z,45.2,-1.4,38.0
2026-07-25T19:00:00.000Z,45.2,-1.0,36.0
2026-07-25T19:00:00.000Z,45.2,-0.6,67.0
2026-07-25T19:00:00.000Z,45.2,-0.2,37.0
2026-07-25T20:00:00.000Z,43.6,-1.4,33.0
2026-07-25T20:00:00.000Z,43.6,-1.0,31.0
2026-07-25T20:00:00.000Z,43.6,-0.6,32.0
2026-07-25T20:00:00.000Z,43.6,-0.2,32.0
2026-07-25T20:00:00.000Z,44.0,-1.4,36.0
2026-07-25T20:00:00.000Z,44.0,-1.0,34.0
2026-07-25T20:00:00.000Z,44.0,-0.6,34.0
2026-07-25T20:00:00.000Z,44.0,-0.2,35.0
2026-07-25T20:00:00.000Z,44.4,-1.4,34.0
2026-07-25T20:00:00.000Z,44.4,-1.0,34.0
2026-07-25T20:00:00.000Z,44.4,-0.6,33.0
2026-07-25T20:00:00.000Z,44.4,-0.2,34.0
2026-07-25T20:00:00.000Z,44.8,-1.4,34.0
2026-07-25T20:00:00.000Z,44.8,-1.0,96.0
2026-07-25T20:00:00.000Z,44.8,-0.6,35.0
2026-07-25T20:00:00.000Z,44.8,-0.2,36.0
2026-07-25T20:00:00.000Z,45.2,-1.4,37.0
2026-07-25T20:00:00.000Z,45.2,-1.0,35.0
2026-07-25T20:00:00.000Z,45.2,-0.6,67.0
2026-07-25T20:00:00.000Z,45.2,-0.2,35.0
2026-07-25T21:00:00.000Z,43.6,-1.4,33.0
2026-07-25T21:00:00.000Z,43.6,-1.0,31.0
2026-07-25T21:00:00.000Z,43.6,-0.6,30.0
2026-07-25T21:00:00.000Z,43.6,-0.2,31.0
2026-07-25T21:00:00.000Z,44.0,-1.4,34.0
2026-07-25T21:00:00.000Z,44.0,-1.0,33.0
2026-07-25T21:00:00.000Z,44.0,-0.6,33.0
2026-07-25T21:00:00.000Z,44.0,-0.2,33.0
2026-07-25T21:00:00.000Z,44.4,-1.4,33.0
2026-07-25T21:00:00.000Z,44.4,-1.0,32.0
2026-07-25T21:00:00.000Z,44.4,-0.6,31.0
2026-07-25T21:00:00.000Z,44.4,-0.2,30.0
2026-07-25T21:00:00.000Z,44.8,-1.4,34.0
2026-07-25T21:00:00.000Z,44.8,-1.0,98.0
2026-07-25T21:00:00.000Z,44.8,-0.6,32.0
2026-07-25T21:00:00.000Z,44.8,-0.2,34.0
2026-07-25T21:00:00.000Z,45.2,-1.4,36.0
2026-07-25T21:00:00.000Z,45.2,-1.0,34.0
2026-07-25T21:00:00.000Z,45.2,-0.6,67.0
2026-07-25T21:00:00.000Z,45.2,-0.2,34.0
2026-07-25T22:00:00.000Z,43.6,-1.4,31.0
2026-07-25T22:00:00.000Z,43.6,-1.0,28.0
2026-07-25T22:00:00.000Z,43.6,-0.6,27.0
2026-07-25T22:00:00.000Z,43.6,-0.2,30.0
2026-07-25T22:00:00.000Z,44.0,-1.4,32.0
2026-07-25T22:00:00.000Z,44.0,-1.0,31.0
2026-07-25T22:00:00.000Z,44.0,-0.6,31.0
2026-07-25T22:00:00.000Z,44.0,-0.2,32.0
2026-07-25T22:00:00.000Z,44.4,-1.4,33.0
2026-07-25T22:00:00.000Z,44.4,-1.0,31.0
2026-07-25T22:00:00.000Z,44.4,-0.6,30.0
2026-07-25T22:00:00.000Z,44.4,-0.2,26.0
2026-07-25T22:00:00.000Z,44.8,-1.4,33.0
2026-07-25T22:00:00.000Z,44.8,-1.0,100.0
2026-07-25T22:00:00.000Z,44.8,-0.6,29.0
2026-07-25T22:00:00.000Z,44.8,-0.2,32.0
2026-07-25T22:00:00.000Z,45.2,-1.4,35.0
2026-07-25T22:00:00.000Z,45.2,-1.0,32.0
2026-07-25T22:00:00.000Z,45.2,-0.6,67.0
2026-07-25T22:00:00.000Z,45.2,-0.2,33.0
2026-07-25T23:00:00.000Z,43.6,-1.4,30.0
2026-07-25T23:00:00.000Z,43.6,-1.0,26.0
2026-07-25T23:00:00.000Z,43.6,-0.6,25.0
2026-07-25T23:00:00.000Z,43.6,-0.2,29.0
2026-07-25T23:00:00.000Z,44.0,-1.4,31.0
2026-07-25T23:00:00.000Z,44.0,-1.0,29.0
2026-07-25T23:00:00.000Z,44.0,-0.6,30.0
2026-07-25T23:00:00.000Z,44.0,-0.2,30.0
2026-07-25T23:00:00.000Z,44.4,-1.4,33.0
2026-07-25T23:00:00.000Z,44.4,-1.0,29.0
2026-07-25T23:00:00.000Z,44.4,-0.6,30.0
2026-07-25T23:00:00.000Z,44.4,-0.2,28.0
2026-07-25T23:00:00.000Z,44.8,-1.4,34.0
2026-07-25T23:00:00.000Z,44.8,-1.0,103.0
2026-07-25T23:00:00.000Z,44.8,-0.6,26.0
2026-07-25T23:00:00.000Z,44.8,-0.2,30.0
2026-07-25T23:00:00.000Z,45.2,-1.4,34.0
2026-07-25T23:00:00.000Z,45.2,-1.0,31.0
2026-07-25T23:00:00.000Z,45.2,-0.6,67.0
2026-07-25T23:00:00.000Z,45.2,-0.2,32.0
2026-07-26T00:00:00.000Z,43.6,-1.4,29.0
2026-07-26T00:00:00.000Z,43.6,-1.0,24.0
2026-07-26T00:00:00.000Z,43.6,-0.6,24.0
2026-07-26T00:00:00.000Z,43.6,-0.2,27.0
2026-07-26T00:00:00.000Z,44.0,-1.4,31.0
2026-07-26T00:00:00.000Z,44.0,-1.0,27.0
2026-07-26T00:00:00.000Z,44.0,-0.6,25.0
2026-07-26T00:00:00.000Z,44.0,-0.2,26.0
2026-07-26T00:00:00.000Z,44.4,-1.4,32.0
2026-07-26T00:00:00.000Z,44.4,-1.0,28.0
2026-07-26T00:00:00.000Z,44.4,-0.6,27.0
2026-07-26T00:00:00.000Z,44.4,-0.2,29.0
2026-07-26T00:00:00.000Z,44.8,-1.4,31.0
2026-07-26T00:00:00.000Z,44.8,-1.0,105.0
2026-07-26T00:00:00.000Z,44.8,-0.6,28.0
2026-07-26T00:00:00.000Z,44.8,-0.2,28.0
2026-07-26T00:00:00.000Z,45.2,-1.4,32.0
2026-07-26T00:00:00.000Z,45.2,-1.0,29.0
2026-07-26T00:00:00.000Z,45.2,-0.6,67.0
2026-07-26T00:00:00.000Z,45.2,-0.2,30.0
2026-07-26T01:00:00.000Z,43.6,-1.4,28.0
2026-07-26T01:00:00.000Z,43.6,-1.0,22.0
2026-07-26T01:00:00.000Z,43.6,-0.6,22.0
2026-07-26T01:00:00.000Z,43.6,-0.2,25.0
2026-07-26T01:00:00.000Z,44.0,-1.4,31.0
2026-07-26T01:00:00.000Z,44.0,-1.0,25.0
2026-07-26T01:00:00.000Z,44.0,-0.6,23.0
2026-07-26T01:00:00.000Z,44.0,-0.2,21.0
2026-07-26T01:00:00.000Z,44.4,-1.4,31.0
2026-07-26T01:00:00.000Z,44.4,-1.0,21.0
2026-07-26T01:00:00.000Z,44.4,-0.6,24.0
2026-07-26T01:00:00.000Z,44.4,-0.2,31.0
2026-07-26T01:00:00.000Z,44.8,-1.4,31.0
2026-07-26T01:00:00.000Z,44.8,-1.0,108.0
2026-07-26T01:00:00.000Z,44.8,-0.6,31.0
2026-07-26T01:00:00.000Z,44.8,-0.2,25.0
2026-07-26T01:00:00.000Z,45.2,-1.4,30.0
2026-07-26T01:00:00.000Z,45.2,-1.0,28.0
2026-07-26T01:00:00.000Z,45.2,-0.6,67.0
2026-07-26T01:00:00.000Z,45.2,-0.2,28.0
2026-07-26T02:00:00.000Z,43.6,-1.4,28.0
2026-07-26T02:00:00.000Z,43.6,-1.0,21.0
2026-07-26T02:00:00.000Z,43.6,-0.6,21.0
2026-07-26T02:00:00.000Z,43.6,-0.2,23.0
2026-07-26T02:00:00.000Z,44.0,-1.4,30.0
2026-07-26T02:00:00.000Z,44.0,-1.0,26.0
2026-07-26T02:00:00.000Z,44.0,-0.6,23.0
2026-07-26T02:00:00.000Z,44.0,-0.2,22.0
2026-07-26T02:00:00.000Z,44.4,-1.4,31.0
2026-07-26T02:00:00.000Z,44.4,-1.0,24.0
2026-07-26T02:00:00.000Z,44.4,-0.6,25.0
2026-07-26T02:00:00.000Z,44.4,-0.2,31.0
2026-07-26T02:00:00.000Z,44.8,-1.4,31.0
2026-07-26T02:00:00.000Z,44.8,-1.0,113.0
2026-07-26T02:00:00.000Z,44.8,-0.6,33.0
2026-07-26T02:00:00.000Z,44.8,-0.2,24.0
2026-07-26T02:00:00.000Z,45.2,-1.4,30.0
2026-07-26T02:00:00.000Z,45.2,-1.0,28.0
2026-07-26T02:00:00.000Z,45.2,-0.6,67.0
2026-07-26T02:00:00.000Z,45.2,-0.2,27.0
2026-07-26T03:00:00.000Z,43.6,-1.4,28.0
2026-07-26T03:00:00.000Z,43.6,-1.0,20.0
2026-07-26T03:00:00.000Z,43.6,-0.6,22.0
2026-07-26T03:00:00.000Z,43.6,-0.2,23.0
2026-07-26T03:00:00.000Z,44.0,-1.4,30.0
2026-07-26T03:00:00.000Z,44.0,-1.0,25.0
2026-07-26T03:00:00.000Z,44.0,-0.6,21.0
2026-07-26T03:00:00.000Z,44.0,-0.2,20.0
2026-07-26T03:00:00.000Z,44.4,-1.4,30.0
2026-07-26T03:00:00.000Z,44.4,-1.0,26.0
2026-07-26T03:00:00.000Z,44.4,-0.6,24.0
2026-07-26T03:00:00.000Z,44.4,-0.2,32.0
2026-07-26T03:00:00.000Z,44.8,-1.4,30.0
2026-07-26T03:00:00.000Z,44.8,-1.0,117.0
2026-07-26T03:00:00.000Z,44.8,-0.6,37.0
2026-07-26T03:00:00.000Z,44.8,-0.2,24.0
2026-07-26T03:00:00.000Z,45.2,-1.4,30.0
2026-07-26T03:00:00.000Z,45.2,-1.0,26.0
2026-07-26T03:00:00.000Z,45.2,-0.6,67.0
2026-07-26T03:00:00.000Z,45.2,-0.2,26.0
2026-07-26T04:00:00.000Z,43.6,-1.4,27.0
2026-07-26T04:00:00.000Z,43.6,-1.0,20.0
2026-07-26T04:00:00.000Z,43.6,-0.6,22.0
2026-07-26T04:00:00.000Z,43.6,-0.2,23.0
2026-07-26T04:00:00.000Z,44.0,-1.4,30.0
2026-07-26T04:00:00.000Z,44.0,-1.0,24.0
2026-07-26T04:00:00.000Z,44.0,-0.6,22.0
2026-07-26T04:00:00.000Z,44.0,-0.2,20.0
2026-07-26T04:00:00.000Z,44.4,-1.4,29.0
2026-07-26T04:00:00.000Z,44.4,-1.0,26.0
2026-07-26T04:00:00.000Z,44.4,-0.6,25.0
2026-07-26T04:00:00.000Z,44.4,-0.2,34.0
2026-07-26T04:00:00.000Z,44.8,-1.4,30.0
2026-07-26T04:00:00.000Z,44.8,-1.0,119.0
2026-07-26T04:00:00.000Z,44.8,-0.6,44.0
2026-07-26T04:00:00.000Z,44.8,-0.2,25.0
2026-07-26T04:00:00.000Z,45.2,-1.4,30.0
2026-07-26T04:00:00.000Z,45.2,-1.0,26.0
2026-07-26T04:00:00.000Z,45.2,-0.6,67.0
2026-07-26T04:00:00.000Z,45.2,-0.2,25.0
2026-07-26T05:00:00.000Z,43.6,-1.4,26.0
2026-07-26T05:00:00.000Z,43.6,-1.0,22.0
2026-07-26T05:00:00.000Z,43.6,-0.6,21.0
2026-07-26T05:00:00.000Z,43.6,-0.2,22.0
2026-07-26T05:00:00.000Z,44.0,-1.4,29.0
2026-07-26T05:00:00.000Z,44.0,-1.0,24.0
2026-07-26T05:00:00.000Z,44.0,-0.6,21.0
2026-07-26T05:00:00.000Z,44.0,-0.2,20.0
2026-07-26T05:00:00.000Z,44.4,-1.4,29.0
2026-07-26T05:00:00.000Z,44.4,-1.0,33.0
2026-07-26T05:00:00.000Z,44.4,-0.6,26.0
2026-07-26T05:00:00.000Z,44.4,-0.2,39.0
2026-07-26T05:00:00.000Z,44.8,-1.4,30.0
2026-07-26T05:00:00.000Z,44.8,-1.0,117.0
2026-07-26T05:00:00.000Z,44.8,-0.6,51.0
2026-07-26T05:00:00.000Z,44.8,-0.2,25.0
2026-07-26T05:00:00.000Z,45.2,-1.4,30.0
2026-07-26T05:00:00.000Z,45.2,-1.0,26.0
2026-07-26T05:00:00.000Z,45.2,-0.6,65.0
2026-07-26T05:00:00.000Z,45.2,-0.2,26.0
2026-07-26T06:00:00.000Z,43.6,-1.4,26.0
2026-07-26T06:00:00.000Z,43.6,-1.0,21.0
2026-07-26T06:00:00.000Z,43.6,-0.6,21.0
2026-07-26T06:00:00.000Z,43.6,-0.2,23.0
2026-07-26T06:00:00.000Z,44.0,-1.4,29.0
2026-07-26T06:00:00.000Z,44.0,-1.0,21.0
2026-07-26T06:00:00.000Z,44.0,-0.6,21.0
2026-07-26T06:00:00.000Z,44.0,-0.2,21.0
2026-07-26T06:00:00.000Z,44.4,-1.4,29.0
2026-07-26T06:00:00.000Z,44.4,-1.0,41.0
2026-07-26T06:00:00.000Z,44.4,-0.6,27.0
2026-07-26T06:00:00.000Z,44.4,-0.2,51.0
2026-07-26T06:00:00.000Z,44.8,-1.4,30.0
2026-07-26T06:00:00.000Z,44.8,-1.0,114.0
2026-07-26T06:00:00.000Z,44.8,-0.6,55.0
2026-07-26T06:00:00.000Z,44.8,-0.2,26.0
2026-07-26T06:00:00.000Z,45.2,-1.4,30.0
2026-07-26T06:00:00.000Z,45.2,-1.0,26.0
2026-07-26T06:00:00.000Z,45.2,-0.6,62.0
2026-07-26T06:00:00.000Z,45.2,-0.2,25.0
2026-07-26T07:00:00.000Z,43.6,-1.4,25.0
2026-07-26T07:00:00.000Z,43.6,-1.0,22.0
2026-07-26T07:00:00.000Z,43.6,-0.6,24.0
2026-07-26T07:00:00.000Z,43.6,-0.2,24.0
2026-07-26T07:00:00.000Z,44.0,-1.4,28.0
2026-07-26T07:00:00.000Z,44.0,-1.0,24.0
2026-07-26T07:00:00.000Z,44.0,-0.6,20.0
2026-07-26T07:00:00.000Z,44.0,-0.2,20.0
2026-07-26T07:00:00.000Z,44.4,-1.4,29.0
2026-07-26T07:00:00.000Z,44.4,-1.0,57.0
2026-07-26T07:00:00.000Z,44.4,-0.6,28.0
2026-07-26T07:00:00.000Z,44.4,-0.2,59.0
2026-07-26T07:00:00.000Z,44.8,-1.4,30.0
2026-07-26T07:00:00.000Z,44.8,-1.0,110.0
2026-07-26T07:00:00.000Z,44.8,-0.6,58.0
2026-07-26T07:00:00.000Z,44.8,-0.2,26.0
2026-07-26T07:00:00.000Z,45.2,-1.4,29.0
2026-07-26T07:00:00.000Z,45.2,-1.0,26.0
2026-07-26T07:00:00.000Z,45.2,-0.6,59.0
2026-07-26T07:00:00.000Z,45.2,-0.2,25.0
2026-07-26T08:00:00.000Z,43.6,-1.4,25.0
2026-07-26T08:00:00.000Z,43.6,-1.0,24.0
2026-07-26T08:00:00.000Z,43.6,-0.6,25.0
2026-07-26T08:00:00.000Z,43.6,-0.2,26.0
2026-07-26T08:00:00.000Z,44.0,-1.4,28.0
2026-07-26T08:00:00.000Z,44.0,-1.0,25.0
2026-07-26T08:00:00.000Z,44.0,-0.6,22.0
2026-07-26T08:00:00.000Z,44.0,-0.2,23.0
2026-07-26T08:00:00.000Z,44.4,-1.4,29.0
2026-07-26T08:00:00.000Z,44.4,-1.0,64.0
2026-07-26T08:00:00.000Z,44.4,-0.6,32.0
2026-07-26T08:00:00.000Z,44.4,-0.2,63.0
2026-07-26T08:00:00.000Z,44.8,-1.4,30.0
2026-07-26T08:00:00.000Z,44.8,-1.0,107.0
2026-07-26T08:00:00.000Z,44.8,-0.6,60.0
2026-07-26T08:00:00.000Z,44.8,-0.2,28.0
2026-07-26T08:00:00.000Z,45.2,-1.4,29.0
2026-07-26T08:00:00.000Z,45.2,-1.0,26.0
2026-07-26T08:00:00.000Z,45.2,-0.6,44.0
2026-07-26T08:00:00.000Z,45.2,-0.2,26.0
2026-07-26T09:00:00.000Z,43.6,-1.4,26.0
2026-07-26T09:00:00.000Z,43.6,-1.0,25.0
2026-07-26T09:00:00.000Z,43.6,-0.6,26.0
2026-07-26T09:00:00.000Z,43.6,-0.2,26.0
2026-07-26T09:00:00.000Z,44.0,-1.4,28.0
2026-07-26T09:00:00.000Z,44.0,-1.0,26.0
2026-07-26T09:00:00.000Z,44.0,-0.6,26.0
2026-07-26T09:00:00.000Z,44.0,-0.2,31.0
2026-07-26T09:00:00.000Z,44.4,-1.4,29.0
2026-07-26T09:00:00.000Z,44.4,-1.0,67.0
2026-07-26T09:00:00.000Z,44.4,-0.6,36.0
2026-07-26T09:00:00.000Z,44.4,-0.2,68.0
2026-07-26T09:00:00.000Z,44.8,-1.4,29.0
2026-07-26T09:00:00.000Z,44.8,-1.0,104.0
2026-07-26T09:00:00.000Z,44.8,-0.6,61.0
2026-07-26T09:00:00.000Z,44.8,-0.2,29.0
2026-07-26T09:00:00.000Z,45.2,-1.4,29.0
2026-07-26T09:00:00.000Z,45.2,-1.0,27.0
2026-07-26T09:00:00.000Z,45.2,-0.6,35.0
2026-07-26T09:00:00.000Z,45.2,-0.2,27.0
2026-07-26T10:00:00.000Z,43.6,-1.4,26.0
2026-07-26T10:00:00.000Z,43.6,-1.0,26.0
2026-07-26T10:00:00.000Z,43.6,-0.6,26.0
2026-07-26T10:00:00.000Z,43.6,-0.2,26.0
2026-07-26T10:00:00.000Z,44.0,-1.4,28.0
2026-07-26T10:00:00.000Z,44.0,-1.0,27.0
2026-07-26T10:00:00.000Z,44.0,-0.6,26.0
2026-07-26T10:00:00.000Z,44.0,-0.2,41.0
2026-07-26T10:00:00.000Z,44.4,-1.4,30.0
2026-07-26T10:00:00.000Z,44.4,-1.0,71.0
2026-07-26T10:00:00.000Z,44.4,-0.6,38.0
2026-07-26T10:00:00.000Z,44.4,-0.2,72.0
2026-07-26T10:00:00.000Z,44.8,-1.4,30.0
2026-07-26T10:00:00.000Z,44.8,-1.0,100.0
2026-07-26T10:00:00.000Z,44.8,-0.6,62.0
2026-07-26T10:00:00.000Z,44.8,-0.2,30.0
2026-07-26T10:00:00.000Z,45.2,-1.4,30.0
2026-07-26T10:00:00.000Z,45.2,-1.0,27.0
2026-07-26T10:00:00.000Z,45.2,-0.6,29.0
2026-07-26T10:00:00.000Z,45.2,-0.2,28.0
2026-07-26T11:00:00.000Z,43.6,-1.4,27.0
2026-07-26T11:00:00.000Z,43.6,-1.0,27.0
2026-07-26T11:00:00.000Z,43.6,-0.6,28.0
2026-07-26T11:00:00.000Z,43.6,-0.2,27.0
2026-07-26T11:00:00.000Z,44.0,-1.4,28.0
2026-07-26T11:00:00.000Z,44.0,-1.0,26.0
2026-07-26T11:00:00.000Z,44.0,-0.6,28.0
2026-07-26T11:00:00.000Z,44.0,-0.2,61.0
2026-07-26T11:00:00.000Z,44.4,-1.4,30.0
2026-07-26T11:00:00.000Z,44.4,-1.0,75.0
2026-07-26T11:00:00.000Z,44.4,-0.6,40.0
2026-07-26T11:00:00.000Z,44.4,-0.2,74.0
2026-07-26T11:00:00.000Z,44.8,-1.4,30.0
2026-07-26T11:00:00.000Z,44.8,-1.0,98.0
2026-07-26T11:00:00.000Z,44.8,-0.6,62.0
2026-07-26T11:00:00.000Z,44.8,-0.2,32.0
2026-07-26T11:00:00.000Z,45.2,-1.4,29.0
2026-07-26T11:00:00.000Z,45.2,-1.0,28.0
2026-07-26T11:00:00.000Z,45.2,-0.6,28.0
2026-07-26T11:00:00.000Z,45.2,-0.2,28.0
2026-07-26T12:00:00.000Z,43.6,-1.4,27.0
2026-07-26T12:00:00.000Z,43.6,-1.0,26.0
2026-07-26T12:00:00.000Z,43.6,-0.6,27.0
2026-07-26T12:00:00.000Z,43.6,-0.2,27.0
2026-07-26T12:00:00.000Z,44.0,-1.4,28.0
2026-07-26T12:00:00.000Z,44.0,-1.0,26.0
2026-07-26T12:00:00.000Z,44.0,-0.6,29.0
2026-07-26T12:00:00.000Z,44.0,-0.2,64.0
2026-07-26T12:00:00.000Z,44.4,-1.4,30.0
2026-07-26T12:00:00.000Z,44.4,-1.0,77.0
2026-07-26T12:00:00.000Z,44.4,-0.6,43.0
2026-07-26T12:00:00.000Z,44.4,-0.2,75.0
2026-07-26T12:00:00.000Z,44.8,-1.4,29.0
2026-07-26T12:00:00.000Z,44.8,-1.0,97.0
2026-07-26T12:00:00.000Z,44.8,-0.6,65.0
2026-07-26T12:00:00.000Z,44.8,-0.2,35.0
2026-07-26T12:00:00.000Z,45.2,-1.4,29.0
2026-07-26T12:00:00.000Z,45.2,-1.0,28.0
2026-07-26T12:00:00.000Z,45.2,-0.6,28.0
2026-07-26T12:00:00.000Z,45.2,-0.2,28.0
2026-07-26T13:00:00.000Z,43.6,-1.4,27.0
2026-07-26T13:00:00.000Z,43.6,-1.0,27.0
2026-07-26T13:00:00.000Z,43.6,-0.6,26.0
2026-07-26T13:00:00.000Z,43.6,-0.2,28.0
2026-07-26T13:00:00.000Z,44.0,-1.4,28.0
2026-07-26T13:00:00.000Z,44.0,-1.0,27.0
2026-07-26T13:00:00.000Z,44.0,-0.6,29.0
2026-07-26T13:00:00.000Z,44.0,-0.2,67.0
2026-07-26T13:00:00.000Z,44.4,-1.4,29.0
2026-07-26T13:00:00.000Z,44.4,-1.0,77.0
2026-07-26T13:00:00.000Z,44.4,-0.6,45.0
2026-07-26T13:00:00.000Z,44.4,-0.2,76.0
2026-07-26T13:00:00.000Z,44.8,-1.4,28.0
2026-07-26T13:00:00.000Z,44.8,-1.0,99.0
2026-07-26T13:00:00.000Z,44.8,-0.6,65.0
2026-07-26T13:00:00.000Z,44.8,-0.2,45.0
2026-07-26T13:00:00.000Z,45.2,-1.4,28.0
2026-07-26T13:00:00.000Z,45.2,-1.0,26.0
2026-07-26T13:00:00.000Z,45.2,-0.6,27.0
2026-07-26T13:00:00.000Z,45.2,-0.2,27.0
2026-07-26T14:00:00.000Z,43.6,-1.4,27.0
2026-07-26T14:00:00.000Z,43.6,-1.0,27.0
2026-07-26T14:00:00.000Z,43.6,-0.6,27.0
2026-07-26T14:00:00.000Z,43.6,-0.2,27.0
2026-07-26T14:00:00.000Z,44.0,-1.4,28.0
2026-07-26T14:00:00.000Z,44.0,-1.0,26.0
2026-07-26T14:00:00.000Z,44.0,-0.6,29.0
2026-07-26T14:00:00.000Z,44.0,-0.2,69.0
2026-07-26T14:00:00.000Z,44.4,-1.4,28.0
2026-07-26T14:00:00.000Z,44.4,-1.0,77.0
2026-07-26T14:00:00.000Z,44.4,-0.6,46.0
2026-07-26T14:00:00.000Z,44.4,-0.2,76.0
2026-07-26T14:00:00.000Z,44.8,-1.4,28.0
2026-07-26T14:00:00.000Z,44.8,-1.0,99.0
2026-07-26T14:00:00.000Z,44.8,-0.6,66.0
2026-07-26T14:00:00.000Z,44.8,-0.2,35.0
2026-07-26T14:00:00.000Z,45.2,-1.4,28.0
2026-07-26T14:00:00.000Z,45.2,-1.0,26.0
2026-07-26T14:00:00.000Z,45.2,-0.6,26.0
2026-07-26T14:00:00.000Z,45.2,-0.2,26.0
2026-07-26T15:00:00.000Z,43.6,-1.4,27.0
2026-07-26T15:00:00.000Z,43.6,-1.0,26.0
2026-07-26T15:00:00.000Z,43.6,-0.6,27.0
2026-07-26T15:00:00.000Z,43.6,-0.2,27.0
2026-07-26T15:00:00.000Z,44.0,-1.4,27.0
2026-07-26T15:00:00.000Z,44.0,-1.0,26.0
2026-07-26T15:00:00.000Z,44.0,-0.6,29.0
2026-07-26T15:00:00.000Z,44.0,-0.2,69.0
2026-07-26T15:00:00.000Z,44.4,-1.4,27.0
2026-07-26T15:00:00.000Z,44.4,-1.0,77.0
2026-07-26T15:00:00.000Z,44.4,-0.6,45.0
2026-07-26T15:00:00.000Z,44.4,-0.2,76.0
2026-07-26T15:00:00.000Z,44.8,-1.4,27.0
2026-07-26T15:00:00.000Z,44.8,-1.0,99.0
2026-07-26T15:00:00.000Z,44.8,-0.6,66.0
2026-07-26T15:00:00.000Z,44.8,-0.2,33.0
2026-07-26T15:00:00.000Z,45.2,-1.4,27.0
2026-07-26T15:00:00.000Z,45.2,-1.0,26.0
2026-07-26T15:00:00.000Z,45.2,-0.6,26.0
2026-07-26T15:00:00.000Z,45.2,-0.2,25.0
2026-07-26T16:00:00.000Z,43.6,-1.4,26.0
2026-07-26T16:00:00.000Z,43.6,-1.0,26.0
2026-07-26T16:00:00.000Z,43.6,-0.6,26.0
2026-07-26T16:00:00.000Z,43.6,-0.2,27.0
2026-07-26T16:00:00.000Z,44.0,-1.4,26.0
2026-07-26T16:00:00.000Z,44.0,-1.0,25.0
2026-07-26T16:00:00.000Z,44.0,-0.6,29.0
2026-07-26T16:00:00.000Z,44.0,-0.2,69.0
2026-07-26T16:00:00.000Z,44.4,-1.4,27.0
2026-07-26T16:00:00.000Z,44.4,-1.0,77.0
2026-07-26T16:00:00.000Z,44.4,-0.6,45.0
2026-07-26T16:00:00.000Z,44.4,-0.2,76.0
2026-07-26T16:00:00.000Z,44.8,-1.4,28.0
2026-07-26T16:00:00.000Z,44.8,-1.0,98.0
2026-07-26T16:00:00.000Z,44.8,-0.6,66.0
2026-07-26T16:00:00.000Z,44.8,-0.2,32.0
2026-07-26T16:00:00.000Z,45.2,-1.4,27.0
2026-07-26T16:00:00.000Z,45.2,-1.0,25.0
2026-07-26T16:00:00.000Z,45.2,-0.6,25.0
2026-07-26T16:00:00.000Z,45.2,-0.2,24.0
2026-07-26T17:00:00.000Z,43.6,-1.4,26.0
2026-07-26T17:00:00.000Z,43.6,-1.0,25.0
2026-07-26T17:00:00.000Z,43.6,-0.6,26.0
2026-07-26T17:00:00.000Z,43.6,-0.2,26.0
2026-07-26T17:00:00.000Z,44.0,-1.4,26.0
2026-07-26T17:00:00.000Z,44.0,-1.0,24.0
2026-07-26T17:00:00.000Z,44.0,-0.6,29.0
2026-07-26T17:00:00.000Z,44.0,-0.2,69.0
2026-07-26T17:00:00.000Z,44.4,-1.4,27.0
2026-07-26T17:00:00.000Z,44.4,-1.0,77.0
2026-07-26T17:00:00.000Z,44.4,-0.6,44.0
2026-07-26T17:00:00.000Z,44.4,-0.2,76.0
2026-07-26T17:00:00.000Z,44.8,-1.4,27.0
2026-07-26T17:00:00.000Z,44.8,-1.0,98.0
2026-07-26T17:00:00.000Z,44.8,-0.6,66.0
2026-07-26T17:00:00.000Z,44.8,-0.2,31.0
2026-07-26T17:00:00.000Z,45.2,-1.4,27.0
2026-07-26T17:00:00.000Z,45.2,-1.0,26.0
2026-07-26T17:00:00.000Z,45.2,-0.6,25.0
2026-07-26T17:00:00.000Z,45.2,-0.2,24.0
2026-07-26T18:00:00.000Z,43.6,-1.4,26.0
2026-07-26T18:00:00.000Z,43.6,-1.0,24.0
2026-07-26T18:00:00.000Z,43.6,-0.6,25.0
2026-07-26T18:00:00.000Z,43.6,-0.2,25.0
2026-07-26T18:00:00.000Z,44.0,-1.4,26.0
2026-07-26T18:00:00.000Z,44.0,-1.0,24.0
2026-07-26T18:00:00.000Z,44.0,-0.6,28.0
2026-07-26T18:00:00.000Z,44.0,-0.2,69.0
2026-07-26T18:00:00.000Z,44.4,-1.4,27.0
2026-07-26T18:00:00.000Z,44.4,-1.0,79.0
2026-07-26T18:00:00.000Z,44.4,-0.6,43.0
2026-07-26T18:00:00.000Z,44.4,-0.2,76.0
2026-07-26T18:00:00.000Z,44.8,-1.4,28.0
2026-07-26T18:00:00.000Z,44.8,-1.0,102.0
2026-07-26T18:00:00.000Z,44.8,-0.6,66.0
2026-07-26T18:00:00.000Z,44.8,-0.2,30.0
2026-07-26T18:00:00.000Z,45.2,-1.4,26.0
2026-07-26T18:00:00.000Z,45.2,-1.0,25.0
2026-07-26T18:00:00.000Z,45.2,-0.6,25.0
2026-07-26T18:00:00.000Z,45.2,-0.2,24.0
2026-07-26T19:00:00.000Z,43.6,-1.4,26.0
2026-07-26T19:00:00.000Z,43.6,-1.0,24.0
2026-07-26T19:00:00.000Z,43.6,-0.6,24.0
2026-07-26T19:00:00.000Z,43.6,-0.2,24.0
2026-07-26T19:00:00.000Z,44.0,-1.4,27.0
2026-07-26T19:00:00.000Z,44.0,-1.0,25.0
2026-07-26T19:00:00.000Z,44.0,-0.6,28.0
2026-07-26T19:00:00.000Z,44.0,-0.2,69.0
2026-07-26T19:00:00.000Z,44.4,-1.4,26.0
2026-07-26T19:00:00.000Z,44.4,-1.0,85.0
2026-07-26T19:00:00.000Z,44.4,-0.6,51.0
2026-07-26T19:00:00.000Z,44.4,-0.2,76.0
2026-07-26T19:00:00.000Z,44.8,-1.4,26.0
2026-07-26T19:00:00.000Z,44.8,-1.0,110.0
2026-07-26T19:00:00.000Z,44.8,-0.6,70.0
2026-07-26T19:00:00.000Z,44.8,-0.2,30.0
2026-07-26T19:00:00.000Z,45.2,-1.4,24.0
2026-07-26T19:00:00.000Z,45.2,-1.0,23.0
2026-07-26T19:00:00.000Z,45.2,-0.6,24.0
2026-07-26T19:00:00.000Z,45.2,-0.2,24.0
2026-07-26T20:00:00.000Z,43.6,-1.4,25.0
2026-07-26T20:00:00.000Z,43.6,-1.0,23.0
2026-07-26T20:00:00.000Z,43.6,-0.6,22.0
2026-07-26T20:00:00.000Z,43.6,-0.2,23.0
2026-07-26T20:00:00.000Z,44.0,-1.4,27.0
2026-07-26T20:00:00.000Z,44.0,-1.0,25.0
2026-07-26T20:00:00.000Z,44.0,-0.6,27.0
2026-07-26T20:00:00.000Z,44.0,-0.2,69.0
2026-07-26T20:00:00.000Z,44.4,-1.4,27.0
2026-07-26T20:00:00.000Z,44.4,-1.0,92.0
2026-07-26T20:00:00.000Z,44.4,-0.6,62.0
2026-07-26T20:00:00.000Z,44.4,-0.2,77.0
2026-07-26T20:00:00.000Z,44.8,-1.4,25.0
2026-07-26T20:00:00.000Z,44.8,-1.0,117.0
2026-07-26T20:00:00.000Z,44.8,-0.6,79.0
2026-07-26T20:00:00.000Z,44.8,-0.2,38.0
2026-07-26T20:00:00.000Z,45.2,-1.4,23.0
2026-07-26T20:00:00.000Z,45.2,-1.0,23.0
2026-07-26T20:00:00.000Z,45.2,-0.6,22.0
2026-07-26T20:00:00.000Z,45.2,-0.2,24.0
2026-07-26T21:00:00.000Z,43.6,-1.4,26.0
2026-07-26T21:00:00.000Z,43.6,-1.0,22.0
2026-07-26T21:00:00.000Z,43.6,-0.6,22.0
2026-07-26T21:00:00.000Z,43.6,-0.2,22.0
2026-07-26T21:00:00.000Z,44.0,-1.4,26.0
2026-07-26T21:00:00.000Z,44.0,-1.0,25.0
2026-07-26T21:00:00.000Z,44.0,-0.6,27.0
2026-07-26T21:00:00.000Z,44.0,-0.2,69.0
2026-07-26T21:00:00.000Z,44.4,-1.4,26.0
2026-07-26T21:00:00.000Z,44.4,-1.0,100.0
2026-07-26T21:00:00.000Z,44.4,-0.6,69.0
2026-07-26T21:00:00.000Z,44.4,-0.2,80.0
2026-07-26T21:00:00.000Z,44.8,-1.4,23.0
2026-07-26T21:00:00.000Z,44.8,-1.0,123.0
2026-07-26T21:00:00.000Z,44.8,-0.6,88.0
2026-07-26T21:00:00.000Z,44.8,-0.2,61.0
2026-07-26T21:00:00.000Z,45.2,-1.4,24.0
2026-07-26T21:00:00.000Z,45.2,-1.0,21.0
2026-07-26T21:00:00.000Z,45.2,-0.6,21.0
2026-07-26T21:00:00.000Z,45.2,-0.2,22.0
2026-07-26T22:00:00.000Z,43.6,-1.4,24.0
2026-07-26T22:00:00.000Z,43.6,-1.0,22.0
2026-07-26T22:00:00.000Z,43.6,-0.6,22.0
2026-07-26T22:00:00.000Z,43.6,-0.2,22.0
2026-07-26T22:00:00.000Z,44.0,-1.4,26.0
2026-07-26T22:00:00.000Z,44.0,-1.0,24.0
2026-07-26T22:00:00.000Z,44.0,-0.6,27.0
2026-07-26T22:00:00.000Z,44.0,-0.2,68.0
2026-07-26T22:00:00.000Z,44.4,-1.4,25.0
2026-07-26T22:00:00.000Z,44.4,-1.0,109.0
2026-07-26T22:00:00.000Z,44.4,-0.6,77.0
2026-07-26T22:00:00.000Z,44.4,-0.2,87.0
2026-07-26T22:00:00.000Z,44.8,-1.4,22.0
2026-07-26T22:00:00.000Z,44.8,-1.0,129.0
2026-07-26T22:00:00.000Z,44.8,-0.6,95.0
2026-07-26T22:00:00.000Z,44.8,-0.2,69.0
2026-07-26T22:00:00.000Z,45.2,-1.4,26.0
2026-07-26T22:00:00.000Z,45.2,-1.0,22.0
2026-07-26T22:00:00.000Z,45.2,-0.6,19.0
2026-07-26T22:00:00.000Z,45.2,-0.2,20.0
2026-07-26T23:00:00.000Z,43.6,-1.4,24.0
2026-07-26T23:00:00.000Z,43.6,-1.0,20.0
2026-07-26T23:00:00.000Z,43.6,-0.6,20.0
2026-07-26T23:00:00.000Z,43.6,-0.2,21.0
2026-07-26T23:00:00.000Z,44.0,-1.4,26.0
2026-07-26T23:00:00.000Z,44.0,-1.0,23.0
2026-07-26T23:00:00.000Z,44.0,-0.6,26.0
2026-07-26T23:00:00.000Z,44.0,-0.2,68.0
2026-07-26T23:00:00.000Z,44.4,-1.4,23.0
2026-07-26T23:00:00.000Z,44.4,-1.0,118.0
2026-07-26T23:00:00.000Z,44.4,-0.6,86.0
2026-07-26T23:00:00.000Z,44.4,-0.2,93.0
2026-07-26T23:00:00.000Z,44.8,-1.4,24.0
2026-07-26T23:00:00.000Z,44.8,-1.0,134.0
2026-07-26T23:00:00.000Z,44.8,-0.6,103.0
2026-07-26T23:00:00.000Z,44.8,-0.2,77.0
2026-07-26T23:00:00.000Z,45.2,-1.4,26.0
2026-07-26T23:00:00.000Z,45.2,-1.0,23.0
2026-07-26T23:00:00.000Z,45.2,-0.6,21.0
2026-07-26T23:00:00.000Z,45.2,-0.2,19.0
2026-07-27T00:00:00.000Z,43.6,-1.4,23.0
2026-07-27T00:00:00.000Z,43.6,-1.0,19.0
2026-07-27T00:00:00.000Z,43.6,-0.6,20.0
2026-07-27T00:00:00.000Z,43.6,-0.2,21.0
2026-07-27T00:00:00.000Z,44.0,-1.4,25.0
2026-07-27T00:00:00.000Z,44.0,-1.0,22.0
2026-07-27T00:00:00.000Z,44.0,-0.6,26.0
2026-07-27T00:00:00.000Z,44.0,-0.2,68.0
2026-07-27T00:00:00.000Z,44.4,-1.4,23.0
2026-07-27T00:00:00.000Z,44.4,-1.0,130.0
2026-07-27T00:00:00.000Z,44.4,-0.6,96.0
2026-07-27T00:00:00.000Z,44.4,-0.2,99.0
2026-07-27T00:00:00.000Z,44.8,-1.4,26.0
2026-07-27T00:00:00.000Z,44.8,-1.0,138.0
2026-07-27T00:00:00.000Z,44.8,-0.6,106.0
2026-07-27T00:00:00.000Z,44.8,-0.2,83.0
2026-07-27T00:00:00.000Z,45.2,-1.4,26.0
2026-07-27T00:00:00.000Z,45.2,-1.0,22.0
2026-07-27T00:00:00.000Z,45.2,-0.6,21.0
2026-07-27T00:00:00.000Z,45.2,-0.2,21.0
2026-07-27T01:00:00.000Z,43.6,-1.4,23.0
2026-07-27T01:00:00.000Z,43.6,-1.0,19.0
2026-07-27T01:00:00.000Z,43.6,-0.6,19.0
2026-07-27T01:00:00.000Z,43.6,-0.2,20.0
2026-07-27T01:00:00.000Z,44.0,-1.4,24.0
2026-07-27T01:00:00.000Z,44.0,-1.0,22.0
2026-07-27T01:00:00.000Z,44.0,-0.6,26.0
2026-07-27T01:00:00.000Z,44.0,-0.2,68.0
2026-07-27T01:00:00.000Z,44.4,-1.4,24.0
2026-07-27T01:00:00.000Z,44.4,-1.0,136.0
2026-07-27T01:00:00.000Z,44.4,-0.6,100.0
2026-07-27T01:00:00.000Z,44.4,-0.2,103.0
2026-07-27T01:00:00.000Z,44.8,-1.4,25.0
2026-07-27T01:00:00.000Z,44.8,-1.0,138.0
2026-07-27T01:00:00.000Z,44.8,-0.6,106.0
2026-07-27T01:00:00.000Z,44.8,-0.2,83.0
2026-07-27T01:00:00.000Z,45.2,-1.4,28.0
2026-07-27T01:00:00.000Z,45.2,-1.0,22.0
2026-07-27T01:00:00.000Z,45.2,-0.6,20.0
2026-07-27T01:00:00.000Z,45.2,-0.2,20.0
2026-07-27T02:00:00.000Z,43.6,-1.4,23.0
2026-07-27T02:00:00.000Z,43.6,-1.0,20.0
2026-07-27T02:00:00.000Z,43.6,-0.6,19.0
2026-07-27T02:00:00.000Z,43.6,-0.2,19.0
2026-07-27T02:00:00.000Z,44.0,-1.4,22.0
2026-07-27T02:00:00.000Z,44.0,-1.0,22.0
2026-07-27T02:00:00.000Z,44.0,-0.6,26.0
2026-07-27T02:00:00.000Z,44.0,-0.2,68.0
2026-07-27T02:00:00.000Z,44.4,-1.4,25.0
2026-07-27T02:00:00.000Z,44.4,-1.0,138.0
2026-07-27T02:00:00.000Z,44.4,-0.6,106.0
2026-07-27T02:00:00.000Z,44.4,-0.2,107.0
2026-07-27T02:00:00.000Z,44.8,-1.4,25.0
2026-07-27T02:00:00.000Z,44.8,-1.0,135.0
2026-07-27T02:00:00.000Z,44.8,-0.6,106.0
2026-07-27T02:00:00.000Z,44.8,-0.2,84.0
2026-07-27T02:00:00.000Z,45.2,-1.4,27.0
2026-07-27T02:00:00.000Z,45.2,-1.0,22.0
2026-07-27T02:00:00.000Z,45.2,-0.6,21.0
2026-07-27T02:00:00.000Z,45.2,-0.2,20.0
2026-07-27T03:00:00.000Z,43.6,-1.4,23.0
2026-07-27T03:00:00.000Z,43.6,-1.0,20.0
2026-07-27T03:00:00.000Z,43.6,-0.6,19.0
2026-07-27T03:00:00.000Z,43.6,-0.2,20.0
2026-07-27T03:00:00.000Z,44.0,-1.4,22.0
2026-07-27T03:00:00.000Z,44.0,-1.0,20.0
2026-07-27T03:00:00.000Z,44.0,-0.6,25.0
2026-07-27T03:00:00.000Z,44.0,-0.2,68.0
2026-07-27T03:00:00.000Z,44.4,-1.4,26.0
2026-07-27T03:00:00.000Z,44.4,-1.0,138.0
2026-07-27T03:00:00.000Z,44.4,-0.6,110.0
2026-07-27T03:00:00.000Z,44.4,-0.2,110.0
2026-07-27T03:00:00.000Z,44.8,-1.4,28.0
2026-07-27T03:00:00.000Z,44.8,-1.0,131.0
2026-07-27T03:00:00.000Z,44.8,-0.6,105.0
2026-07-27T03:00:00.000Z,44.8,-0.2,84.0
2026-07-27T03:00:00.000Z,45.2,-1.4,30.0
2026-07-27T03:00:00.000Z,45.2,-1.0,23.0
2026-07-27T03:00:00.000Z,45.2,-0.6,21.0
2026-07-27T03:00:00.000Z,45.2,-0.2,20.0
2026-07-27T04:00:00.000Z,43.6,-1.4,23.0
2026-07-27T04:00:00.000Z,43.6,-1.0,20.0
2026-07-27T04:00:00.000Z,43.6,-0.6,20.0
2026-07-27T04:00:00.000Z,43.6,-0.2,20.0
2026-07-27T04:00:00.000Z,44.0,-1.4,23.0
2026-07-27T04:00:00.000Z,44.0,-1.0,18.0
2026-07-27T04:00:00.000Z,44.0,-0.6,25.0
2026-07-27T04:00:00.000Z,44.0,-0.2,68.0
2026-07-27T04:00:00.000Z,44.4,-1.4,26.0
2026-07-27T04:00:00.000Z,44.4,-1.0,138.0
2026-07-27T04:00:00.000Z,44.4,-0.6,113.0
2026-07-27T04:00:00.000Z,44.4,-0.2,112.0
2026-07-27T04:00:00.000Z,44.8,-1.4,28.0
2026-07-27T04:00:00.000Z,44.8,-1.0,129.0
2026-07-27T04:00:00.000Z,44.8,-0.6,103.0
2026-07-27T04:00:00.000Z,44.8,-0.2,83.0
2026-07-27T04:00:00.000Z,45.2,-1.4,31.0
2026-07-27T04:00:00.000Z,45.2,-1.0,23.0
2026-07-27T04:00:00.000Z,45.2,-0.6,20.0
2026-07-27T04:00:00.000Z,45.2,-0.2,20.0
2026-07-27T05:00:00.000Z,43.6,-1.4,21.0
2026-07-27T05:00:00.000Z,43.6,-1.0,20.0
2026-07-27T05:00:00.000Z,43.6,-0.6,20.0
2026-07-27T05:00:00.000Z,43.6,-0.2,21.0
2026-07-27T05:00:00.000Z,44.0,-1.4,24.0
2026-07-27T05:00:00.000Z,44.0,-1.0,16.0
2026-07-27T05:00:00.000Z,44.0,-0.6,24.0
2026-07-27T05:00:00.000Z,44.0,-0.2,67.0
2026-07-27T05:00:00.000Z,44.4,-1.4,27.0
2026-07-27T05:00:00.000Z,44.4,-1.0,135.0
2026-07-27T05:00:00.000Z,44.4,-0.6,114.0
2026-07-27T05:00:00.000Z,44.4,-0.2,112.0
2026-07-27T05:00:00.000Z,44.8,-1.4,29.0
2026-07-27T05:00:00.000Z,44.8,-1.0,129.0
2026-07-27T05:00:00.000Z,44.8,-0.6,101.0
2026-07-27T05:00:00.000Z,44.8,-0.2,83.0
2026-07-27T05:00:00.000Z,45.2,-1.4,31.0
2026-07-27T05:00:00.000Z,45.2,-1.0,25.0
2026-07-27T05:00:00.000Z,45.2,-0.6,20.0
2026-07-27T05:00:00.000Z,45.2,-0.2,21.0
2026-07-27T06:00:00.000Z,43.6,-1.4,18.0
2026-07-27T06:00:00.000Z,43.6,-1.0,19.0
2026-07-27T06:00:00.000Z,43.6,-0.6,20.0
2026-07-27T06:00:00.000Z,43.6,-0.2,22.0
2026-07-27T06:00:00.000Z,44.0,-1.4,25.0
2026-07-27T06:00:00.000Z,44.0,-1.0,14.0
2026-07-27T06:00:00.000Z,44.0,-0.6,25.0
2026-07-27T06:00:00.000Z,44.0,-0.2,67.0
2026-07-27T06:00:00.000Z,44.4,-1.4,28.0
2026-07-27T06:00:00.000Z,44.4,-1.0,133.0
2026-07-27T06:00:00.000Z,44.4,-0.6,117.0
2026-07-27T06:00:00.000Z,44.4,-0.2,111.0
2026-07-27T06:00:00.000Z,44.8,-1.4,30.0
2026-07-27T06:00:00.000Z,44.8,-1.0,128.0
2026-07-27T06:00:00.000Z,44.8,-0.6,100.0
2026-07-27T06:00:00.000Z,44.8,-0.2,83.0
2026-07-27T06:00:00.000Z,45.2,-1.4,31.0
2026-07-27T06:00:00.000Z,45.2,-1.0,26.0
2026-07-27T06:00:00.000Z,45.2,-0.6,21.0
2026-07-27T06:00:00.000Z,45.2,-0.2,21.0
2026-07-27T07:00:00.000Z,43.6,-1.4,20.0
2026-07-27T07:00:00.000Z,43.6,-1.0,18.0
2026-07-27T07:00:00.000Z,43.6,-0.6,19.0
2026-07-27T07:00:00.000Z,43.6,-0.2,21.0
2026-07-27T07:00:00.000Z,44.0,-1.4,26.0
2026-07-27T07:00:00.000Z,44.0,-1.0,18.0
2026-07-27T07:00:00.000Z,44.0,-0.6,27.0
2026-07-27T07:00:00.000Z,44.0,-0.2,67.0
2026-07-27T07:00:00.000Z,44.4,-1.4,29.0
2026-07-27T07:00:00.000Z,44.4,-1.0,131.0
2026-07-27T07:00:00.000Z,44.4,-0.6,117.0
2026-07-27T07:00:00.000Z,44.4,-0.2,110.0
2026-07-27T07:00:00.000Z,44.8,-1.4,31.0
2026-07-27T07:00:00.000Z,44.8,-1.0,128.0
2026-07-27T07:00:00.000Z,44.8,-0.6,100.0
2026-07-27T07:00:00.000Z,44.8,-0.2,83.0
2026-07-27T07:00:00.000Z,45.2,-1.4,31.0
2026-07-27T07:00:00.000Z,45.2,-1.0,27.0
2026-07-27T07:00:00.000Z,45.2,-0.6,23.0
2026-07-27T07:00:00.000Z,45.2,-0.2,23.0
2026-07-27T08:00:00.000Z,43.6,-1.4,20.0
2026-07-27T08:00:00.000Z,43.6,-1.0,20.0
2026-07-27T08:00:00.000Z,43.6,-0.6,19.0
2026-07-27T08:00:00.000Z,43.6,-0.2,20.0
2026-07-27T08:00:00.000Z,44.0,-1.4,27.0
2026-07-27T08:00:00.000Z,44.0,-1.0,23.0
2026-07-27T08:00:00.000Z,44.0,-0.6,30.0
2026-07-27T08:00:00.000Z,44.0,-0.2,65.0
2026-07-27T08:00:00.000Z,44.4,-1.4,29.0
2026-07-27T08:00:00.000Z,44.4,-1.0,128.0
2026-07-27T08:00:00.000Z,44.4,-0.6,117.0
2026-07-27T08:00:00.000Z,44.4,-0.2,107.0
2026-07-27T08:00:00.000Z,44.8,-1.4,31.0
2026-07-27T08:00:00.000Z,44.8,-1.0,127.0
2026-07-27T08:00:00.000Z,44.8,-0.6,99.0
2026-07-27T08:00:00.000Z,44.8,-0.2,83.0
2026-07-27T08:00:00.000Z,45.2,-1.4,31.0
2026-07-27T08:00:00.000Z,45.2,-1.0,26.0
2026-07-27T08:00:00.000Z,45.2,-0.6,25.0
2026-07-27T08:00:00.000Z,45.2,-0.2,24.0
2026-07-27T09:00:00.000Z,43.6,-1.4,23.0
2026-07-27T09:00:00.000Z,43.6,-1.0,22.0
2026-07-27T09:00:00.000Z,43.6,-0.6,21.0
2026-07-27T09:00:00.000Z,43.6,-0.2,19.0
2026-07-27T09:00:00.000Z,44.0,-1.4,28.0
2026-07-27T09:00:00.000Z,44.0,-1.0,26.0
2026-07-27T09:00:00.000Z,44.0,-0.6,36.0
2026-07-27T09:00:00.000Z,44.0,-0.2,64.0
2026-07-27T09:00:00.000Z,44.4,-1.4,31.0
2026-07-27T09:00:00.000Z,44.4,-1.0,126.0
2026-07-27T09:00:00.000Z,44.4,-0.6,116.0
2026-07-27T09:00:00.000Z,44.4,-0.2,102.0
2026-07-27T09:00:00.000Z,44.8,-1.4,32.0
2026-07-27T09:00:00.000Z,44.8,-1.0,127.0
2026-07-27T09:00:00.000Z,44.8,-0.6,98.0
2026-07-27T09:00:00.000Z,44.8,-0.2,83.0
2026-07-27T09:00:00.000Z,45.2,-1.4,31.0
2026-07-27T09:00:00.000Z,45.2,-1.0,26.0
2026-07-27T09:00:00.000Z,45.2,-0.6,25.0
2026-07-27T09:00:00.000Z,45.2,-0.2,25.0
2026-07-27T10:00:00.000Z,43.6,-1.4,26.0
2026-07-27T10:00:00.000Z,43.6,-1.0,24.0
2026-07-27T10:00:00.000Z,43.6,-0.6,24.0
2026-07-27T10:00:00.000Z,43.6,-0.2,22.0
2026-07-27T10:00:00.000Z,44.0,-1.4,28.0
2026-07-27T10:00:00.000Z,44.0,-1.0,31.0
2026-07-27T10:00:00.000Z,44.0,-0.6,44.0
2026-07-27T10:00:00.000Z,44.0,-0.2,63.0
2026-07-27T10:00:00.000Z,44.4,-1.4,31.0
2026-07-27T10:00:00.000Z,44.4,-1.0,123.0
2026-07-27T10:00:00.000Z,44.4,-0.6,116.0
2026-07-27T10:00:00.000Z,44.4,-0.2,99.0
2026-07-27T10:00:00.000Z,44.8,-1.4,32.0
2026-07-27T10:00:00.000Z,44.8,-1.0,127.0
2026-07-27T10:00:00.000Z,44.8,-0.6,97.0
2026-07-27T10:00:00.000Z,44.8,-0.2,82.0
2026-07-27T10:00:00.000Z,45.2,-1.4,32.0
2026-07-27T10:00:00.000Z,45.2,-1.0,28.0
2026-07-27T10:00:00.000Z,45.2,-0.6,26.0
2026-07-27T10:00:00.000Z,45.2,-0.2,26.0
2026-07-27T11:00:00.000Z,43.6,-1.4,27.0
2026-07-27T11:00:00.000Z,43.6,-1.0,25.0
2026-07-27T11:00:00.000Z,43.6,-0.6,26.0
2026-07-27T11:00:00.000Z,43.6,-0.2,26.0
2026-07-27T11:00:00.000Z,44.0,-1.4,28.0
2026-07-27T11:00:00.000Z,44.0,-1.0,33.0
2026-07-27T11:00:00.000Z,44.0,-0.6,58.0
2026-07-27T11:00:00.000Z,44.0,-0.2,60.0
2026-07-27T11:00:00.000Z,44.4,-1.4,32.0
2026-07-27T11:00:00.000Z,44.4,-1.0,120.0
2026-07-27T11:00:00.000Z,44.4,-0.6,116.0
2026-07-27T11:00:00.000Z,44.4,-0.2,97.0
2026-07-27T11:00:00.000Z,44.8,-1.4,32.0
2026-07-27T11:00:00.000Z,44.8,-1.0,126.0
2026-07-27T11:00:00.000Z,44.8,-0.6,96.0
2026-07-27T11:00:00.000Z,44.8,-0.2,82.0
2026-07-27T11:00:00.000Z,45.2,-1.4,32.0
2026-07-27T11:00:00.000Z,45.2,-1.0,31.0
2026-07-27T11:00:00.000Z,45.2,-0.6,28.0
2026-07-27T11:00:00.000Z,45.2,-0.2,28.0
2026-07-27T12:00:00.000Z,43.6,-1.4,28.0
2026-07-27T12:00:00.000Z,43.6,-1.0,27.0
2026-07-27T12:00:00.000Z,43.6,-0.6,28.0
2026-07-27T12:00:00.000Z,43.6,-0.2,32.0
2026-07-27T12:00:00.000Z,44.0,-1.4,30.0
2026-07-27T12:00:00.000Z,44.0,-1.0,34.0
2026-07-27T12:00:00.000Z,44.0,-0.6,61.0
2026-07-27T12:00:00.000Z,44.0,-0.2,53.0
2026-07-27T12:00:00.000Z,44.4,-1.4,32.0
2026-07-27T12:00:00.000Z,44.4,-1.0,119.0
2026-07-27T12:00:00.000Z,44.4,-0.6,116.0
2026-07-27T12:00:00.000Z,44.4,-0.2,96.0
2026-07-27T12:00:00.000Z,44.8,-1.4,33.0
2026-07-27T12:00:00.000Z,44.8,-1.0,124.0
2026-07-27T12:00:00.000Z,44.8,-0.6,94.0
2026-07-27T12:00:00.000Z,44.8,-0.2,82.0
2026-07-27T12:00:00.000Z,45.2,-1.4,32.0
2026-07-27T12:00:00.000Z,45.2,-1.0,32.0
2026-07-27T12:00:00.000Z,45.2,-0.6,29.0
2026-07-27T12:00:00.000Z,45.2,-0.2,29.0
2026-07-27T13:00:00.000Z,43.6,-1.4,28.0
2026-07-27T13:00:00.000Z,43.6,-1.0,28.0
2026-07-27T13:00:00.000Z,43.6,-0.6,28.0
2026-07-27T13:00:00.000Z,43.6,-0.2,31.0
2026-07-27T13:00:00.000Z,44.0,-1.4,30.0
2026-07-27T13:00:00.000Z,44.0,-1.0,34.0
2026-07-27T13:00:00.000Z,44.0,-0.6,62.0
2026-07-27T13:00:00.000Z,44.0,-0.2,48.0
2026-07-27T13:00:00.000Z,44.4,-1.4,32.0
2026-07-27T13:00:00.000Z,44.4,-1.0,119.0
2026-07-27T13:00:00.000Z,44.4,-0.6,116.0
2026-07-27T13:00:00.000Z,44.4,-0.2,95.0
2026-07-27T13:00:00.000Z,44.8,-1.4,33.0
2026-07-27T13:00:00.000Z,44.8,-1.0,122.0
2026-07-27T13:00:00.000Z,44.8,-0.6,92.0
2026-07-27T13:00:00.000Z,44.8,-0.2,81.0
2026-07-27T13:00:00.000Z,45.2,-1.4,34.0
2026-07-27T13:00:00.000Z,45.2,-1.0,33.0
2026-07-27T13:00:00.000Z,45.2,-0.6,32.0
2026-07-27T13:00:00.000Z,45.2,-0.2,30.0
2026-07-27T14:00:00.000Z,43.6,-1.4,29.0
2026-07-27T14:00:00.000Z,43.6,-1.0,28.0
2026-07-27T14:00:00.000Z,43.6,-0.6,28.0
2026-07-27T14:00:00.000Z,43.6,-0.2,30.0
2026-07-27T14:00:00.000Z,44.0,-1.4,30.0
2026-07-27T14:00:00.000Z,44.0,-1.0,34.0
2026-07-27T14:00:00.000Z,44.0,-0.6,64.0
2026-07-27T14:00:00.000Z,44.0,-0.2,59.0
2026-07-27T14:00:00.000Z,44.4,-1.4,33.0
2026-07-27T14:00:00.000Z,44.4,-1.0,119.0
2026-07-27T14:00:00.000Z,44.4,-0.6,116.0
2026-07-27T14:00:00.000Z,44.4,-0.2,95.0
2026-07-27T14:00:00.000Z,44.8,-1.4,33.0
2026-07-27T14:00:00.000Z,44.8,-1.0,123.0
2026-07-27T14:00:00.000Z,44.8,-0.6,91.0
2026-07-27T14:00:00.000Z,44.8,-0.2,80.0
2026-07-27T14:00:00.000Z,45.2,-1.4,33.0
2026-07-27T14:00:00.000Z,45.2,-1.0,32.0
2026-07-27T14:00:00.000Z,45.2,-0.6,33.0
2026-07-27T14:00:00.000Z,45.2,-0.2,32.0
2026-07-27T15:00:00.000Z,43.6,-1.4,29.0
2026-07-27T15:00:00.000Z,43.6,-1.0,30.0
2026-07-27T15:00:00.000Z,43.6,-0.6,28.0
2026-07-27T15:00:00.000Z,43.6,-0.2,30.0
2026-07-27T15:00:00.000Z,44.0,-1.4,31.0
2026-07-27T15:00:00.000Z,44.0,-1.0,35.0
2026-07-27T15:00:00.000Z,44.0,-0.6,67.0
2026-07-27T15:00:00.000Z,44.0,-0.2,61.0
2026-07-27T15:00:00.000Z,44.4,-1.4,34.0
2026-07-27T15:00:00.000Z,44.4,-1.0,119.0
2026-07-27T15:00:00.000Z,44.4,-0.6,117.0
2026-07-27T15:00:00.000Z,44.4,-0.2,95.0
2026-07-27T15:00:00.000Z,44.8,-1.4,33.0
2026-07-27T15:00:00.000Z,44.8,-1.0,123.0
2026-07-27T15:00:00.000Z,44.8,-0.6,90.0
2026-07-27T15:00:00.000Z,44.8,-0.2,79.0
2026-07-27T15:00:00.000Z,45.2,-1.4,34.0
2026-07-27T15:00:00.000Z,45.2,-1.0,31.0
2026-07-27T15:00:00.000Z,45.2,-0.6,34.0
2026-07-27T15:00:00.000Z,45.2,-0.2,33.0
2026-07-27T16:00:00.000Z,43.6,-1.4,30.0
2026-07-27T16:00:00.000Z,43.6,-1.0,30.0
2026-07-27T16:00:00.000Z,43.6,-0.6,29.0
2026-07-27T16:00:00.000Z,43.6,-0.2,30.0
2026-07-27T16:00:00.000Z,44.0,-1.4,32.0
2026-07-27T16:00:00.000Z,44.0,-1.0,35.0
2026-07-27T16:00:00.000Z,44.0,-0.6,70.0
2026-07-27T16:00:00.000Z,44.0,-0.2,61.0
2026-07-27T16:00:00.000Z,44.4,-1.4,33.0
2026-07-27T16:00:00.000Z,44.4,-1.0,120.0
2026-07-27T16:00:00.000Z,44.4,-0.6,118.0
2026-07-27T16:00:00.000Z,44.4,-0.2,95.0
2026-07-27T16:00:00.000Z,44.8,-1.4,33.0
2026-07-27T16:00:00.000Z,44.8,-1.0,124.0
2026-07-27T16:00:00.000Z,44.8,-0.6,90.0
2026-07-27T16:00:00.000Z,44.8,-0.2,79.0
2026-07-27T16:00:00.000Z,45.2,-1.4,35.0
2026-07-27T16:00:00.000Z,45.2,-1.0,31.0
2026-07-27T16:00:00.000Z,45.2,-0.6,33.0
2026-07-27T16:00:00.000Z,45.2,-0.2,33.0
2026-07-27T17:00:00.000Z,43.6,-1.4,30.0
2026-07-27T17:00:00.000Z,43.6,-1.0,30.0
2026-07-27T17:00:00.000Z,43.6,-0.6,30.0
2026-07-27T17:00:00.000Z,43.6,-0.2,30.0
2026-07-27T17:00:00.000Z,44.0,-1.4,31.0
2026-07-27T17:00:00.000Z,44.0,-1.0,37.0
2026-07-27T17:00:00.000Z,44.0,-0.6,72.0
2026-07-27T17:00:00.000Z,44.0,-0.2,62.0
2026-07-27T17:00:00.000Z,44.4,-1.4,34.0
2026-07-27T17:00:00.000Z,44.4,-1.0,121.0
2026-07-27T17:00:00.000Z,44.4,-0.6,118.0
2026-07-27T17:00:00.000Z,44.4,-0.2,96.0
2026-07-27T17:00:00.000Z,44.8,-1.4,33.0
2026-07-27T17:00:00.000Z,44.8,-1.0,125.0
2026-07-27T17:00:00.000Z,44.8,-0.6,90.0
2026-07-27T17:00:00.000Z,44.8,-0.2,79.0
2026-07-27T17:00:00.000Z,45.2,-1.4,36.0
2026-07-27T17:00:00.000Z,45.2,-1.0,30.0
2026-07-27T17:00:00.000Z,45.2,-0.6,34.0
2026-07-27T17:00:00.000Z,45.2,-0.2,33.0
2026-07-27T18:00:00.000Z,43.6,-1.4,30.0
2026-07-27T18:00:00.000Z,43.6,-1.0,30.0
2026-07-27T18:00:00.000Z,43.6,-0.6,29.0
2026-07-27T18:00:00.000Z,43.6,-0.2,29.0
2026-07-27T18:00:00.000Z,44.0,-1.4,32.0
2026-07-27T18:00:00.000Z,44.0,-1.0,37.0
2026-07-27T18:00:00.000Z,44.0,-0.6,74.0
2026-07-27T18:00:00.000Z,44.0,-0.2,63.0
2026-07-27T18:00:00.000Z,44.4,-1.4,34.0
2026-07-27T18:00:00.000Z,44.4,-1.0,121.0
2026-07-27T18:00:00.000Z,44.4,-0.6,118.0
2026-07-27T18:00:00.000Z,44.4,-0.2,96.0
2026-07-27T18:00:00.000Z,44.8,-1.4,34.0
2026-07-27T18:00:00.000Z,44.8,-1.0,120.0
2026-07-27T18:00:00.000Z,44.8,-0.6,90.0
2026-07-27T18:00:00.000Z,44.8,-0.2,79.0
2026-07-27T18:00:00.000Z,45.2,-1.4,36.0
2026-07-27T18:00:00.000Z,45.2,-1.0,31.0
2026-07-27T18:00:00.000Z,45.2,-0.6,33.0
2026-07-27T18:00:00.000Z,45.2,-0.2,33.0
2026-07-27T19:00:00.000Z,43.6,-1.4,28.0
2026-07-27T19:00:00.000Z,43.6,-1.0,26.0
2026-07-27T19:00:00.000Z,43.6,-0.6,26.0
2026-07-27T19:00:00.000Z,43.6,-0.2,26.0
2026-07-27T19:00:00.000Z,44.0,-1.4,33.0
2026-07-27T19:00:00.000Z,44.0,-1.0,38.0
2026-07-27T19:00:00.000Z,44.0,-0.6,75.0
2026-07-27T19:00:00.000Z,44.0,-0.2,64.0
2026-07-27T19:00:00.000Z,44.4,-1.4,34.0
2026-07-27T19:00:00.000Z,44.4,-1.0,116.0
2026-07-27T19:00:00.000Z,44.4,-0.6,116.0
2026-07-27T19:00:00.000Z,44.4,-0.2,96.0
2026-07-27T19:00:00.000Z,44.8,-1.4,35.0
2026-07-27T19:00:00.000Z,44.8,-1.0,111.0
2026-07-27T19:00:00.000Z,44.8,-0.6,86.0
2026-07-27T19:00:00.000Z,44.8,-0.2,79.0
2026-07-27T19:00:00.000Z,45.2,-1.4,34.0
2026-07-27T19:00:00.000Z,45.2,-1.0,30.0
2026-07-27T19:00:00.000Z,45.2,-0.6,30.0
2026-07-27T19:00:00.000Z,45.2,-0.2,30.0
2026-07-27T20:00:00.000Z,43.6,-1.4,28.0
2026-07-27T20:00:00.000Z,43.6,-1.0,24.0
2026-07-27T20:00:00.000Z,43.6,-0.6,23.0
2026-07-27T20:00:00.000Z,43.6,-0.2,26.0
2026-07-27T20:00:00.000Z,44.0,-1.4,34.0
2026-07-27T20:00:00.000Z,44.0,-1.0,43.0
2026-07-27T20:00:00.000Z,44.0,-0.6,76.0
2026-07-27T20:00:00.000Z,44.0,-0.2,64.0
2026-07-27T20:00:00.000Z,44.4,-1.4,35.0
2026-07-27T20:00:00.000Z,44.4,-1.0,109.0
2026-07-27T20:00:00.000Z,44.4,-0.6,111.0
2026-07-27T20:00:00.000Z,44.4,-0.2,94.0
2026-07-27T20:00:00.000Z,44.8,-1.4,35.0
2026-07-27T20:00:00.000Z,44.8,-1.0,103.0
2026-07-27T20:00:00.000Z,44.8,-0.6,77.0
2026-07-27T20:00:00.000Z,44.8,-0.2,75.0
2026-07-27T20:00:00.000Z,45.2,-1.4,34.0
2026-07-27T20:00:00.000Z,45.2,-1.0,29.0
2026-07-27T20:00:00.000Z,45.2,-0.6,27.0
2026-07-27T20:00:00.000Z,45.2,-0.2,30.0
2026-07-27T21:00:00.000Z,43.6,-1.4,28.0
2026-07-27T21:00:00.000Z,43.6,-1.0,22.0
2026-07-27T21:00:00.000Z,43.6,-0.6,20.0
2026-07-27T21:00:00.000Z,43.6,-0.2,27.0
2026-07-27T21:00:00.000Z,44.0,-1.4,29.0
2026-07-27T21:00:00.000Z,44.0,-1.0,62.0
2026-07-27T21:00:00.000Z,44.0,-0.6,77.0
2026-07-27T21:00:00.000Z,44.0,-0.2,64.0
2026-07-27T21:00:00.000Z,44.4,-1.4,33.0
2026-07-27T21:00:00.000Z,44.4,-1.0,103.0
2026-07-27T21:00:00.000Z,44.4,-0.6,104.0
2026-07-27T21:00:00.000Z,44.4,-0.2,90.0
2026-07-27T21:00:00.000Z,44.8,-1.4,34.0
2026-07-27T21:00:00.000Z,44.8,-1.0,96.0
2026-07-27T21:00:00.000Z,44.8,-0.6,68.0
2026-07-27T21:00:00.000Z,44.8,-0.2,69.0
2026-07-27T21:00:00.000Z,45.2,-1.4,34.0
2026-07-27T21:00:00.000Z,45.2,-1.0,26.0
2026-07-27T21:00:00.000Z,45.2,-0.6,25.0
2026-07-27T21:00:00.000Z,45.2,-0.2,25.0
2026-07-27T22:00:00.000Z,43.6,-1.4,25.0
2026-07-27T22:00:00.000Z,43.6,-1.0,22.0
2026-07-27T22:00:00.000Z,43.6,-0.6,21.0
2026-07-27T22:00:00.000Z,43.6,-0.2,25.0
2026-07-27T22:00:00.000Z,44.0,-1.4,24.0
2026-07-27T22:00:00.000Z,44.0,-1.0,68.0
2026-07-27T22:00:00.000Z,44.0,-0.6,77.0
2026-07-27T22:00:00.000Z,44.0,-0.2,64.0
2026-07-27T22:00:00.000Z,44.4,-1.4,28.0
2026-07-27T22:00:00.000Z,44.4,-1.0,94.0
2026-07-27T22:00:00.000Z,44.4,-0.6,95.0
2026-07-27T22:00:00.000Z,44.4,-0.2,82.0
2026-07-27T22:00:00.000Z,44.8,-1.4,33.0
2026-07-27T22:00:00.000Z,44.8,-1.0,89.0
2026-07-27T22:00:00.000Z,44.8,-0.6,60.0
2026-07-27T22:00:00.000Z,44.8,-0.2,61.0
2026-07-27T22:00:00.000Z,45.2,-1.4,34.0
2026-07-27T22:00:00.000Z,45.2,-1.0,25.0
2026-07-27T22:00:00.000Z,45.2,-0.6,23.0
2026-07-27T22:00:00.000Z,45.2,-0.2,23.0
2026-07-27T23:00:00.000Z,43.6,-1.4,24.0
2026-07-27T23:00:00.000Z,43.6,-1.0,22.0
2026-07-27T23:00:00.000Z,43.6,-0.6,18.0
2026-07-27T23:00:00.000Z,43.6,-0.2,22.0
2026-07-27T23:00:00.000Z,44.0,-1.4,18.0
2026-07-27T23:00:00.000Z,44.0,-1.0,71.0
2026-07-27T23:00:00.000Z,44.0,-0.6,77.0
2026-07-27T23:00:00.000Z,44.0,-0.2,65.0
2026-07-27T23:00:00.000Z,44.4,-1.4,22.0
2026-07-27T23:00:00.000Z,44.4,-1.0,86.0
2026-07-27T23:00:00.000Z,44.4,-0.6,86.0
2026-07-27T23:00:00.000Z,44.4,-0.2,74.0
2026-07-27T23:00:00.000Z,44.8,-1.4,32.0
2026-07-27T23:00:00.000Z,44.8,-1.0,82.0
2026-07-27T23:00:00.000Z,44.8,-0.6,30.0
2026-07-27T23:00:00.000Z,44.8,-0.2,31.0
2026-07-27T23:00:00.000Z,45.2,-1.4,33.0
2026-07-27T23:00:00.000Z,45.2,-1.0,24.0
2026-07-27T23:00:00.000Z,45.2,-0.6,22.0
2026-07-27T23:00:00.000Z,45.2,-0.2,20.0
2026-07-28T00:00:00.000Z,43.6,-1.4,22.0
2026-07-28T00:00:00.000Z,43.6,-1.0,18.0
2026-07-28T00:00:00.000Z,43.6,-0.6,16.0
2026-07-28T00:00:00.000Z,43.6,-0.2,20.0
2026-07-28T00:00:00.000Z,44.0,-1.4,23.0
2026-07-28T00:00:00.000Z,44.0,-1.0,71.0
2026-07-28T00:00:00.000Z,44.0,-0.6,77.0
2026-07-28T00:00:00.000Z,44.0,-0.2,65.0
2026-07-28T00:00:00.000Z,44.4,-1.4,23.0
2026-07-28T00:00:00.000Z,44.4,-1.0,74.0
2026-07-28T00:00:00.000Z,44.4,-0.6,77.0
2026-07-28T00:00:00.000Z,44.4,-0.2,67.0
2026-07-28T00:00:00.000Z,44.8,-1.4,28.0
2026-07-28T00:00:00.000Z,44.8,-1.0,76.0
2026-07-28T00:00:00.000Z,44.8,-0.6,21.0
2026-07-28T00:00:00.000Z,44.8,-0.2,18.0
2026-07-28T00:00:00.000Z,45.2,-1.4,30.0
2026-07-28T00:00:00.000Z,45.2,-1.0,24.0
2026-07-28T00:00:00.000Z,45.2,-0.6,20.0
2026-07-28T00:00:00.000Z,45.2,-0.2,17.0
2026-07-28T01:00:00.000Z,43.6,-1.4,17.0
2026-07-28T01:00:00.000Z,43.6,-1.0,17.0
2026-07-28T01:00:00.000Z,43.6,-0.6,15.0
2026-07-28T01:00:00.000Z,43.6,-0.2,21.0
2026-07-28T01:00:00.000Z,44.0,-1.4,34.0
2026-07-28T01:00:00.000Z,44.0,-1.0,72.0
2026-07-28T01:00:00.000Z,44.0,-0.6,78.0
2026-07-28T01:00:00.000Z,44.0,-0.2,65.0
2026-07-28T01:00:00.000Z,44.4,-1.4,27.0
2026-07-28T01:00:00.000Z,44.4,-1.0,69.0
2026-07-28T01:00:00.000Z,44.4,-0.6,72.0
2026-07-28T01:00:00.000Z,44.4,-0.2,62.0
2026-07-28T01:00:00.000Z,44.8,-1.4,27.0
2026-07-28T01:00:00.000Z,44.8,-1.0,74.0
2026-07-28T01:00:00.000Z,44.8,-0.6,20.0
2026-07-28T01:00:00.000Z,44.8,-0.2,17.0
2026-07-28T01:00:00.000Z,45.2,-1.4,29.0
2026-07-28T01:00:00.000Z,45.2,-1.0,21.0
2026-07-28T01:00:00.000Z,45.2,-0.6,18.0
2026-07-28T01:00:00.000Z,45.2,-0.2,16.0
2026-07-28T02:00:00.000Z,43.6,-1.4,18.0
2026-07-28T02:00:00.000Z,43.6,-1.0,18.0
2026-07-28T02:00:00.000Z,43.6,-0.6,14.0
2026-07-28T02:00:00.000Z,43.6,-0.2,21.0
2026-07-28T02:00:00.000Z,44.0,-1.4,39.0
2026-07-28T02:00:00.000Z,44.0,-1.0,72.0
2026-07-28T02:00:00.000Z,44.0,-0.6,78.0
2026-07-28T02:00:00.000Z,44.0,-0.2,65.0
2026-07-28T02:00:00.000Z,44.4,-1.4,30.0
2026-07-28T02:00:00.000Z,44.4,-1.0,64.0
2026-07-28T02:00:00.000Z,44.4,-0.6,67.0
2026-07-28T02:00:00.000Z,44.4,-0.2,52.0
2026-07-28T02:00:00.000Z,44.8,-1.4,26.0
2026-07-28T02:00:00.000Z,44.8,-1.0,72.0
2026-07-28T02:00:00.000Z,44.8,-0.6,19.0
2026-07-28T02:00:00.000Z,44.8,-0.2,16.0
2026-07-28T02:00:00.000Z,45.2,-1.4,27.0
2026-07-28T02:00:00.000Z,45.2,-1.0,20.0
2026-07-28T02:00:00.000Z,45.2,-0.6,17.0
2026-07-28T02:00:00.000Z,45.2,-0.2,15.0
2026-07-28T03:00:00.000Z,43.6,-1.4,20.0
2026-07-28T03:00:00.000Z,43.6,-1.0,19.0
2026-07-28T03:00:00.000Z,43.6,-0.6,14.0
2026-07-28T03:00:00.000Z,43.6,-0.2,21.0
2026-07-28T03:00:00.000Z,44.0,-1.4,42.0
2026-07-28T03:00:00.000Z,44.0,-1.0,72.0
2026-07-28T03:00:00.000Z,44.0,-0.6,78.0
2026-07-28T03:00:00.000Z,44.0,-0.2,65.0
2026-07-28T03:00:00.000Z,44.4,-1.4,31.0
2026-07-28T03:00:00.000Z,44.4,-1.0,63.0
2026-07-28T03:00:00.000Z,44.4,-0.6,62.0
2026-07-28T03:00:00.000Z,44.4,-0.2,38.0
2026-07-28T03:00:00.000Z,44.8,-1.4,25.0
2026-07-28T03:00:00.000Z,44.8,-1.0,71.0
2026-07-28T03:00:00.000Z,44.8,-0.6,17.0
2026-07-28T03:00:00.000Z,44.8,-0.2,15.0
2026-07-28T03:00:00.000Z,45.2,-1.4,26.0
2026-07-28T03:00:00.000Z,45.2,-1.0,18.0
2026-07-28T03:00:00.000Z,45.2,-0.6,16.0
2026-07-28T03:00:00.000Z,45.2,-0.2,15.0
2026-07-28T04:00:00.000Z,43.6,-1.4,23.0
2026-07-28T04:00:00.000Z,43.6,-1.0,20.0
2026-07-28T04:00:00.000Z,43.6,-0.6,15.0
2026-07-28T04:00:00.000Z,43.6,-0.2,22.0
2026-07-28T04:00:00.000Z,44.0,-1.4,44.0
2026-07-28T04:00:00.000Z,44.0,-1.0,72.0
2026-07-28T04:00:00.000Z,44.0,-0.6,78.0
2026-07-28T04:00:00.000Z,44.0,-0.2,65.0
2026-07-28T04:00:00.000Z,44.4,-1.4,32.0
2026-07-28T04:00:00.000Z,44.4,-1.0,63.0
2026-07-28T04:00:00.000Z,44.4,-0.6,56.0
2026-07-28T04:00:00.000Z,44.4,-0.2,31.0
2026-07-28T04:00:00.000Z,44.8,-1.4,23.0
2026-07-28T04:00:00.000Z,44.8,-1.0,68.0
2026-07-28T04:00:00.000Z,44.8,-0.6,17.0
2026-07-28T04:00:00.000Z,44.8,-0.2,14.0
2026-07-28T04:00:00.000Z,45.2,-1.4,26.0
2026-07-28T04:00:00.000Z,45.2,-1.0,17.0
2026-07-28T04:00:00.000Z,45.2,-0.6,15.0
2026-07-28T04:00:00.000Z,45.2,-0.2,15.0
2026-07-28T05:00:00.000Z,43.6,-1.4,24.0
2026-07-28T05:00:00.000Z,43.6,-1.0,21.0
2026-07-28T05:00:00.000Z,43.6,-0.6,15.0
2026-07-28T05:00:00.000Z,43.6,-0.2,22.0
2026-07-28T05:00:00.000Z,44.0,-1.4,44.0
2026-07-28T05:00:00.000Z,44.0,-1.0,72.0
2026-07-28T05:00:00.000Z,44.0,-0.6,78.0
2026-07-28T05:00:00.000Z,44.0,-0.2,65.0
2026-07-28T05:00:00.000Z,44.4,-1.4,32.0
2026-07-28T05:00:00.000Z,44.4,-1.0,63.0
2026-07-28T05:00:00.000Z,44.4,-0.6,44.0
2026-07-28T05:00:00.000Z,44.4,-0.2,25.0
2026-07-28T05:00:00.000Z,44.8,-1.4,22.0
2026-07-28T05:00:00.000Z,44.8,-1.0,65.0
2026-07-28T05:00:00.000Z,44.8,-0.6,17.0
2026-07-28T05:00:00.000Z,44.8,-0.2,13.0
2026-07-28T05:00:00.000Z,45.2,-1.4,24.0
2026-07-28T05:00:00.000Z,45.2,-1.0,17.0
2026-07-28T05:00:00.000Z,45.2,-0.6,12.0
2026-07-28T05:00:00.000Z,45.2,-0.2,15.0
2026-07-28T06:00:00.000Z,43.6,-1.4,25.0
2026-07-28T06:00:00.000Z,43.6,-1.0,21.0
2026-07-28T06:00:00.000Z,43.6,-0.6,16.0
2026-07-28T06:00:00.000Z,43.6,-0.2,22.0
2026-07-28T06:00:00.000Z,44.0,-1.4,45.0
2026-07-28T06:00:00.000Z,44.0,-1.0,72.0
2026-07-28T06:00:00.000Z,44.0,-0.6,78.0
2026-07-28T06:00:00.000Z,44.0,-0.2,65.0
2026-07-28T06:00:00.000Z,44.4,-1.4,33.0
2026-07-28T06:00:00.000Z,44.4,-1.0,62.0
2026-07-28T06:00:00.000Z,44.4,-0.6,35.0
2026-07-28T06:00:00.000Z,44.4,-0.2,22.0
2026-07-28T06:00:00.000Z,44.8,-1.4,20.0
2026-07-28T06:00:00.000Z,44.8,-1.0,63.0
2026-07-28T06:00:00.000Z,44.8,-0.6,16.0
2026-07-28T06:00:00.000Z,44.8,-0.2,13.0
2026-07-28T06:00:00.000Z,45.2,-1.4,23.0
2026-07-28T06:00:00.000Z,45.2,-1.0,14.0
2026-07-28T06:00:00.000Z,45.2,-0.6,14.0
2026-07-28T06:00:00.000Z,45.2,-0.2,16.0
2026-07-28T07:00:00.000Z,43.6,-1.4,26.0
2026-07-28T07:00:00.000Z,43.6,-1.0,22.0
2026-07-28T07:00:00.000Z,43.6,-0.6,18.0
2026-07-28T07:00:00.000Z,43.6,-0.2,23.0
2026-07-28T07:00:00.000Z,44.0,-1.4,45.0
2026-07-28T07:00:00.000Z,44.0,-1.0,71.0
2026-07-28T07:00:00.000Z,44.0,-0.6,77.0
2026-07-28T07:00:00.000Z,44.0,-0.2,65.0
2026-07-28T07:00:00.000Z,44.4,-1.4,33.0
2026-07-28T07:00:00.000Z,44.4,-1.0,60.0
2026-07-28T07:00:00.000Z,44.4,-0.6,31.0
2026-07-28T07:00:00.000Z,44.4,-0.2,19.0
2026-07-28T07:00:00.000Z,44.8,-1.4,20.0
2026-07-28T07:00:00.000Z,44.8,-1.0,62.0
2026-07-28T07:00:00.000Z,44.8,-0.6,16.0
2026-07-28T07:00:00.000Z,44.8,-0.2,15.0
2026-07-28T07:00:00.000Z,45.2,-1.4,22.0
2026-07-28T07:00:00.000Z,45.2,-1.0,16.0
2026-07-28T07:00:00.000Z,45.2,-0.6,17.0
2026-07-28T07:00:00.000Z,45.2,-0.2,20.0
2026-07-28T08:00:00.000Z,43.6,-1.4,27.0
2026-07-28T08:00:00.000Z,43.6,-1.0,22.0
2026-07-28T08:00:00.000Z,43.6,-0.6,22.0
2026-07-28T08:00:00.000Z,43.6,-0.2,23.0
2026-07-28T08:00:00.000Z,44.0,-1.4,45.0
2026-07-28T08:00:00.000Z,44.0,-1.0,69.0
2026-07-28T08:00:00.000Z,44.0,-0.6,75.0
2026-07-28T08:00:00.000Z,44.0,-0.2,65.0
2026-07-28T08:00:00.000Z,44.4,-1.4,34.0
2026-07-28T08:00:00.000Z,44.4,-1.0,55.0
2026-07-28T08:00:00.000Z,44.4,-0.6,28.0
2026-07-28T08:00:00.000Z,44.4,-0.2,22.0
2026-07-28T08:00:00.000Z,44.8,-1.4,23.0
2026-07-28T08:00:00.000Z,44.8,-1.0,61.0
2026-07-28T08:00:00.000Z,44.8,-0.6,18.0
2026-07-28T08:00:00.000Z,44.8,-0.2,19.0
2026-07-28T08:00:00.000Z,45.2,-1.4,26.0
2026-07-28T08:00:00.000Z,45.2,-1.0,20.0
2026-07-28T08:00:00.000Z,45.2,-0.6,22.0
2026-07-28T08:00:00.000Z,45.2,-0.2,22.0
2026-07-28T09:00:00.000Z,43.6,-1.4,27.0
2026-07-28T09:00:00.000Z,43.6,-1.0,24.0
2026-07-28T09:00:00.000Z,43.6,-0.6,26.0
2026-07-28T09:00:00.000Z,43.6,-0.2,28.0
2026-07-28T09:00:00.000Z,44.0,-1.4,46.0
2026-07-28T09:00:00.000Z,44.0,-1.0,66.0
2026-07-28T09:00:00.000Z,44.0,-0.6,71.0
2026-07-28T09:00:00.000Z,44.0,-0.2,62.0
2026-07-28T09:00:00.000Z,44.4,-1.4,35.0
2026-07-28T09:00:00.000Z,44.4,-1.0,49.0
2026-07-28T09:00:00.000Z,44.4,-0.6,26.0
2026-07-28T09:00:00.000Z,44.4,-0.2,27.0
2026-07-28T09:00:00.000Z,44.8,-1.4,29.0
2026-07-28T09:00:00.000Z,44.8,-1.0,60.0
2026-07-28T09:00:00.000Z,44.8,-0.6,25.0
2026-07-28T09:00:00.000Z,44.8,-0.2,24.0
2026-07-28T09:00:00.000Z,45.2,-1.4,28.0
2026-07-28T09:00:00.000Z,45.2,-1.0,25.0
2026-07-28T09:00:00.000Z,45.2,-0.6,26.0
2026-07-28T09:00:00.000Z,45.2,-0.2,24.0
2026-07-28T10:00:00.000Z,43.6,-1.4,33.0
2026-07-28T10:00:00.000Z,43.6,-1.0,30.0
2026-07-28T10:00:00.000Z,43.6,-0.6,32.0
2026-07-28T10:00:00.000Z,43.6,-0.2,33.0
2026-07-28T10:00:00.000Z,44.0,-1.4,46.0
2026-07-28T10:00:00.000Z,44.0,-1.0,64.0
2026-07-28T10:00:00.000Z,44.0,-0.6,68.0
2026-07-28T10:00:00.000Z,44.0,-0.2,59.0
2026-07-28T10:00:00.000Z,44.4,-1.4,36.0
2026-07-28T10:00:00.000Z,44.4,-1.0,44.0
2026-07-28T10:00:00.000Z,44.4,-0.6,30.0
2026-07-28T10:00:00.000Z,44.4,-0.2,30.0
2026-07-28T10:00:00.000Z,44.8,-1.4,36.0
2026-07-28T10:00:00.000Z,44.8,-1.0,56.0
2026-07-28T10:00:00.000Z,44.8,-0.6,31.0
2026-07-28T10:00:00.000Z,44.8,-0.2,29.0
2026-07-28T10:00:00.000Z,45.2,-1.4,30.0
2026-07-28T10:00:00.000Z,45.2,-1.0,30.0
2026-07-28T10:00:00.000Z,45.2,-0.6,31.0
2026-07-28T10:00:00.000Z,45.2,-0.2,28.0
2026-07-28T11:00:00.000Z,43.6,-1.4,37.0
2026-07-28T11:00:00.000Z,43.6,-1.0,34.0
2026-07-28T11:00:00.000Z,43.6,-0.6,35.0
2026-07-28T11:00:00.000Z,43.6,-0.2,37.0
2026-07-28T11:00:00.000Z,44.0,-1.4,47.0
2026-07-28T11:00:00.000Z,44.0,-1.0,64.0
2026-07-28T11:00:00.000Z,44.0,-0.6,64.0
2026-07-28T11:00:00.000Z,44.0,-0.2,49.0
2026-07-28T11:00:00.000Z,44.4,-1.4,39.0
2026-07-28T11:00:00.000Z,44.4,-1.0,41.0
2026-07-28T11:00:00.000Z,44.4,-0.6,33.0
2026-07-28T11:00:00.000Z,44.4,-0.2,33.0
2026-07-28T11:00:00.000Z,44.8,-1.4,38.0
2026-07-28T11:00:00.000Z,44.8,-1.0,51.0
2026-07-28T11:00:00.000Z,44.8,-0.6,34.0
2026-07-28T11:00:00.000Z,44.8,-0.2,33.0
2026-07-28T11:00:00.000Z,45.2,-1.4,33.0
2026-07-28T11:00:00.000Z,45.2,-1.0,32.0
2026-07-28T11:00:00.000Z,45.2,-0.6,33.0
2026-07-28T11:00:00.000Z,45.2,-0.2,31.0
2026-07-28T12:00:00.000Z,43.6,-1.4,40.0
2026-07-28T12:00:00.000Z,43.6,-1.0,35.0
2026-07-28T12:00:00.000Z,43.6,-0.6,37.0
2026-07-28T12:00:00.000Z,43.6,-0.2,38.0
2026-07-28T12:00:00.000Z,44.0,-1.4,47.0
2026-07-28T12:00:00.000Z,44.0,-1.0,63.0
2026-07-28T12:00:00.000Z,44.0,-0.6,62.0
2026-07-28T12:00:00.000Z,44.0,-0.2,41.0
2026-07-28T12:00:00.000Z,44.4,-1.4,40.0
2026-07-28T12:00:00.000Z,44.4,-1.0,39.0
2026-07-28T12:00:00.000Z,44.4,-0.6,36.0
2026-07-28T12:00:00.000Z,44.4,-0.2,36.0
2026-07-28T12:00:00.000Z,44.8,-1.4,40.0
2026-07-28T12:00:00.000Z,44.8,-1.0,47.0
2026-07-28T12:00:00.000Z,44.8,-0.6,34.0
2026-07-28T12:00:00.000Z,44.8,-0.2,34.0
2026-07-28T12:00:00.000Z,45.2,-1.4,34.0
2026-07-28T12:00:00.000Z,45.2,-1.0,35.0
2026-07-28T12:00:00.000Z,45.2,-0.6,34.0
2026-07-28T12:00:00.000Z,45.2,-0.2,32.0
2026-07-28T13:00:00.000Z,43.6,-1.4,41.0
2026-07-28T13:00:00.000Z,43.6,-1.0,36.0
2026-07-28T13:00:00.000Z,43.6,-0.6,37.0
2026-07-28T13:00:00.000Z,43.6,-0.2,38.0
2026-07-28T13:00:00.000Z,44.0,-1.4,48.0
2026-07-28T13:00:00.000Z,44.0,-1.0,63.0
2026-07-28T13:00:00.000Z,44.0,-0.6,61.0
2026-07-28T13:00:00.000Z,44.0,-0.2,39.0
2026-07-28T13:00:00.000Z,44.4,-1.4,44.0
2026-07-28T13:00:00.000Z,44.4,-1.0,38.0
2026-07-28T13:00:00.000Z,44.4,-0.6,38.0
2026-07-28T13:00:00.000Z,44.4,-0.2,38.0
2026-07-28T13:00:00.000Z,44.8,-1.4,41.0
2026-07-28T13:00:00.000Z,44.8,-1.0,43.0
2026-07-28T13:00:00.000Z,44.8,-0.6,38.0
2026-07-28T13:00:00.000Z,44.8,-0.2,36.0
2026-07-28T13:00:00.000Z,45.2,-1.4,36.0
2026-07-28T13:00:00.000Z,45.2,-1.0,36.0
2026-07-28T13:00:00.000Z,45.2,-0.6,35.0
2026-07-28T13:00:00.000Z,45.2,-0.2,34.0
2026-07-28T14:00:00.000Z,43.6,-1.4,43.0
2026-07-28T14:00:00.000Z,43.6,-1.0,38.0
2026-07-28T14:00:00.000Z,43.6,-0.6,38.0
2026-07-28T14:00:00.000Z,43.6,-0.2,39.0
2026-07-28T14:00:00.000Z,44.0,-1.4,49.0
2026-07-28T14:00:00.000Z,44.0,-1.0,64.0
2026-07-28T14:00:00.000Z,44.0,-0.6,56.0
2026-07-28T14:00:00.000Z,44.0,-0.2,39.0
2026-07-28T14:00:00.000Z,44.4,-1.4,51.0
2026-07-28T14:00:00.000Z,44.4,-1.0,41.0
2026-07-28T14:00:00.000Z,44.4,-0.6,39.0
2026-07-28T14:00:00.000Z,44.4,-0.2,38.0
2026-07-28T14:00:00.000Z,44.8,-1.4,44.0
2026-07-28T14:00:00.000Z,44.8,-1.0,46.0
2026-07-28T14:00:00.000Z,44.8,-0.6,40.0
2026-07-28T14:00:00.000Z,44.8,-0.2,38.0
2026-07-28T14:00:00.000Z,45.2,-1.4,38.0
2026-07-28T14:00:00.000Z,45.2,-1.0,36.0
2026-07-28T14:00:00.000Z,45.2,-0.6,37.0
2026-07-28T14:00:00.000Z,45.2,-0.2,36.0
2026-07-28T15:00:00.000Z,43.6,-1.4,45.0
2026-07-28T15:00:00.000Z,43.6,-1.0,40.0
2026-07-28T15:00:00.000Z,43.6,-0.6,40.0
2026-07-28T15:00:00.000Z,43.6,-0.2,41.0
2026-07-28T15:00:00.000Z,44.0,-1.4,50.0
2026-07-28T15:00:00.000Z,44.0,-1.0,64.0
2026-07-28T15:00:00.000Z,44.0,-0.6,42.0
2026-07-28T15:00:00.000Z,44.0,-0.2,39.0
2026-07-28T15:00:00.000Z,44.4,-1.4,59.0
2026-07-28T15:00:00.000Z,44.4,-1.0,41.0
2026-07-28T15:00:00.000Z,44.4,-0.6,40.0
2026-07-28T15:00:00.000Z,44.4,-0.2,39.0
2026-07-28T15:00:00.000Z,44.8,-1.4,40.0
2026-07-28T15:00:00.000Z,44.8,-1.0,52.0
2026-07-28T15:00:00.000Z,44.8,-0.6,41.0
2026-07-28T15:00:00.000Z,44.8,-0.2,39.0
2026-07-28T15:00:00.000Z,45.2,-1.4,39.0
2026-07-28T15:00:00.000Z,45.2,-1.0,37.0
2026-07-28T15:00:00.000Z,45.2,-0.6,39.0
2026-07-28T15:00:00.000Z,45.2,-0.2,36.0
2026-07-28T16:00:00.000Z,43.6,-1.4,45.0
2026-07-28T16:00:00.000Z,43.6,-1.0,41.0
2026-07-28T16:00:00.000Z,43.6,-0.6,40.0
2026-07-28T16:00:00.000Z,43.6,-0.2,41.0
2026-07-28T16:00:00.000Z,44.0,-1.4,52.0
2026-07-28T16:00:00.000Z,44.0,-1.0,63.0
2026-07-28T16:00:00.000Z,44.0,-0.6,39.0
2026-07-28T16:00:00.000Z,44.0,-0.2,39.0
2026-07-28T16:00:00.000Z,44.4,-1.4,57.0
2026-07-28T16:00:00.000Z,44.4,-1.0,43.0
2026-07-28T16:00:00.000Z,44.4,-0.6,40.0
2026-07-28T16:00:00.000Z,44.4,-0.2,40.0
2026-07-28T16:00:00.000Z,44.8,-1.4,39.0
2026-07-28T16:00:00.000Z,44.8,-1.0,59.0
2026-07-28T16:00:00.000Z,44.8,-0.6,42.0
2026-07-28T16:00:00.000Z,44.8,-0.2,40.0
2026-07-28T16:00:00.000Z,45.2,-1.4,39.0
2026-07-28T16:00:00.000Z,45.2,-1.0,41.0
2026-07-28T16:00:00.000Z,45.2,-0.6,42.0
2026-07-28T16:00:00.000Z,45.2,-0.2,36.0
2026-07-28T17:00:00.000Z,43.6,-1.4,45.0
2026-07-28T17:00:00.000Z,43.6,-1.0,40.0
2026-07-28T17:00:00.000Z,43.6,-0.6,40.0
2026-07-28T17:00:00.000Z,43.6,-0.2,38.0
2026-07-28T17:00:00.000Z,44.0,-1.4,53.0
2026-07-28T17:00:00.000Z,44.0,-1.0,63.0
2026-07-28T17:00:00.000Z,44.0,-0.6,39.0
2026-07-28T17:00:00.000Z,44.0,-0.2,39.0
2026-07-28T17:00:00.000Z,44.4,-1.4,55.0
2026-07-28T17:00:00.000Z,44.4,-1.0,47.0
2026-07-28T17:00:00.000Z,44.4,-0.6,40.0
2026-07-28T17:00:00.000Z,44.4,-0.2,40.0
2026-07-28T17:00:00.000Z,44.8,-1.4,39.0
2026-07-28T17:00:00.000Z,44.8,-1.0,61.0
2026-07-28T17:00:00.000Z,44.8,-0.6,41.0
2026-07-28T17:00:00.000Z,44.8,-0.2,41.0
2026-07-28T17:00:00.000Z,45.2,-1.4,39.0
2026-07-28T17:00:00.000Z,45.2,-1.0,41.0
2026-07-28T17:00:00.000Z,45.2,-0.6,43.0
2026-07-28T17:00:00.000Z,45.2,-0.2,37.0
2026-07-28T18:00:00.000Z,43.6,-1.4,43.0
2026-07-28T18:00:00.000Z,43.6,-1.0,38.0
2026-07-28T18:00:00.000Z,43.6,-0.6,38.0
2026-07-28T18:00:00.000Z,43.6,-0.2,38.0
2026-07-28T18:00:00.000Z,44.0,-1.4,54.0
2026-07-28T18:00:00.000Z,44.0,-1.0,63.0
2026-07-28T18:00:00.000Z,44.0,-0.6,40.0
2026-07-28T18:00:00.000Z,44.0,-0.2,38.0
2026-07-28T18:00:00.000Z,44.4,-1.4,45.0
2026-07-28T18:00:00.000Z,44.4,-1.0,49.0
2026-07-28T18:00:00.000Z,44.4,-0.6,39.0
2026-07-28T18:00:00.000Z,44.4,-0.2,38.0
2026-07-28T18:00:00.000Z,44.8,-1.4,41.0
2026-07-28T18:00:00.000Z,44.8,-1.0,54.0
2026-07-28T18:00:00.000Z,44.8,-0.6,40.0
2026-07-28T18:00:00.000Z,44.8,-0.2,38.0
2026-07-28T18:00:00.000Z,45.2,-1.4,39.0
2026-07-28T18:00:00.000Z,45.2,-1.0,38.0
2026-07-28T18:00:00.000Z,45.2,-0.6,40.0
2026-07-28T18:00:00.000Z,45.2,-0.2,37.0
2026-07-28T19:00:00.000Z,43.6,-1.4,34.0
2026-07-28T19:00:00.000Z,43.6,-1.0,34.0
2026-07-28T19:00:00.000Z,43.6,-0.6,34.0
2026-07-28T19:00:00.000Z,43.6,-0.2,36.0
2026-07-28T19:00:00.000Z,44.0,-1.4,56.0
2026-07-28T19:00:00.000Z,44.0,-1.0,63.0
2026-07-28T19:00:00.000Z,44.0,-0.6,39.0
2026-07-28T19:00:00.000Z,44.0,-0.2,38.0
2026-07-28T19:00:00.000Z,44.4,-1.4,45.0
2026-07-28T19:00:00.000Z,44.4,-1.0,41.0
2026-07-28T19:00:00.000Z,44.4,-0.6,37.0
2026-07-28T19:00:00.000Z,44.4,-0.2,36.0
2026-07-28T19:00:00.000Z,44.8,-1.4,40.0
2026-07-28T19:00:00.000Z,44.8,-1.0,44.0
2026-07-28T19:00:00.000Z,44.8,-0.6,36.0
2026-07-28T19:00:00.000Z,44.8,-0.2,36.0
2026-07-28T19:00:00.000Z,45.2,-1.4,38.0
2026-07-28T19:00:00.000Z,45.2,-1.0,36.0
2026-07-28T19:00:00.000Z,45.2,-0.6,36.0
2026-07-28T19:00:00.000Z,45.2,-0.2,35.0
2026-07-28T20:00:00.000Z,43.6,-1.4,32.0
2026-07-28T20:00:00.000Z,43.6,-1.0,30.0
2026-07-28T20:00:00.000Z,43.6,-0.6,31.0
2026-07-28T20:00:00.000Z,43.6,-0.2,33.0
2026-07-28T20:00:00.000Z,44.0,-1.4,57.0
2026-07-28T20:00:00.000Z,44.0,-1.0,61.0
2026-07-28T20:00:00.000Z,44.0,-0.6,38.0
2026-07-28T20:00:00.000Z,44.0,-0.2,36.0
2026-07-28T20:00:00.000Z,44.4,-1.4,45.0
2026-07-28T20:00:00.000Z,44.4,-1.0,38.0
2026-07-28T20:00:00.000Z,44.4,-0.6,36.0
2026-07-28T20:00:00.000Z,44.4,-0.2,34.0
2026-07-28T20:00:00.000Z,44.8,-1.4,38.0
2026-07-28T20:00:00.000Z,44.8,-1.0,43.0
2026-07-28T20:00:00.000Z,44.8,-0.6,32.0
2026-07-28T20:00:00.000Z,44.8,-0.2,34.0
2026-07-28T20:00:00.000Z,45.2,-1.4,38.0
2026-07-28T20:00:00.000Z,45.2,-1.0,32.0
2026-07-28T20:00:00.000Z,45.2,-0.6,32.0
2026-07-28T20:00:00.000Z,45.2,-0.2,33.0
2026-07-28T21:00:00.000Z,43.6,-1.4,33.0
2026-07-28T21:00:00.000Z,43.6,-1.0,27.0
2026-07-28T21:00:00.000Z,43.6,-0.6,26.0
2026-07-28T21:00:00.000Z,43.6,-0.2,27.0
2026-07-28T21:00:00.000Z,44.0,-1.4,57.0
2026-07-28T21:00:00.000Z,44.0,-1.0,44.0
2026-07-28T21:00:00.000Z,44.0,-0.6,33.0
2026-07-28T21:00:00.000Z,44.0,-0.2,33.0
2026-07-28T21:00:00.000Z,44.4,-1.4,45.0
2026-07-28T21:00:00.000Z,44.4,-1.0,33.0
2026-07-28T21:00:00.000Z,44.4,-0.6,33.0
2026-07-28T21:00:00.000Z,44.4,-0.2,30.0
2026-07-28T21:00:00.000Z,44.8,-1.4,36.0
2026-07-28T21:00:00.000Z,44.8,-1.0,42.0
2026-07-28T21:00:00.000Z,44.8,-0.6,29.0
2026-07-28T21:00:00.000Z,44.8,-0.2,30.0
2026-07-28T21:00:00.000Z,45.2,-1.4,38.0
2026-07-28T21:00:00.000Z,45.2,-1.0,29.0
2026-07-28T21:00:00.000Z,45.2,-0.6,26.0
2026-07-28T21:00:00.000Z,45.2,-0.2,32.0
2026-07-28T22:00:00.000Z,43.6,-1.4,33.0
2026-07-28T22:00:00.000Z,43.6,-1.0,28.0
2026-07-28T22:00:00.000Z,43.6,-0.6,24.0
2026-07-28T22:00:00.000Z,43.6,-0.2,24.0
2026-07-28T22:00:00.000Z,44.0,-1.4,55.0
2026-07-28T22:00:00.000Z,44.0,-1.0,27.0
2026-07-28T22:00:00.000Z,44.0,-0.6,30.0
2026-07-28T22:00:00.000Z,44.0,-0.2,31.0
2026-07-28T22:00:00.000Z,44.4,-1.4,46.0
2026-07-28T22:00:00.000Z,44.4,-1.0,26.0
2026-07-28T22:00:00.000Z,44.4,-0.6,29.0
2026-07-28T22:00:00.000Z,44.4,-0.2,26.0
2026-07-28T22:00:00.000Z,44.8,-1.4,32.0
2026-07-28T22:00:00.000Z,44.8,-1.0,43.0
2026-07-28T22:00:00.000Z,44.8,-0.6,26.0
2026-07-28T22:00:00.000Z,44.8,-0.2,26.0
2026-07-28T22:00:00.000Z,45.2,-1.4,36.0
2026-07-28T22:00:00.000Z,45.2,-1.0,26.0
2026-07-28T22:00:00.000Z,45.2,-0.6,23.0
2026-07-28T22:00:00.000Z,45.2,-0.2,27.0
2026-07-28T23:00:00.000Z,43.6,-1.4,34.0
2026-07-28T23:00:00.000Z,43.6,-1.0,28.0
2026-07-28T23:00:00.000Z,43.6,-0.6,23.0
2026-07-28T23:00:00.000Z,43.6,-0.2,22.0
2026-07-28T23:00:00.000Z,44.0,-1.4,53.0
2026-07-28T23:00:00.000Z,44.0,-1.0,26.0
2026-07-28T23:00:00.000Z,44.0,-0.6,28.0
2026-07-28T23:00:00.000Z,44.0,-0.2,30.0
2026-07-28T23:00:00.000Z,44.4,-1.4,45.0
2026-07-28T23:00:00.000Z,44.4,-1.0,23.0
2026-07-28T23:00:00.000Z,44.4,-0.6,26.0
2026-07-28T23:00:00.000Z,44.4,-0.2,25.0
2026-07-28T23:00:00.000Z,44.8,-1.4,29.0
2026-07-28T23:00:00.000Z,44.8,-1.0,44.0
2026-07-28T23:00:00.000Z,44.8,-0.6,24.0
2026-07-28T23:00:00.000Z,44.8,-0.2,22.0
2026-07-28T23:00:00.000Z,45.2,-1.4,32.0
2026-07-28T23:00:00.000Z,45.2,-1.0,24.0
2026-07-28T23:00:00.000Z,45.2,-0.6,21.0
2026-07-28T23:00:00.000Z,45.2,-0.2,25.0
2026-07-29T00:00:00.000Z,43.6,-1.4,34.0
2026-07-29T00:00:00.000Z,43.6,-1.0,26.0
2026-07-29T00:00:00.000Z,43.6,-0.6,20.0
2026-07-29T00:00:00.000Z,43.6,-0.2,19.0
2026-07-29T00:00:00.000Z,44.0,-1.4,45.0
2026-07-29T00:00:00.000Z,44.0,-1.0,26.0
2026-07-29T00:00:00.000Z,44.0,-0.6,24.0
2026-07-29T00:00:00.000Z,44.0,-0.2,24.0
2026-07-29T00:00:00.000Z,44.4,-1.4,40.0
2026-07-29T00:00:00.000Z,44.4,-1.0,20.0
2026-07-29T00:00:00.000Z,44.4,-0.6,24.0
2026-07-29T00:00:00.000Z,44.4,-0.2,23.0
2026-07-29T00:00:00.000Z,44.8,-1.4,25.0
2026-07-29T00:00:00.000Z,44.8,-1.0,46.0
2026-07-29T00:00:00.000Z,44.8,-0.6,17.0
2026-07-29T00:00:00.000Z,44.8,-0.2,19.0
2026-07-29T00:00:00.000Z,45.2,-1.4,31.0
2026-07-29T00:00:00.000Z,45.2,-1.0,21.0
2026-07-29T00:00:00.000Z,45.2,-0.6,21.0
2026-07-29T00:00:00.000Z,45.2,-0.2,25.0
2026-07-29T01:00:00.000Z,43.6,-1.4,32.0
2026-07-29T01:00:00.000Z,43.6,-1.0,24.0
2026-07-29T01:00:00.000Z,43.6,-0.6,20.0
2026-07-29T01:00:00.000Z,43.6,-0.2,19.0
2026-07-29T01:00:00.000Z,44.0,-1.4,32.0
2026-07-29T01:00:00.000Z,44.0,-1.0,24.0
2026-07-29T01:00:00.000Z,44.0,-0.6,23.0
2026-07-29T01:00:00.000Z,44.0,-0.2,22.0
2026-07-29T01:00:00.000Z,44.4,-1.4,35.0
2026-07-29T01:00:00.000Z,44.4,-1.0,22.0
2026-07-29T01:00:00.000Z,44.4,-0.6,25.0
2026-07-29T01:00:00.000Z,44.4,-0.2,22.0
2026-07-29T01:00:00.000Z,44.8,-1.4,21.0
2026-07-29T01:00:00.000Z,44.8,-1.0,46.0
2026-07-29T01:00:00.000Z,44.8,-0.6,15.0
2026-07-29T01:00:00.000Z,44.8,-0.2,18.0
2026-07-29T01:00:00.000Z,45.2,-1.4,26.0
2026-07-29T01:00:00.000Z,45.2,-1.0,21.0
2026-07-29T01:00:00.000Z,45.2,-0.6,21.0
2026-07-29T01:00:00.000Z,45.2,-0.2,23.0
2026-07-29T02:00:00.000Z,43.6,-1.4,30.0
2026-07-29T02:00:00.000Z,43.6,-1.0,23.0
2026-07-29T02:00:00.000Z,43.6,-0.6,20.0
2026-07-29T02:00:00.000Z,43.6,-0.2,19.0
2026-07-29T02:00:00.000Z,44.0,-1.4,28.0
2026-07-29T02:00:00.000Z,44.0,-1.0,22.0
2026-07-29T02:00:00.000Z,44.0,-0.6,22.0
2026-07-29T02:00:00.000Z,44.0,-0.2,20.0
2026-07-29T02:00:00.000Z,44.4,-1.4,34.0
2026-07-29T02:00:00.000Z,44.4,-1.0,20.0
2026-07-29T02:00:00.000Z,44.4,-0.6,22.0
2026-07-29T02:00:00.000Z,44.4,-0.2,22.0
2026-07-29T02:00:00.000Z,44.8,-1.4,22.0
2026-07-29T02:00:00.000Z,44.8,-1.0,47.0
2026-07-29T02:00:00.000Z,44.8,-0.6,15.0
2026-07-29T02:00:00.000Z,44.8,-0.2,15.0
2026-07-29T02:00:00.000Z,45.2,-1.4,24.0
2026-07-29T02:00:00.000Z,45.2,-1.0,20.0
2026-07-29T02:00:00.000Z,45.2,-0.6,21.0
2026-07-29T02:00:00.000Z,45.2,-0.2,20.0
2026-07-29T03:00:00.000Z,43.6,-1.4,28.0
2026-07-29T03:00:00.000Z,43.6,-1.0,22.0
2026-07-29T03:00:00.000Z,43.6,-0.6,20.0
2026-07-29T03:00:00.000Z,43.6,-0.2,19.0
2026-07-29T03:00:00.000Z,44.0,-1.4,27.0
2026-07-29T03:00:00.000Z,44.0,-1.0,21.0
2026-07-29T03:00:00.000Z,44.0,-0.6,21.0
2026-07-29T03:00:00.000Z,44.0,-0.2,18.0
2026-07-29T03:00:00.000Z,44.4,-1.4,35.0
2026-07-29T03:00:00.000Z,44.4,-1.0,21.0
2026-07-29T03:00:00.000Z,44.4,-0.6,20.0
2026-07-29T03:00:00.000Z,44.4,-0.2,21.0
2026-07-29T03:00:00.000Z,44.8,-1.4,24.0
2026-07-29T03:00:00.000Z,44.8,-1.0,49.0
2026-07-29T03:00:00.000Z,44.8,-0.6,15.0
2026-07-29T03:00:00.000Z,44.8,-0.2,15.0
2026-07-29T03:00:00.000Z,45.2,-1.4,23.0
2026-07-29T03:00:00.000Z,45.2,-1.0,19.0
2026-07-29T03:00:00.000Z,45.2,-0.6,20.0
2026-07-29T03:00:00.000Z,45.2,-0.2,18.0
2026-07-29T04:00:00.000Z,43.6,-1.4,26.0
2026-07-29T04:00:00.000Z,43.6,-1.0,22.0
2026-07-29T04:00:00.000Z,43.6,-0.6,21.0
2026-07-29T04:00:00.000Z,43.6,-0.2,20.0
2026-07-29T04:00:00.000Z,44.0,-1.4,28.0
2026-07-29T04:00:00.000Z,44.0,-1.0,21.0
2026-07-29T04:00:00.000Z,44.0,-0.6,20.0
2026-07-29T04:00:00.000Z,44.0,-0.2,18.0
2026-07-29T04:00:00.000Z,44.4,-1.4,37.0
2026-07-29T04:00:00.000Z,44.4,-1.0,21.0
2026-07-29T04:00:00.000Z,44.4,-0.6,19.0
2026-07-29T04:00:00.000Z,44.4,-0.2,18.0
2026-07-29T04:00:00.000Z,44.8,-1.4,26.0
2026-07-29T04:00:00.000Z,44.8,-1.0,50.0
2026-07-29T04:00:00.000Z,44.8,-0.6,15.0
2026-07-29T04:00:00.000Z,44.8,-0.2,15.0
2026-07-29T04:00:00.000Z,45.2,-1.4,23.0
2026-07-29T04:00:00.000Z,45.2,-1.0,18.0
2026-07-29T04:00:00.000Z,45.2,-0.6,16.0
2026-07-29T04:00:00.000Z,45.2,-0.2,16.0
2026-07-29T05:00:00.000Z,43.6,-1.4,26.0
2026-07-29T05:00:00.000Z,43.6,-1.0,22.0
2026-07-29T05:00:00.000Z,43.6,-0.6,21.0
2026-07-29T05:00:00.000Z,43.6,-0.2,20.0
2026-07-29T05:00:00.000Z,44.0,-1.4,28.0
2026-07-29T05:00:00.000Z,44.0,-1.0,21.0
2026-07-29T05:00:00.000Z,44.0,-0.6,20.0
2026-07-29T05:00:00.000Z,44.0,-0.2,18.0
2026-07-29T05:00:00.000Z,44.4,-1.4,38.0
2026-07-29T05:00:00.000Z,44.4,-1.0,21.0
2026-07-29T05:00:00.000Z,44.4,-0.6,17.0
2026-07-29T05:00:00.000Z,44.4,-0.2,15.0
2026-07-29T05:00:00.000Z,44.8,-1.4,27.0
2026-07-29T05:00:00.000Z,44.8,-1.0,51.0
2026-07-29T05:00:00.000Z,44.8,-0.6,15.0
2026-07-29T05:00:00.000Z,44.8,-0.2,14.0
2026-07-29T05:00:00.000Z,45.2,-1.4,22.0
2026-07-29T05:00:00.000Z,45.2,-1.0,16.0
2026-07-29T05:00:00.000Z,45.2,-0.6,15.0
2026-07-29T05:00:00.000Z,45.2,-0.2,16.0
2026-07-29T06:00:00.000Z,43.6,-1.4,25.0
2026-07-29T06:00:00.000Z,43.6,-1.0,22.0
2026-07-29T06:00:00.000Z,43.6,-0.6,21.0
2026-07-29T06:00:00.000Z,43.6,-0.2,20.0
2026-07-29T06:00:00.000Z,44.0,-1.4,29.0
2026-07-29T06:00:00.000Z,44.0,-1.0,21.0
2026-07-29T06:00:00.000Z,44.0,-0.6,20.0
2026-07-29T06:00:00.000Z,44.0,-0.2,18.0
2026-07-29T06:00:00.000Z,44.4,-1.4,39.0
2026-07-29T06:00:00.000Z,44.4,-1.0,22.0
2026-07-29T06:00:00.000Z,44.4,-0.6,18.0
2026-07-29T06:00:00.000Z,44.4,-0.2,15.0
2026-07-29T06:00:00.000Z,44.8,-1.4,28.0
2026-07-29T06:00:00.000Z,44.8,-1.0,51.0
2026-07-29T06:00:00.000Z,44.8,-0.6,16.0
2026-07-29T06:00:00.000Z,44.8,-0.2,14.0
2026-07-29T06:00:00.000Z,45.2,-1.4,22.0
2026-07-29T06:00:00.000Z,45.2,-1.0,15.0
2026-07-29T06:00:00.000Z,45.2,-0.6,15.0
2026-07-29T06:00:00.000Z,45.2,-0.2,14.0
2026-07-29T07:00:00.000Z,43.6,-1.4,25.0
2026-07-29T07:00:00.000Z,43.6,-1.0,23.0
2026-07-29T07:00:00.000Z,43.6,-0.6,21.0
2026-07-29T07:00:00.000Z,43.6,-0.2,20.0
2026-07-29T07:00:00.000Z,44.0,-1.4,29.0
2026-07-29T07:00:00.000Z,44.0,-1.0,22.0
2026-07-29T07:00:00.000Z,44.0,-0.6,20.0
2026-07-29T07:00:00.000Z,44.0,-0.2,18.0
2026-07-29T07:00:00.000Z,44.4,-1.4,40.0
2026-07-29T07:00:00.000Z,44.4,-1.0,22.0
2026-07-29T07:00:00.000Z,44.4,-0.6,21.0
2026-07-29T07:00:00.000Z,44.4,-0.2,21.0
2026-07-29T07:00:00.000Z,44.8,-1.4,29.0
2026-07-29T07:00:00.000Z,44.8,-1.0,51.0
2026-07-29T07:00:00.000Z,44.8,-0.6,18.0
2026-07-29T07:00:00.000Z,44.8,-0.2,18.0
2026-07-29T07:00:00.000Z,45.2,-1.4,24.0
2026-07-29T07:00:00.000Z,45.2,-1.0,16.0
2026-07-29T07:00:00.000Z,45.2,-0.6,15.0
2026-07-29T07:00:00.000Z,45.2,-0.2,18.0
2026-07-29T08:00:00.000Z,43.6,-1.4,27.0
2026-07-29T08:00:00.000Z,43.6,-1.0,23.0
2026-07-29T08:00:00.000Z,43.6,-0.6,23.0
2026-07-29T08:00:00.000Z,43.6,-0.2,21.0
2026-07-29T08:00:00.000Z,44.0,-1.4,29.0
2026-07-29T08:00:00.000Z,44.0,-1.0,28.0
2026-07-29T08:00:00.000Z,44.0,-0.6,26.0
2026-07-29T08:00:00.000Z,44.0,-0.2,22.0
2026-07-29T08:00:00.000Z,44.4,-1.4,40.0
2026-07-29T08:00:00.000Z,44.4,-1.0,29.0
2026-07-29T08:00:00.000Z,44.4,-0.6,26.0
2026-07-29T08:00:00.000Z,44.4,-0.2,23.0
2026-07-29T08:00:00.000Z,44.8,-1.4,29.0
2026-07-29T08:00:00.000Z,44.8,-1.0,51.0
2026-07-29T08:00:00.000Z,44.8,-0.6,24.0
2026-07-29T08:00:00.000Z,44.8,-0.2,23.0
2026-07-29T08:00:00.000Z,45.2,-1.4,27.0
2026-07-29T08:00:00.000Z,45.2,-1.0,26.0
2026-07-29T08:00:00.000Z,45.2,-0.6,23.0
2026-07-29T08:00:00.000Z,45.2,-0.2,25.0
2026-07-29T09:00:00.000Z,43.6,-1.4,33.0
2026-07-29T09:00:00.000Z,43.6,-1.0,30.0
2026-07-29T09:00:00.000Z,43.6,-0.6,27.0
2026-07-29T09:00:00.000Z,43.6,-0.2,26.0
2026-07-29T09:00:00.000Z,44.0,-1.4,30.0
2026-07-29T09:00:00.000Z,44.0,-1.0,31.0
2026-07-29T09:00:00.000Z,44.0,-0.6,29.0
2026-07-29T09:00:00.000Z,44.0,-0.2,29.0
2026-07-29T09:00:00.000Z,44.4,-1.4,40.0
2026-07-29T09:00:00.000Z,44.4,-1.0,32.0
2026-07-29T09:00:00.000Z,44.4,-0.6,30.0
2026-07-29T09:00:00.000Z,44.4,-0.2,27.0
2026-07-29T09:00:00.000Z,44.8,-1.4,31.0
2026-07-29T09:00:00.000Z,44.8,-1.0,50.0
2026-07-29T09:00:00.000Z,44.8,-0.6,31.0
2026-07-29T09:00:00.000Z,44.8,-0.2,28.0
2026-07-29T09:00:00.000Z,45.2,-1.4,32.0
2026-07-29T09:00:00.000Z,45.2,-1.0,33.0
2026-07-29T09:00:00.000Z,45.2,-0.6,30.0
2026-07-29T09:00:00.000Z,45.2,-0.2,29.0
2026-07-29T10:00:00.000Z,43.6,-1.4,37.0
2026-07-29T10:00:00.000Z,43.6,-1.0,35.0
2026-07-29T10:00:00.000Z,43.6,-0.6,32.0
2026-07-29T10:00:00.000Z,43.6,-0.2,31.0
2026-07-29T10:00:00.000Z,44.0,-1.4,34.0
2026-07-29T10:00:00.000Z,44.0,-1.0,36.0
2026-07-29T10:00:00.000Z,44.0,-0.6,34.0
2026-07-29T10:00:00.000Z,44.0,-0.2,35.0
2026-07-29T10:00:00.000Z,44.4,-1.4,40.0
2026-07-29T10:00:00.000Z,44.4,-1.0,38.0
2026-07-29T10:00:00.000Z,44.4,-0.6,38.0
2026-07-29T10:00:00.000Z,44.4,-0.2,34.0
2026-07-29T10:00:00.000Z,44.8,-1.4,38.0
2026-07-29T10:00:00.000Z,44.8,-1.0,51.0
2026-07-29T10:00:00.000Z,44.8,-0.6,38.0
2026-07-29T10:00:00.000Z,44.8,-0.2,34.0
2026-07-29T10:00:00.000Z,45.2,-1.4,36.0
2026-07-29T10:00:00.000Z,45.2,-1.0,40.0
2026-07-29T10:00:00.000Z,45.2,-0.6,38.0
2026-07-29T10:00:00.000Z,45.2,-0.2,36.0
2026-07-29T11:00:00.000Z,43.6,-1.4,38.0
2026-07-29T11:00:00.000Z,43.6,-1.0,40.0
2026-07-29T11:00:00.000Z,43.6,-0.6,38.0
2026-07-29T11:00:00.000Z,43.6,-0.2,38.0
2026-07-29T11:00:00.000Z,44.0,-1.4,37.0
2026-07-29T11:00:00.000Z,44.0,-1.0,43.0
2026-07-29T11:00:00.000Z,44.0,-0.6,45.0
2026-07-29T11:00:00.000Z,44.0,-0.2,43.0
2026-07-29T11:00:00.000Z,44.4,-1.4,40.0
2026-07-29T11:00:00.000Z,44.4,-1.0,43.0
2026-07-29T11:00:00.000Z,44.4,-0.6,43.0
2026-07-29T11:00:00.000Z,44.4,-0.2,43.0
2026-07-29T11:00:00.000Z,44.8,-1.4,44.0
2026-07-29T11:00:00.000Z,44.8,-1.0,55.0
2026-07-29T11:00:00.000Z,44.8,-0.6,42.0
2026-07-29T11:00:00.000Z,44.8,-0.2,40.0
2026-07-29T11:00:00.000Z,45.2,-1.4,40.0
2026-07-29T11:00:00.000Z,45.2,-1.0,50.0
2026-07-29T11:00:00.000Z,45.2,-0.6,44.0
2026-07-29T11:00:00.000Z,45.2,-0.2,41.0
2026-07-29T12:00:00.000Z,43.6,-1.4,39.0
2026-07-29T12:00:00.000Z,43.6,-1.0,47.0
2026-07-29T12:00:00.000Z,43.6,-0.6,43.0
2026-07-29T12:00:00.000Z,43.6,-0.2,45.0
2026-07-29T12:00:00.000Z,44.0,-1.4,38.0
2026-07-29T12:00:00.000Z,44.0,-1.0,48.0
2026-07-29T12:00:00.000Z,44.0,-0.6,51.0
2026-07-29T12:00:00.000Z,44.0,-0.2,48.0
2026-07-29T12:00:00.000Z,44.4,-1.4,40.0
2026-07-29T12:00:00.000Z,44.4,-1.0,47.0
2026-07-29T12:00:00.000Z,44.4,-0.6,53.0
2026-07-29T12:00:00.000Z,44.4,-0.2,49.0
2026-07-29T12:00:00.000Z,44.8,-1.4,47.0
2026-07-29T12:00:00.000Z,44.8,-1.0,60.0
2026-07-29T12:00:00.000Z,44.8,-0.6,52.0
2026-07-29T12:00:00.000Z,44.8,-0.2,47.0
2026-07-29T12:00:00.000Z,45.2,-1.4,46.0
2026-07-29T12:00:00.000Z,45.2,-1.0,58.0
2026-07-29T12:00:00.000Z,45.2,-0.6,53.0
2026-07-29T12:00:00.000Z,45.2,-0.2,45.0
2026-07-29T13:00:00.000Z,43.6,-1.4,40.0
2026-07-29T13:00:00.000Z,43.6,-1.0,51.0
2026-07-29T13:00:00.000Z,43.6,-0.6,49.0
2026-07-29T13:00:00.000Z,43.6,-0.2,50.0
2026-07-29T13:00:00.000Z,44.0,-1.4,39.0
2026-07-29T13:00:00.000Z,44.0,-1.0,52.0
2026-07-29T13:00:00.000Z,44.0,-0.6,53.0
2026-07-29T13:00:00.000Z,44.0,-0.2,53.0
2026-07-29T13:00:00.000Z,44.4,-1.4,50.0
2026-07-29T13:00:00.000Z,44.4,-1.0,53.0
2026-07-29T13:00:00.000Z,44.4,-0.6,58.0
2026-07-29T13:00:00.000Z,44.4,-0.2,55.0
2026-07-29T13:00:00.000Z,44.8,-1.4,50.0
2026-07-29T13:00:00.000Z,44.8,-1.0,61.0
2026-07-29T13:00:00.000Z,44.8,-0.6,59.0
2026-07-29T13:00:00.000Z,44.8,-0.2,53.0
2026-07-29T13:00:00.000Z,45.2,-1.4,48.0
2026-07-29T13:00:00.000Z,45.2,-1.0,60.0
2026-07-29T13:00:00.000Z,45.2,-0.6,56.0
2026-07-29T13:00:00.000Z,45.2,-0.2,55.0
2026-07-29T14:00:00.000Z,43.6,-1.4,41.0
2026-07-29T14:00:00.000Z,43.6,-1.0,49.0
2026-07-29T14:00:00.000Z,43.6,-0.6,53.0
2026-07-29T14:00:00.000Z,43.6,-0.2,55.0
2026-07-29T14:00:00.000Z,44.0,-1.4,41.0
2026-07-29T14:00:00.000Z,44.0,-1.0,52.0
2026-07-29T14:00:00.000Z,44.0,-0.6,55.0
2026-07-29T14:00:00.000Z,44.0,-0.2,58.0
2026-07-29T14:00:00.000Z,44.4,-1.4,56.0
2026-07-29T14:00:00.000Z,44.4,-1.0,51.0
2026-07-29T14:00:00.000Z,44.4,-0.6,60.0
2026-07-29T14:00:00.000Z,44.4,-0.2,57.0
2026-07-29T14:00:00.000Z,44.8,-1.4,51.0
2026-07-29T14:00:00.000Z,44.8,-1.0,61.0
2026-07-29T14:00:00.000Z,44.8,-0.6,60.0
2026-07-29T14:00:00.000Z,44.8,-0.2,56.0
2026-07-29T14:00:00.000Z,45.2,-1.4,48.0
2026-07-29T14:00:00.000Z,45.2,-1.0,61.0
2026-07-29T14:00:00.000Z,45.2,-0.6,59.0
2026-07-29T14:00:00.000Z,45.2,-0.2,59.0
2026-07-29T15:00:00.000Z,43.6,-1.4,41.0
2026-07-29T15:00:00.000Z,43.6,-1.0,46.0
2026-07-29T15:00:00.000Z,43.6,-0.6,56.0
2026-07-29T15:00:00.000Z,43.6,-0.2,59.0
2026-07-29T15:00:00.000Z,44.0,-1.4,41.0
2026-07-29T15:00:00.000Z,44.0,-1.0,50.0
2026-07-29T15:00:00.000Z,44.0,-0.6,57.0
2026-07-29T15:00:00.000Z,44.0,-0.2,61.0
2026-07-29T15:00:00.000Z,44.4,-1.4,51.0
2026-07-29T15:00:00.000Z,44.4,-1.0,55.0
2026-07-29T15:00:00.000Z,44.4,-0.6,60.0
2026-07-29T15:00:00.000Z,44.4,-0.2,59.0
2026-07-29T15:00:00.000Z,44.8,-1.4,58.0
2026-07-29T15:00:00.000Z,44.8,-1.0,61.0
2026-07-29T15:00:00.000Z,44.8,-0.6,62.0
2026-07-29T15:00:00.000Z,44.8,-0.2,59.0
2026-07-29T15:00:00.000Z,45.2,-1.4,47.0
2026-07-29T15:00:00.000Z,45.2,-1.0,62.0
2026-07-29T15:00:00.000Z,45.2,-0.6,59.0
2026-07-29T15:00:00.000Z,45.2,-0.2,60.0
2026-07-29T16:00:00.000Z,43.6,-1.4,40.0
2026-07-29T16:00:00.000Z,43.6,-1.0,44.0
2026-07-29T16:00:00.000Z,43.6,-0.6,57.0
2026-07-29T16:00:00.000Z,43.6,-0.2,61.0
2026-07-29T16:00:00.000Z,44.0,-1.4,40.0
2026-07-29T16:00:00.000Z,44.0,-1.0,50.0
2026-07-29T16:00:00.000Z,44.0,-0.6,59.0
2026-07-29T16:00:00.000Z,44.0,-0.2,61.0
2026-07-29T16:00:00.000Z,44.4,-1.4,44.0
2026-07-29T16:00:00.000Z,44.4,-1.0,58.0
2026-07-29T16:00:00.000Z,44.4,-0.6,55.0
2026-07-29T16:00:00.000Z,44.4,-0.2,60.0
2026-07-29T16:00:00.000Z,44.8,-1.4,45.0
2026-07-29T16:00:00.000Z,44.8,-1.0,57.0
2026-07-29T16:00:00.000Z,44.8,-0.6,62.0
2026-07-29T16:00:00.000Z,44.8,-0.2,61.0
2026-07-29T16:00:00.000Z,45.2,-1.4,46.0
2026-07-29T16:00:00.000Z,45.2,-1.0,57.0
2026-07-29T16:00:00.000Z,45.2,-0.6,61.0
2026-07-29T16:00:00.000Z,45.2,-0.2,60.0
2026-07-29T17:00:00.000Z,43.6,-1.4,37.0
2026-07-29T17:00:00.000Z,43.6,-1.0,41.0
2026-07-29T17:00:00.000Z,43.6,-0.6,48.0
2026-07-29T17:00:00.000Z,43.6,-0.2,60.0
2026-07-29T17:00:00.000Z,44.0,-1.4,39.0
2026-07-29T17:00:00.000Z,44.0,-1.0,49.0
2026-07-29T17:00:00.000Z,44.0,-0.6,57.0
2026-07-29T17:00:00.000Z,44.0,-0.2,61.0
2026-07-29T17:00:00.000Z,44.4,-1.4,44.0
2026-07-29T17:00:00.000Z,44.4,-1.0,55.0
2026-07-29T17:00:00.000Z,44.4,-0.6,59.0
2026-07-29T17:00:00.000Z,44.4,-0.2,60.0
2026-07-29T17:00:00.000Z,44.8,-1.4,40.0
2026-07-29T17:00:00.000Z,44.8,-1.0,55.0
2026-07-29T17:00:00.000Z,44.8,-0.6,61.0
2026-07-29T17:00:00.000Z,44.8,-0.2,60.0
2026-07-29T17:00:00.000Z,45.2,-1.4,47.0
2026-07-29T17:00:00.000Z,45.2,-1.0,53.0
2026-07-29T17:00:00.000Z,45.2,-0.6,61.0
2026-07-29T17:00:00.000Z,45.2,-0.2,57.0
2026-07-29T18:00:00.000Z,43.6,-1.4,33.0
2026-07-29T18:00:00.000Z,43.6,-1.0,37.0
2026-07-29T18:00:00.000Z,43.6,-0.6,39.0
2026-07-29T18:00:00.000Z,43.6,-0.2,54.0
2026-07-29T18:00:00.000Z,44.0,-1.4,37.0
2026-07-29T18:00:00.000Z,44.0,-1.0,46.0
2026-07-29T18:00:00.000Z,44.0,-0.6,53.0
2026-07-29T18:00:00.000Z,44.0,-0.2,61.0
2026-07-29T18:00:00.000Z,44.4,-1.4,44.0
2026-07-29T18:00:00.000Z,44.4,-1.0,47.0
2026-07-29T18:00:00.000Z,44.4,-0.6,59.0
2026-07-29T18:00:00.000Z,44.4,-0.2,57.0
2026-07-29T18:00:00.000Z,44.8,-1.4,40.0
2026-07-29T18:00:00.000Z,44.8,-1.0,58.0
2026-07-29T18:00:00.000Z,44.8,-0.6,57.0
2026-07-29T18:00:00.000Z,44.8,-0.2,61.0
2026-07-29T18:00:00.000Z,45.2,-1.4,47.0
2026-07-29T18:00:00.000Z,45.2,-1.0,55.0
2026-07-29T18:00:00.000Z,45.2,-0.6,55.0
2026-07-29T18:00:00.000Z,45.2,-0.2,58.0
2026-07-29T19:00:00.000Z,43.6,-1.4,34.0
2026-07-29T19:00:00.000Z,43.6,-1.0,34.0
2026-07-29T19:00:00.000Z,43.6,-0.6,36.0
2026-07-29T19:00:00.000Z,43.6,-0.2,38.0
2026-07-29T19:00:00.000Z,44.0,-1.4,36.0
2026-07-29T19:00:00.000Z,44.0,-1.0,42.0
2026-07-29T19:00:00.000Z,44.0,-0.6,50.0
2026-07-29T19:00:00.000Z,44.0,-0.2,59.0
2026-07-29T19:00:00.000Z,44.4,-1.4,43.0
2026-07-29T19:00:00.000Z,44.4,-1.0,47.0
2026-07-29T19:00:00.000Z,44.4,-0.6,55.0
2026-07-29T19:00:00.000Z,44.4,-0.2,51.0
2026-07-29T19:00:00.000Z,44.8,-1.4,41.0
2026-07-29T19:00:00.000Z,44.8,-1.0,51.0
2026-07-29T19:00:00.000Z,44.8,-0.6,49.0
2026-07-29T19:00:00.000Z,44.8,-0.2,52.0
2026-07-29T19:00:00.000Z,45.2,-1.4,43.0
2026-07-29T19:00:00.000Z,45.2,-1.0,48.0
2026-07-29T19:00:00.000Z,45.2,-0.6,49.0
2026-07-29T19:00:00.000Z,45.2,-0.2,54.0
2026-07-29T20:00:00.000Z,43.6,-1.4,34.0
2026-07-29T20:00:00.000Z,43.6,-1.0,34.0
2026-07-29T20:00:00.000Z,43.6,-0.6,33.0
2026-07-29T20:00:00.000Z,43.6,-0.2,35.0
2026-07-29T20:00:00.000Z,44.0,-1.4,36.0
2026-07-29T20:00:00.000Z,44.0,-1.0,38.0
2026-07-29T20:00:00.000Z,44.0,-0.6,45.0
2026-07-29T20:00:00.000Z,44.0,-0.2,48.0
2026-07-29T20:00:00.000Z,44.4,-1.4,43.0
2026-07-29T20:00:00.000Z,44.4,-1.0,46.0
2026-07-29T20:00:00.000Z,44.4,-0.6,51.0
2026-07-29T20:00:00.000Z,44.4,-0.2,47.0
2026-07-29T20:00:00.000Z,44.8,-1.4,41.0
2026-07-29T20:00:00.000Z,44.8,-1.0,47.0
2026-07-29T20:00:00.000Z,44.8,-0.6,46.0
2026-07-29T20:00:00.000Z,44.8,-0.2,45.0
2026-07-29T20:00:00.000Z,45.2,-1.4,37.0
2026-07-29T20:00:00.000Z,45.2,-1.0,40.0
2026-07-29T20:00:00.000Z,45.2,-0.6,45.0
2026-07-29T20:00:00.000Z,45.2,-0.2,44.0
2026-07-29T21:00:00.000Z,43.6,-1.4,36.0
2026-07-29T21:00:00.000Z,43.6,-1.0,33.0
2026-07-29T21:00:00.000Z,43.6,-0.6,32.0
2026-07-29T21:00:00.000Z,43.6,-0.2,33.0
2026-07-29T21:00:00.000Z,44.0,-1.4,36.0
2026-07-29T21:00:00.000Z,44.0,-1.0,36.0
2026-07-29T21:00:00.000Z,44.0,-0.6,38.0
2026-07-29T21:00:00.000Z,44.0,-0.2,46.0
2026-07-29T21:00:00.000Z,44.4,-1.4,43.0
2026-07-29T21:00:00.000Z,44.4,-1.0,39.0
2026-07-29T21:00:00.000Z,44.4,-0.6,43.0
2026-07-29T21:00:00.000Z,44.4,-0.2,41.0
2026-07-29T21:00:00.000Z,44.8,-1.4,36.0
2026-07-29T21:00:00.000Z,44.8,-1.0,42.0
2026-07-29T21:00:00.000Z,44.8,-0.6,40.0
2026-07-29T21:00:00.000Z,44.8,-0.2,38.0
2026-07-29T21:00:00.000Z,45.2,-1.4,35.0
2026-07-29T21:00:00.000Z,45.2,-1.0,37.0
2026-07-29T21:00:00.000Z,45.2,-0.6,38.0
2026-07-29T21:00:00.000Z,45.2,-0.2,39.0
2026-07-29T22:00:00.000Z,43.6,-1.4,36.0
2026-07-29T22:00:00.000Z,43.6,-1.0,33.0
2026-07-29T22:00:00.000Z,43.6,-0.6,32.0
2026-07-29T22:00:00.000Z,43.6,-0.2,32.0
2026-07-29T22:00:00.000Z,44.0,-1.4,36.0
2026-07-29T22:00:00.000Z,44.0,-1.0,34.0
2026-07-29T22:00:00.000Z,44.0,-0.6,35.0
2026-07-29T22:00:00.000Z,44.0,-0.2,38.0
2026-07-29T22:00:00.000Z,44.4,-1.4,41.0
2026-07-29T22:00:00.000Z,44.4,-1.0,34.0
2026-07-29T22:00:00.000Z,44.4,-0.6,38.0
2026-07-29T22:00:00.000Z,44.4,-0.2,37.0
2026-07-29T22:00:00.000Z,44.8,-1.4,36.0
2026-07-29T22:00:00.000Z,44.8,-1.0,39.0
2026-07-29T22:00:00.000Z,44.8,-0.6,37.0
2026-07-29T22:00:00.000Z,44.8,-0.2,34.0
2026-07-29T22:00:00.000Z,45.2,-1.4,35.0
2026-07-29T22:00:00.000Z,45.2,-1.0,34.0
2026-07-29T22:00:00.000Z,45.2,-0.6,34.0
2026-07-29T22:00:00.000Z,45.2,-0.2,36.0
2026-07-29T23:00:00.000Z,43.6,-1.4,36.0
2026-07-29T23:00:00.000Z,43.6,-1.0,33.0
2026-07-29T23:00:00.000Z,43.6,-0.6,31.0
2026-07-29T23:00:00.000Z,43.6,-0.2,32.0
2026-07-29T23:00:00.000Z,44.0,-1.4,37.0
2026-07-29T23:00:00.000Z,44.0,-1.0,32.0
2026-07-29T23:00:00.000Z,44.0,-0.6,32.0
2026-07-29T23:00:00.000Z,44.0,-0.2,34.0
2026-07-29T23:00:00.000Z,44.4,-1.4,39.0
2026-07-29T23:00:00.000Z,44.4,-1.0,32.0
2026-07-29T23:00:00.000Z,44.4,-0.6,35.0
2026-07-29T23:00:00.000Z,44.4,-0.2,34.0
2026-07-29T23:00:00.000Z,44.8,-1.4,35.0
2026-07-29T23:00:00.000Z,44.8,-1.0,37.0
2026-07-29T23:00:00.000Z,44.8,-0.6,36.0
2026-07-29T23:00:00.000Z,44.8,-0.2,33.0
2026-07-29T23:00:00.000Z,45.2,-1.4,35.0
2026-07-29T23:00:00.000Z,45.2,-1.0,33.0
2026-07-29T23:00:00.000Z,45.2,-0.6,32.0
2026-07-29T23:00:00.000Z,45.2,-0.2,32.0
2026-07-30T00:00:00.000Z,43.6,-1.4,36.0
2026-07-30T00:00:00.000Z,43.6,-1.0,32.0
2026-07-30T00:00:00.000Z,43.6,-0.6,31.0
2026-07-30T00:00:00.000Z,43.6,-0.2,30.0
2026-07-30T00:00:00.000Z,44.0,-1.4,38.0
2026-07-30T00:00:00.000Z,44.0,-1.0,33.0
2026-07-30T00:00:00.000Z,44.0,-0.6,31.0
2026-07-30T00:00:00.000Z,44.0,-0.2,33.0
2026-07-30T00:00:00.000Z,44.4,-1.4,37.0
2026-07-30T00:00:00.000Z,44.4,-1.0,31.0
2026-07-30T00:00:00.000Z,44.4,-0.6,31.0
2026-07-30T00:00:00.000Z,44.4,-0.2,33.0
2026-07-30T00:00:00.000Z,44.8,-1.4,35.0
2026-07-30T00:00:00.000Z,44.8,-1.0,35.0
2026-07-30T00:00:00.000Z,44.8,-0.6,34.0
2026-07-30T00:00:00.000Z,44.8,-0.2,30.0
2026-07-30T00:00:00.000Z,45.2,-1.4,37.0
2026-07-30T00:00:00.000Z,45.2,-1.0,32.0
2026-07-30T00:00:00.000Z,45.2,-0.6,30.0
2026-07-30T00:00:00.000Z,45.2,-0.2,28.0
2026-07-30T01:00:00.000Z,43.6,-1.4,35.0
2026-07-30T01:00:00.000Z,43.6,-1.0,30.0
2026-07-30T01:00:00.000Z,43.6,-0.6,31.0
2026-07-30T01:00:00.000Z,43.6,-0.2,30.0
2026-07-30T01:00:00.000Z,44.0,-1.4,38.0
2026-07-30T01:00:00.000Z,44.0,-1.0,32.0
2026-07-30T01:00:00.000Z,44.0,-0.6,28.0
2026-07-30T01:00:00.000Z,44.0,-0.2,31.0
2026-07-30T01:00:00.000Z,44.4,-1.4,36.0
2026-07-30T01:00:00.000Z,44.4,-1.0,30.0
2026-07-30T01:00:00.000Z,44.4,-0.6,31.0
2026-07-30T01:00:00.000Z,44.4,-0.2,31.0
2026-07-30T01:00:00.000Z,44.8,-1.4,36.0
2026-07-30T01:00:00.000Z,44.8,-1.0,34.0
2026-07-30T01:00:00.000Z,44.8,-0.6,32.0
2026-07-30T01:00:00.000Z,44.8,-0.2,30.0
2026-07-30T01:00:00.000Z,45.2,-1.4,38.0
2026-07-30T01:00:00.000Z,45.2,-1.0,30.0
2026-07-30T01:00:00.000Z,45.2,-0.6,28.0
2026-07-30T01:00:00.000Z,45.2,-0.2,30.0
2026-07-30T02:00:00.000Z,43.6,-1.4,34.0
2026-07-30T02:00:00.000Z,43.6,-1.0,30.0
2026-07-30T02:00:00.000Z,43.6,-0.6,29.0
2026-07-30T02:00:00.000Z,43.6,-0.2,30.0
2026-07-30T02:00:00.000Z,44.0,-1.4,36.0
2026-07-30T02:00:00.000Z,44.0,-1.0,33.0
2026-07-30T02:00:00.000Z,44.0,-0.6,29.0
2026-07-30T02:00:00.000Z,44.0,-0.2,28.0
2026-07-30T02:00:00.000Z,44.4,-1.4,38.0
2026-07-30T02:00:00.000Z,44.4,-1.0,30.0
2026-07-30T02:00:00.000Z,44.4,-0.6,28.0
2026-07-30T02:00:00.000Z,44.4,-0.2,30.0
2026-07-30T02:00:00.000Z,44.8,-1.4,38.0
2026-07-30T02:00:00.000Z,44.8,-1.0,33.0
2026-07-30T02:00:00.000Z,44.8,-0.6,30.0
2026-07-30T02:00:00.000Z,44.8,-0.2,28.0
2026-07-30T02:00:00.000Z,45.2,-1.4,38.0
2026-07-30T02:00:00.000Z,45.2,-1.0,30.0
2026-07-30T02:00:00.000Z,45.2,-0.6,29.0
2026-07-30T02:00:00.000Z,45.2,-0.2,28.0
2026-07-30T03:00:00.000Z,43.6,-1.4,34.0
2026-07-30T03:00:00.000Z,43.6,-1.0,31.0
2026-07-30T03:00:00.000Z,43.6,-0.6,30.0
2026-07-30T03:00:00.000Z,43.6,-0.2,30.0
2026-07-30T03:00:00.000Z,44.0,-1.4,36.0
2026-07-30T03:00:00.000Z,44.0,-1.0,33.0
2026-07-30T03:00:00.000Z,44.0,-0.6,31.0
2026-07-30T03:00:00.000Z,44.0,-0.2,27.0
2026-07-30T03:00:00.000Z,44.4,-1.4,37.0
2026-07-30T03:00:00.000Z,44.4,-1.0,30.0
2026-07-30T03:00:00.000Z,44.4,-0.6,28.0
2026-07-30T03:00:00.000Z,44.4,-0.2,27.0
2026-07-30T03:00:00.000Z,44.8,-1.4,38.0
2026-07-30T03:00:00.000Z,44.8,-1.0,31.0
2026-07-30T03:00:00.000Z,44.8,-0.6,30.0
2026-07-30T03:00:00.000Z,44.8,-0.2,28.0
2026-07-30T03:00:00.000Z,45.2,-1.4,37.0
2026-07-30T03:00:00.000Z,45.2,-1.0,31.0
2026-07-30T03:00:00.000Z,45.2,-0.6,28.0
2026-07-30T03:00:00.000Z,45.2,-0.2,27.0
2026-07-30T04:00:00.000Z,43.6,-1.4,32.0
2026-07-30T04:00:00.000Z,43.6,-1.0,29.0
2026-07-30T04:00:00.000Z,43.6,-0.6,30.0
2026-07-30T04:00:00.000Z,43.6,-0.2,30.0
2026-07-30T04:00:00.000Z,44.0,-1.4,37.0
2026-07-30T04:00:00.000Z,44.0,-1.0,31.0
2026-07-30T04:00:00.000Z,44.0,-0.6,31.0
2026-07-30T04:00:00.000Z,44.0,-0.2,28.0
2026-07-30T04:00:00.000Z,44.4,-1.4,35.0
2026-07-30T04:00:00.000Z,44.4,-1.0,32.0
2026-07-30T04:00:00.000Z,44.4,-0.6,28.0
2026-07-30T04:00:00.000Z,44.4,-0.2,26.0
2026-07-30T04:00:00.000Z,44.8,-1.4,38.0
2026-07-30T04:00:00.000Z,44.8,-1.0,32.0
2026-07-30T04:00:00.000Z,44.8,-0.6,30.0
2026-07-30T04:00:00.000Z,44.8,-0.2,25.0
2026-07-30T04:00:00.000Z,45.2,-1.4,37.0
2026-07-30T04:00:00.000Z,45.2,-1.0,32.0
2026-07-30T04:00:00.000Z,45.2,-0.6,30.0
2026-07-30T04:00:00.000Z,45.2,-0.2,26.0
2026-07-30T05:00:00.000Z,43.6,-1.4,31.0
2026-07-30T05:00:00.000Z,43.6,-1.0,28.0
2026-07-30T05:00:00.000Z,43.6,-0.6,29.0
2026-07-30T05:00:00.000Z,43.6,-0.2,29.0
2026-07-30T05:00:00.000Z,44.0,-1.4,35.0
2026-07-30T05:00:00.000Z,44.0,-1.0,32.0
2026-07-30T05:00:00.000Z,44.0,-0.6,31.0
2026-07-30T05:00:00.000Z,44.0,-0.2,29.0
2026-07-30T05:00:00.000Z,44.4,-1.4,33.0
2026-07-30T05:00:00.000Z,44.4,-1.0,31.0
2026-07-30T05:00:00.000Z,44.4,-0.6,30.0
2026-07-30T05:00:00.000Z,44.4,-0.2,28.0
2026-07-30T05:00:00.000Z,44.8,-1.4,38.0
2026-07-30T05:00:00.000Z,44.8,-1.0,31.0
2026-07-30T05:00:00.000Z,44.8,-0.6,29.0
2026-07-30T05:00:00.000Z,44.8,-0.2,27.0
2026-07-30T05:00:00.000Z,45.2,-1.4,36.0
2026-07-30T05:00:00.000Z,45.2,-1.0,32.0
2026-07-30T05:00:00.000Z,45.2,-0.6,30.0
2026-07-30T05:00:00.000Z,45.2,-0.2,28.0
2026-07-30T06:00:00.000Z,43.6,-1.4,27.0
2026-07-30T06:00:00.000Z,43.6,-1.0,26.0
2026-07-30T06:00:00.000Z,43.6,-0.6,27.0
2026-07-30T06:00:00.000Z,43.6,-0.2,29.0
2026-07-30T06:00:00.000Z,44.0,-1.4,34.0
2026-07-30T06:00:00.000Z,44.0,-1.0,32.0
2026-07-30T06:00:00.000Z,44.0,-0.6,33.0
2026-07-30T06:00:00.000Z,44.0,-0.2,30.0
2026-07-30T06:00:00.000Z,44.4,-1.4,33.0
2026-07-30T06:00:00.000Z,44.4,-1.0,30.0
2026-07-30T06:00:00.000Z,44.4,-0.6,29.0
2026-07-30T06:00:00.000Z,44.4,-0.2,28.0
2026-07-30T06:00:00.000Z,44.8,-1.4,38.0
2026-07-30T06:00:00.000Z,44.8,-1.0,29.0
2026-07-30T06:00:00.000Z,44.8,-0.6,28.0
2026-07-30T06:00:00.000Z,44.8,-0.2,28.0
2026-07-30T06:00:00.000Z,45.2,-1.4,36.0
2026-07-30T06:00:00.000Z,45.2,-1.0,29.0
2026-07-30T06:00:00.000Z,45.2,-0.6,30.0
2026-07-30T06:00:00.000Z,45.2,-0.2,27.0
2026-07-30T07:00:00.000Z,43.6,-1.4,29.0
2026-07-30T07:00:00.000Z,43.6,-1.0,26.0
2026-07-30T07:00:00.000Z,43.6,-0.6,26.0
2026-07-30T07:00:00.000Z,43.6,-0.2,30.0
2026-07-30T07:00:00.000Z,44.0,-1.4,33.0
2026-07-30T07:00:00.000Z,44.0,-1.0,33.0
2026-07-30T07:00:00.000Z,44.0,-0.6,34.0
2026-07-30T07:00:00.000Z,44.0,-0.2,31.0
2026-07-30T07:00:00.000Z,44.4,-1.4,33.0
2026-07-30T07:00:00.000Z,44.4,-1.0,32.0
2026-07-30T07:00:00.000Z,44.4,-0.6,30.0
2026-07-30T07:00:00.000Z,44.4,-0.2,30.0
2026-07-30T07:00:00.000Z,44.8,-1.4,41.0
2026-07-30T07:00:00.000Z,44.8,-1.0,28.0
2026-07-30T07:00:00.000Z,44.8,-0.6,29.0
2026-07-30T07:00:00.000Z,44.8,-0.2,30.0
2026-07-30T07:00:00.000Z,45.2,-1.4,36.0
2026-07-30T07:00:00.000Z,45.2,-1.0,28.0
2026-07-30T07:00:00.000Z,45.2,-0.6,28.0
2026-07-30T07:00:00.000Z,45.2,-0.2,28.0
2026-07-30T08:00:00.000Z,43.6,-1.4,30.0
2026-07-30T08:00:00.000Z,43.6,-1.0,28.0
2026-07-30T08:00:00.000Z,43.6,-0.6,28.0
2026-07-30T08:00:00.000Z,43.6,-0.2,31.0
2026-07-30T08:00:00.000Z,44.0,-1.4,33.0
2026-07-30T08:00:00.000Z,44.0,-1.0,35.0
2026-07-30T08:00:00.000Z,44.0,-0.6,33.0
2026-07-30T08:00:00.000Z,44.0,-0.2,32.0
2026-07-30T08:00:00.000Z,44.4,-1.4,35.0
2026-07-30T08:00:00.000Z,44.4,-1.0,34.0
2026-07-30T08:00:00.000Z,44.4,-0.6,33.0
2026-07-30T08:00:00.000Z,44.4,-0.2,32.0
2026-07-30T08:00:00.000Z,44.8,-1.4,41.0
2026-07-30T08:00:00.000Z,44.8,-1.0,30.0
2026-07-30T08:00:00.000Z,44.8,-0.6,32.0
2026-07-30T08:00:00.000Z,44.8,-0.2,29.0
2026-07-30T08:00:00.000Z,45.2,-1.4,36.0
2026-07-30T08:00:00.000Z,45.2,-1.0,32.0
2026-07-30T08:00:00.000Z,45.2,-0.6,35.0
2026-07-30T08:00:00.000Z,45.2,-0.2,36.0
2026-07-30T09:00:00.000Z,43.6,-1.4,30.0
2026-07-30T09:00:00.000Z,43.6,-1.0,30.0
2026-07-30T09:00:00.000Z,43.6,-0.6,29.0
2026-07-30T09:00:00.000Z,43.6,-0.2,34.0
2026-07-30T09:00:00.000Z,44.0,-1.4,33.0
2026-07-30T09:00:00.000Z,44.0,-1.0,37.0
2026-07-30T09:00:00.000Z,44.0,-0.6,36.0
2026-07-30T09:00:00.000Z,44.0,-0.2,31.0
2026-07-30T09:00:00.000Z,44.4,-1.4,35.0
2026-07-30T09:00:00.000Z,44.4,-1.0,35.0
2026-07-30T09:00:00.000Z,44.4,-0.6,35.0
2026-07-30T09:00:00.000Z,44.4,-0.2,34.0
2026-07-30T09:00:00.000Z,44.8,-1.4,39.0
2026-07-30T09:00:00.000Z,44.8,-1.0,34.0
2026-07-30T09:00:00.000Z,44.8,-0.6,36.0
2026-07-30T09:00:00.000Z,44.8,-0.2,35.0
2026-07-30T09:00:00.000Z,45.2,-1.4,35.0
2026-07-30T09:00:00.000Z,45.2,-1.0,33.0
2026-07-30T09:00:00.000Z,45.2,-0.6,35.0
2026-07-30T09:00:00.000Z,45.2,-0.2,38.0
2026-07-30T10:00:00.000Z,43.6,-1.4,32.0
2026-07-30T10:00:00.000Z,43.6,-1.0,32.0
2026-07-30T10:00:00.000Z,43.6,-0.6,30.0
2026-07-30T10:00:00.000Z,43.6,-0.2,35.0
2026-07-30T10:00:00.000Z,44.0,-1.4,33.0
2026-07-30T10:00:00.000Z,44.0,-1.0,36.0
2026-07-30T10:00:00.000Z,44.0,-0.6,39.0
2026-07-30T10:00:00.000Z,44.0,-0.2,35.0
2026-07-30T10:00:00.000Z,44.4,-1.4,35.0
2026-07-30T10:00:00.000Z,44.4,-1.0,36.0
2026-07-30T10:00:00.000Z,44.4,-0.6,37.0
2026-07-30T10:00:00.000Z,44.4,-0.2,37.0
2026-07-30T10:00:00.000Z,44.8,-1.4,37.0
2026-07-30T10:00:00.000Z,44.8,-1.0,37.0
2026-07-30T10:00:00.000Z,44.8,-0.6,44.0
2026-07-30T10:00:00.000Z,44.8,-0.2,39.0
2026-07-30T10:00:00.000Z,45.2,-1.4,35.0
2026-07-30T10:00:00.000Z,45.2,-1.0,35.0
2026-07-30T10:00:00.000Z,45.2,-0.6,36.0
2026-07-30T10:00:00.000Z,45.2,-0.2,38.0
2026-07-30T11:00:00.000Z,43.6,-1.4,32.0
2026-07-30T11:00:00.000Z,43.6,-1.0,33.0
2026-07-30T11:00:00.000Z,43.6,-0.6,34.0
2026-07-30T11:00:00.000Z,43.6,-0.2,37.0
2026-07-30T11:00:00.000Z,44.0,-1.4,33.0
2026-07-30T11:00:00.000Z,44.0,-1.0,36.0
2026-07-30T11:00:00.000Z,44.0,-0.6,37.0
2026-07-30T11:00:00.000Z,44.0,-0.2,38.0
2026-07-30T11:00:00.000Z,44.4,-1.4,34.0
2026-07-30T11:00:00.000Z,44.4,-1.0,37.0
2026-07-30T11:00:00.000Z,44.4,-0.6,39.0
2026-07-30T11:00:00.000Z,44.4,-0.2,39.0
2026-07-30T11:00:00.000Z,44.8,-1.4,37.0
2026-07-30T11:00:00.000Z,44.8,-1.0,38.0
2026-07-30T11:00:00.000Z,44.8,-0.6,45.0
2026-07-30T11:00:00.000Z,44.8,-0.2,47.0
2026-07-30T11:00:00.000Z,45.2,-1.4,35.0
2026-07-30T11:00:00.000Z,45.2,-1.0,35.0
2026-07-30T11:00:00.000Z,45.2,-0.6,41.0
2026-07-30T11:00:00.000Z,45.2,-0.2,41.0
2026-07-30T12:00:00.000Z,43.6,-1.4,33.0
2026-07-30T12:00:00.000Z,43.6,-1.0,34.0
2026-07-30T12:00:00.000Z,43.6,-0.6,35.0
2026-07-30T12:00:00.000Z,43.6,-0.2,38.0
2026-07-30T12:00:00.000Z,44.0,-1.4,33.0
2026-07-30T12:00:00.000Z,44.0,-1.0,34.0
2026-07-30T12:00:00.000Z,44.0,-0.6,36.0
2026-07-30T12:00:00.000Z,44.0,-0.2,39.0
2026-07-30T12:00:00.000Z,44.4,-1.4,34.0
2026-07-30T12:00:00.000Z,44.4,-1.0,36.0
2026-07-30T12:00:00.000Z,44.4,-0.6,38.0
2026-07-30T12:00:00.000Z,44.4,-0.2,37.0
2026-07-30T12:00:00.000Z,44.8,-1.4,36.0
2026-07-30T12:00:00.000Z,44.8,-1.0,39.0
2026-07-30T12:00:00.000Z,44.8,-0.6,51.0
2026-07-30T12:00:00.000Z,44.8,-0.2,46.0
2026-07-30T12:00:00.000Z,45.2,-1.4,35.0
2026-07-30T12:00:00.000Z,45.2,-1.0,36.0
2026-07-30T12:00:00.000Z,45.2,-0.6,40.0
2026-07-30T12:00:00.000Z,45.2,-0.2,42.0
2026-07-30T13:00:00.000Z,43.6,-1.4,34.0
2026-07-30T13:00:00.000Z,43.6,-1.0,36.0
2026-07-30T13:00:00.000Z,43.6,-0.6,35.0
2026-07-30T13:00:00.000Z,43.6,-0.2,38.0
2026-07-30T13:00:00.000Z,44.0,-1.4,34.0
2026-07-30T13:00:00.000Z,44.0,-1.0,34.0
2026-07-30T13:00:00.000Z,44.0,-0.6,37.0
2026-07-30T13:00:00.000Z,44.0,-0.2,40.0
2026-07-30T13:00:00.000Z,44.4,-1.4,35.0
2026-07-30T13:00:00.000Z,44.4,-1.0,34.0
2026-07-30T13:00:00.000Z,44.4,-0.6,38.0
2026-07-30T13:00:00.000Z,44.4,-0.2,38.0
2026-07-30T13:00:00.000Z,44.8,-1.4,39.0
2026-07-30T13:00:00.000Z,44.8,-1.0,39.0
2026-07-30T13:00:00.000Z,44.8,-0.6,51.0
2026-07-30T13:00:00.000Z,44.8,-0.2,47.0
2026-07-30T13:00:00.000Z,45.2,-1.4,36.0
2026-07-30T13:00:00.000Z,45.2,-1.0,37.0
2026-07-30T13:00:00.000Z,45.2,-0.6,40.0
2026-07-30T13:00:00.000Z,45.2,-0.2,43.0
2026-07-30T14:00:00.000Z,43.6,-1.4,34.0
2026-07-30T14:00:00.000Z,43.6,-1.0,37.0
2026-07-30T14:00:00.000Z,43.6,-0.6,36.0
2026-07-30T14:00:00.000Z,43.6,-0.2,41.0
2026-07-30T14:00:00.000Z,44.0,-1.4,35.0
2026-07-30T14:00:00.000Z,44.0,-1.0,34.0
2026-07-30T14:00:00.000Z,44.0,-0.6,37.0
2026-07-30T14:00:00.000Z,44.0,-0.2,41.0
2026-07-30T14:00:00.000Z,44.4,-1.4,35.0
2026-07-30T14:00:00.000Z,44.4,-1.0,33.0
2026-07-30T14:00:00.000Z,44.4,-0.6,38.0
2026-07-30T14:00:00.000Z,44.4,-0.2,39.0
2026-07-30T14:00:00.000Z,44.8,-1.4,39.0
2026-07-30T14:00:00.000Z,44.8,-1.0,40.0
2026-07-30T14:00:00.000Z,44.8,-0.6,47.0
2026-07-30T14:00:00.000Z,44.8,-0.2,47.0
2026-07-30T14:00:00.000Z,45.2,-1.4,36.0
2026-07-30T14:00:00.000Z,45.2,-1.0,37.0
2026-07-30T14:00:00.000Z,45.2,-0.6,36.0
2026-07-30T14:00:00.000Z,45.2,-0.2,42.0
2026-07-30T15:00:00.000Z,43.6,-1.4,34.0
2026-07-30T15:00:00.000Z,43.6,-1.0,36.0
2026-07-30T15:00:00.000Z,43.6,-0.6,37.0
2026-07-30T15:00:00.000Z,43.6,-0.2,41.0
2026-07-30T15:00:00.000Z,44.0,-1.4,36.0
2026-07-30T15:00:00.000Z,44.0,-1.0,34.0
2026-07-30T15:00:00.000Z,44.0,-0.6,37.0
2026-07-30T15:00:00.000Z,44.0,-0.2,41.0
2026-07-30T15:00:00.000Z,44.4,-1.4,35.0
2026-07-30T15:00:00.000Z,44.4,-1.0,33.0
2026-07-30T15:00:00.000Z,44.4,-0.6,37.0
2026-07-30T15:00:00.000Z,44.4,-0.2,41.0
2026-07-30T15:00:00.000Z,44.8,-1.4,37.0
2026-07-30T15:00:00.000Z,44.8,-1.0,40.0
2026-07-30T15:00:00.000Z,44.8,-0.6,48.0
2026-07-30T15:00:00.000Z,44.8,-0.2,49.0
2026-07-30T15:00:00.000Z,45.2,-1.4,36.0
2026-07-30T15:00:00.000Z,45.2,-1.0,35.0
2026-07-30T15:00:00.000Z,45.2,-0.6,36.0
2026-07-30T15:00:00.000Z,45.2,-0.2,40.0
2026-07-30T16:00:00.000Z,43.6,-1.4,33.0
2026-07-30T16:00:00.000Z,43.6,-1.0,34.0
2026-07-30T16:00:00.000Z,43.6,-0.6,38.0
2026-07-30T16:00:00.000Z,43.6,-0.2,41.0
2026-07-30T16:00:00.000Z,44.0,-1.4,36.0
2026-07-30T16:00:00.000Z,44.0,-1.0,34.0
2026-07-30T16:00:00.000Z,44.0,-0.6,36.0
2026-07-30T16:00:00.000Z,44.0,-0.2,41.0
2026-07-30T16:00:00.000Z,44.4,-1.4,36.0
2026-07-30T16:00:00.000Z,44.4,-1.0,32.0
2026-07-30T16:00:00.000Z,44.4,-0.6,37.0
2026-07-30T16:00:00.000Z,44.4,-0.2,43.0
2026-07-30T16:00:00.000Z,44.8,-1.4,37.0
2026-07-30T16:00:00.000Z,44.8,-1.0,38.0
2026-07-30T16:00:00.000Z,44.8,-0.6,45.0
2026-07-30T16:00:00.000Z,44.8,-0.2,47.0
2026-07-30T16:00:00.000Z,45.2,-1.4,37.0
2026-07-30T16:00:00.000Z,45.2,-1.0,34.0
2026-07-30T16:00:00.000Z,45.2,-0.6,35.0
2026-07-30T16:00:00.000Z,45.2,-0.2,38.0
2026-07-30T17:00:00.000Z,43.6,-1.4,33.0
2026-07-30T17:00:00.000Z,43.6,-1.0,33.0
2026-07-30T17:00:00.000Z,43.6,-0.6,39.0
2026-07-30T17:00:00.000Z,43.6,-0.2,41.0
2026-07-30T17:00:00.000Z,44.0,-1.4,35.0
2026-07-30T17:00:00.000Z,44.0,-1.0,33.0
2026-07-30T17:00:00.000Z,44.0,-0.6,34.0
2026-07-30T17:00:00.000Z,44.0,-0.2,41.0
2026-07-30T17:00:00.000Z,44.4,-1.4,36.0
2026-07-30T17:00:00.000Z,44.4,-1.0,35.0
2026-07-30T17:00:00.000Z,44.4,-0.6,38.0
2026-07-30T17:00:00.000Z,44.4,-0.2,43.0
2026-07-30T17:00:00.000Z,44.8,-1.4,36.0
2026-07-30T17:00:00.000Z,44.8,-1.0,35.0
2026-07-30T17:00:00.000Z,44.8,-0.6,40.0
2026-07-30T17:00:00.000Z,44.8,-0.2,42.0
2026-07-30T17:00:00.000Z,45.2,-1.4,36.0
2026-07-30T17:00:00.000Z,45.2,-1.0,33.0
2026-07-30T17:00:00.000Z,45.2,-0.6,35.0
2026-07-30T17:00:00.000Z,45.2,-0.2,36.0
2026-07-30T18:00:00.000Z,43.6,-1.4,33.0
2026-07-30T18:00:00.000Z,43.6,-1.0,32.0
2026-07-30T18:00:00.000Z,43.6,-0.6,38.0
2026-07-30T18:00:00.000Z,43.6,-0.2,40.0
2026-07-30T18:00:00.000Z,44.0,-1.4,35.0
2026-07-30T18:00:00.000Z,44.0,-1.0,32.0
2026-07-30T18:00:00.000Z,44.0,-0.6,33.0
2026-07-30T18:00:00.000Z,44.0,-0.2,40.0
2026-07-30T18:00:00.000Z,44.4,-1.4,36.0
2026-07-30T18:00:00.000Z,44.4,-1.0,34.0
2026-07-30T18:00:00.000Z,44.4,-0.6,40.0
2026-07-30T18:00:00.000Z,44.4,-0.2,45.0
2026-07-30T18:00:00.000Z,44.8,-1.4,36.0
2026-07-30T18:00:00.000Z,44.8,-1.0,33.0
2026-07-30T18:00:00.000Z,44.8,-0.6,36.0
2026-07-30T18:00:00.000Z,44.8,-0.2,37.0
2026-07-30T18:00:00.000Z,45.2,-1.4,35.0
2026-07-30T18:00:00.000Z,45.2,-1.0,32.0
2026-07-30T18:00:00.000Z,45.2,-0.6,34.0
2026-07-30T18:00:00.000Z,45.2,-0.2,34.0
2026-07-30T19:00:00.000Z,43.6,-1.4,34.0
2026-07-30T19:00:00.000Z,43.6,-1.0,31.0
2026-07-30T19:00:00.000Z,43.6,-0.6,33.0
2026-07-30T19:00:00.000Z,43.6,-0.2,35.0
2026-07-30T19:00:00.000Z,44.0,-1.4,36.0
2026-07-30T19:00:00.000Z,44.0,-1.0,32.0
2026-07-30T19:00:00.000Z,44.0,-0.6,32.0
2026-07-30T19:00:00.000Z,44.0,-0.2,37.0
2026-07-30T19:00:00.000Z,44.4,-1.4,36.0
2026-07-30T19:00:00.000Z,44.4,-1.0,34.0
2026-07-30T19:00:00.000Z,44.4,-0.6,41.0
2026-07-30T19:00:00.000Z,44.4,-0.2,43.0
2026-07-30T19:00:00.000Z,44.8,-1.4,36.0
2026-07-30T19:00:00.000Z,44.8,-1.0,33.0
2026-07-30T19:00:00.000Z,44.8,-0.6,32.0
2026-07-30T19:00:00.000Z,44.8,-0.2,34.0
2026-07-30T19:00:00.000Z,45.2,-1.4,34.0
2026-07-30T19:00:00.000Z,45.2,-1.0,32.0
2026-07-30T19:00:00.000Z,45.2,-0.6,31.0
2026-07-30T19:00:00.000Z,45.2,-0.2,32.0
2026-07-30T20:00:00.000Z,43.6,-1.4,34.0
2026-07-30T20:00:00.000Z,43.6,-1.0,32.0
2026-07-30T20:00:00.000Z,43.6,-0.6,29.0
2026-07-30T20:00:00.000Z,43.6,-0.2,32.0
2026-07-30T20:00:00.000Z,44.0,-1.4,36.0
2026-07-30T20:00:00.000Z,44.0,-1.0,32.0
2026-07-30T20:00:00.000Z,44.0,-0.6,32.0
2026-07-30T20:00:00.000Z,44.0,-0.2,35.0
2026-07-30T20:00:00.000Z,44.4,-1.4,36.0
2026-07-30T20:00:00.000Z,44.4,-1.0,32.0
2026-07-30T20:00:00.000Z,44.4,-0.6,35.0
2026-07-30T20:00:00.000Z,44.4,-0.2,36.0
2026-07-30T20:00:00.000Z,44.8,-1.4,34.0
2026-07-30T20:00:00.000Z,44.8,-1.0,32.0
2026-07-30T20:00:00.000Z,44.8,-0.6,31.0
2026-07-30T20:00:00.000Z,44.8,-0.2,32.0
2026-07-30T20:00:00.000Z,45.2,-1.4,34.0
2026-07-30T20:00:00.000Z,45.2,-1.0,32.0
2026-07-30T20:00:00.000Z,45.2,-0.6,30.0
2026-07-30T20:00:00.000Z,45.2,-0.2,30.0
2026-07-30T21:00:00.000Z,43.6,-1.4,33.0
2026-07-30T21:00:00.000Z,43.6,-1.0,30.0
2026-07-30T21:00:00.000Z,43.6,-0.6,26.0
2026-07-30T21:00:00.000Z,43.6,-0.2,28.0
2026-07-30T21:00:00.000Z,44.0,-1.4,36.0
2026-07-30T21:00:00.000Z,44.0,-1.0,31.0
2026-07-30T21:00:00.000Z,44.0,-0.6,30.0
2026-07-30T21:00:00.000Z,44.0,-0.2,37.0
2026-07-30T21:00:00.000Z,44.4,-1.4,35.0
2026-07-30T21:00:00.000Z,44.4,-1.0,31.0
2026-07-30T21:00:00.000Z,44.4,-0.6,30.0
2026-07-30T21:00:00.000Z,44.4,-0.2,31.0
2026-07-30T21:00:00.000Z,44.8,-1.4,34.0
2026-07-30T21:00:00.000Z,44.8,-1.0,30.0
2026-07-30T21:00:00.000Z,44.8,-0.6,29.0
2026-07-30T21:00:00.000Z,44.8,-0.2,29.0
2026-07-30T21:00:00.000Z,45.2,-1.4,33.0
2026-07-30T21:00:00.000Z,45.2,-1.0,30.0
2026-07-30T21:00:00.000Z,45.2,-0.6,28.0
2026-07-30T21:00:00.000Z,45.2,-0.2,28.0
2026-07-30T22:00:00.000Z,43.6,-1.4,32.0
2026-07-30T22:00:00.000Z,43.6,-1.0,29.0
2026-07-30T22:00:00.000Z,43.6,-0.6,26.0
2026-07-30T22:00:00.000Z,43.6,-0.2,25.0
2026-07-30T22:00:00.000Z,44.0,-1.4,34.0
2026-07-30T22:00:00.000Z,44.0,-1.0,30.0
2026-07-30T22:00:00.000Z,44.0,-0.6,28.0
2026-07-30T22:00:00.000Z,44.0,-0.2,34.0
2026-07-30T22:00:00.000Z,44.4,-1.4,34.0
2026-07-30T22:00:00.000Z,44.4,-1.0,29.0
2026-07-30T22:00:00.000Z,44.4,-0.6,27.0
2026-07-30T22:00:00.000Z,44.4,-0.2,28.0
2026-07-30T22:00:00.000Z,44.8,-1.4,34.0
2026-07-30T22:00:00.000Z,44.8,-1.0,28.0
2026-07-30T22:00:00.000Z,44.8,-0.6,27.0
2026-07-30T22:00:00.000Z,44.8,-0.2,27.0
2026-07-30T22:00:00.000Z,45.2,-1.4,32.0
2026-07-30T22:00:00.000Z,45.2,-1.0,28.0
2026-07-30T22:00:00.000Z,45.2,-0.6,25.0
2026-07-30T22:00:00.000Z,45.2,-0.2,26.0
2026-07-30T23:00:00.000Z,43.6,-1.4,32.0
2026-07-30T23:00:00.000Z,43.6,-1.0,28.0
2026-07-30T23:00:00.000Z,43.6,-0.6,25.0
2026-07-30T23:00:00.000Z,43.6,-0.2,24.0
2026-07-30T23:00:00.000Z,44.0,-1.4,34.0
2026-07-30T23:00:00.000Z,44.0,-1.0,30.0
2026-07-30T23:00:00.000Z,44.0,-0.6,26.0
2026-07-30T23:00:00.000Z,44.0,-0.2,29.0
2026-07-30T23:00:00.000Z,44.4,-1.4,34.0
2026-07-30T23:00:00.000Z,44.4,-1.0,28.0
2026-07-30T23:00:00.000Z,44.4,-0.6,24.0
2026-07-30T23:00:00.000Z,44.4,-0.2,26.0
2026-07-30T23:00:00.000Z,44.8,-1.4,33.0
2026-07-30T23:00:00.000Z,44.8,-1.0,26.0
2026-07-30T23:00:00.000Z,44.8,-0.6,25.0
2026-07-30T23:00:00.000Z,44.8,-0.2,25.0
2026-07-30T23:00:00.000Z,45.2,-1.4,30.0
2026-07-30T23:00:00.000Z,45.2,-1.0,27.0
2026-07-30T23:00:00.000Z,45.2,-0.6,24.0
2026-07-30T23:00:00.000Z,45.2,-0.2,23.0
2026-07-31T00:00:00.000Z,43.6,-1.4,32.0
2026-07-31T00:00:00.000Z,43.6,-1.0,28.0
2026-07-31T00:00:00.000Z,43.6,-0.6,25.0
2026-07-31T00:00:00.000Z,43.6,-0.2,24.0
2026-07-31T00:00:00.000Z,44.0,-1.4,35.0
2026-07-31T00:00:00.000Z,44.0,-1.0,29.0
2026-07-31T00:00:00.000Z,44.0,-0.6,24.0
2026-07-31T00:00:00.000Z,44.0,-0.2,25.0
2026-07-31T00:00:00.000Z,44.4,-1.4,34.0
2026-07-31T00:00:00.000Z,44.4,-1.0,28.0
2026-07-31T00:00:00.000Z,44.4,-0.6,23.0
2026-07-31T00:00:00.000Z,44.4,-0.2,24.0
2026-07-31T00:00:00.000Z,44.8,-1.4,32.0
2026-07-31T00:00:00.000Z,44.8,-1.0,26.0
2026-07-31T00:00:00.000Z,44.8,-0.6,24.0
2026-07-31T00:00:00.000Z,44.8,-0.2,24.0
2026-07-31T00:00:00.000Z,45.2,-1.4,30.0
2026-07-31T00:00:00.000Z,45.2,-1.0,25.0
2026-07-31T00:00:00.000Z,45.2,-0.6,24.0
2026-07-31T00:00:00.000Z,45.2,-0.2,23.0
2026-07-31T01:00:00.000Z,43.6,-1.4,32.0
2026-07-31T01:00:00.000Z,43.6,-1.0,28.0
2026-07-31T01:00:00.000Z,43.6,-0.6,24.0
2026-07-31T01:00:00.000Z,43.6,-0.2,23.0
2026-07-31T01:00:00.000Z,44.0,-1.4,34.0
2026-07-31T01:00:00.000Z,44.0,-1.0,27.0
2026-07-31T01:00:00.000Z,44.0,-0.6,24.0
2026-07-31T01:00:00.000Z,44.0,-0.2,23.0
2026-07-31T01:00:00.000Z,44.4,-1.4,33.0
2026-07-31T01:00:00.000Z,44.4,-1.0,26.0
2026-07-31T01:00:00.000Z,44.4,-0.6,24.0
2026-07-31T01:00:00.000Z,44.4,-0.2,24.0
2026-07-31T01:00:00.000Z,44.8,-1.4,30.0
2026-07-31T01:00:00.000Z,44.8,-1.0,24.0
2026-07-31T01:00:00.000Z,44.8,-0.6,24.0
2026-07-31T01:00:00.000Z,44.8,-0.2,22.0
2026-07-31T01:00:00.000Z,45.2,-1.4,30.0
2026-07-31T01:00:00.000Z,45.2,-1.0,24.0
2026-07-31T01:00:00.000Z,45.2,-0.6,22.0
2026-07-31T01:00:00.000Z,45.2,-0.2,22.0
2026-07-31T02:00:00.000Z,43.6,-1.4,31.0
2026-07-31T02:00:00.000Z,43.6,-1.0,28.0
2026-07-31T02:00:00.000Z,43.6,-0.6,24.0
2026-07-31T02:00:00.000Z,43.6,-0.2,23.0
2026-07-31T02:00:00.000Z,44.0,-1.4,33.0
2026-07-31T02:00:00.000Z,44.0,-1.0,25.0
2026-07-31T02:00:00.000Z,44.0,-0.6,22.0
2026-07-31T02:00:00.000Z,44.0,-0.2,23.0
2026-07-31T02:00:00.000Z,44.4,-1.4,32.0
2026-07-31T02:00:00.000Z,44.4,-1.0,24.0
2026-07-31T02:00:00.000Z,44.4,-0.6,22.0
2026-07-31T02:00:00.000Z,44.4,-0.2,23.0
2026-07-31T02:00:00.000Z,44.8,-1.4,30.0
2026-07-31T02:00:00.000Z,44.8,-1.0,24.0
2026-07-31T02:00:00.000Z,44.8,-0.6,24.0
2026-07-31T02:00:00.000Z,44.8,-0.2,21.0
2026-07-31T02:00:00.000Z,45.2,-1.4,28.0
2026-07-31T02:00:00.000Z,45.2,-1.0,23.0
2026-07-31T02:00:00.000Z,45.2,-0.6,22.0
2026-07-31T02:00:00.000Z,45.2,-0.2,20.0
2026-07-31T03:00:00.000Z,43.6,-1.4,30.0
2026-07-31T03:00:00.000Z,43.6,-1.0,27.0
2026-07-31T03:00:00.000Z,43.6,-0.6,25.0
2026-07-31T03:00:00.000Z,43.6,-0.2,23.0
2026-07-31T03:00:00.000Z,44.0,-1.4,32.0
2026-07-31T03:00:00.000Z,44.0,-1.0,26.0
2026-07-31T03:00:00.000Z,44.0,-0.6,22.0
2026-07-31T03:00:00.000Z,44.0,-0.2,24.0
2026-07-31T03:00:00.000Z,44.4,-1.4,32.0
2026-07-31T03:00:00.000Z,44.4,-1.0,24.0
2026-07-31T03:00:00.000Z,44.4,-0.6,21.0
2026-07-31T03:00:00.000Z,44.4,-0.2,21.0
2026-07-31T03:00:00.000Z,44.8,-1.4,29.0
2026-07-31T03:00:00.000Z,44.8,-1.0,22.0
2026-07-31T03:00:00.000Z,44.8,-0.6,22.0
2026-07-31T03:00:00.000Z,44.8,-0.2,20.0
2026-07-31T03:00:00.000Z,45.2,-1.4,26.0
2026-07-31T03:00:00.000Z,45.2,-1.0,23.0
2026-07-31T03:00:00.000Z,45.2,-0.6,21.0
2026-07-31T03:00:00.000Z,45.2,-0.2,20.0
2026-07-31T04:00:00.000Z,43.6,-1.4,29.0
2026-07-31T04:00:00.000Z,43.6,-1.0,26.0
2026-07-31T04:00:00.000Z,43.6,-0.6,24.0
2026-07-31T04:00:00.000Z,43.6,-0.2,23.0
2026-07-31T04:00:00.000Z,44.0,-1.4,31.0
2026-07-31T04:00:00.000Z,44.0,-1.0,25.0
2026-07-31T04:00:00.000Z,44.0,-0.6,22.0
2026-07-31T04:00:00.000Z,44.0,-0.2,24.0
2026-07-31T04:00:00.000Z,44.4,-1.4,32.0
2026-07-31T04:00:00.000Z,44.4,-1.0,25.0
2026-07-31T04:00:00.000Z,44.4,-0.6,21.0
2026-07-31T04:00:00.000Z,44.4,-0.2,21.0
2026-07-31T04:00:00.000Z,44.8,-1.4,28.0
2026-07-31T04:00:00.000Z,44.8,-1.0,22.0
2026-07-31T04:00:00.000Z,44.8,-0.6,22.0
2026-07-31T04:00:00.000Z,44.8,-0.2,20.0
2026-07-31T04:00:00.000Z,45.2,-1.4,25.0
2026-07-31T04:00:00.000Z,45.2,-1.0,22.0
2026-07-31T04:00:00.000Z,45.2,-0.6,20.0
2026-07-31T04:00:00.000Z,45.2,-0.2,19.0
2026-07-31T05:00:00.000Z,43.6,-1.4,28.0
2026-07-31T05:00:00.000Z,43.6,-1.0,26.0
2026-07-31T05:00:00.000Z,43.6,-0.6,26.0
2026-07-31T05:00:00.000Z,43.6,-0.2,24.0
2026-07-31T05:00:00.000Z,44.0,-1.4,31.0
2026-07-31T05:00:00.000Z,44.0,-1.0,24.0
2026-07-31T05:00:00.000Z,44.0,-0.6,22.0
2026-07-31T05:00:00.000Z,44.0,-0.2,24.0
2026-07-31T05:00:00.000Z,44.4,-1.4,29.0
2026-07-31T05:00:00.000Z,44.4,-1.0,24.0
2026-07-31T05:00:00.000Z,44.4,-0.6,21.0
2026-07-31T05:00:00.000Z,44.4,-0.2,20.0
2026-07-31T05:00:00.000Z,44.8,-1.4,27.0
2026-07-31T05:00:00.000Z,44.8,-1.0,21.0
2026-07-31T05:00:00.000Z,44.8,-0.6,22.0
2026-07-31T05:00:00.000Z,44.8,-0.2,19.0
2026-07-31T05:00:00.000Z,45.2,-1.4,25.0
2026-07-31T05:00:00.000Z,45.2,-1.0,20.0
2026-07-31T05:00:00.000Z,45.2,-0.6,20.0
2026-07-31T05:00:00.000Z,45.2,-0.2,19.0
2026-07-31T06:00:00.000Z,43.6,-1.4,27.0
2026-07-31T06:00:00.000Z,43.6,-1.0,25.0
2026-07-31T06:00:00.000Z,43.6,-0.6,24.0
2026-07-31T06:00:00.000Z,43.6,-0.2,24.0
2026-07-31T06:00:00.000Z,44.0,-1.4,31.0
2026-07-31T06:00:00.000Z,44.0,-1.0,23.0
2026-07-31T06:00:00.000Z,44.0,-0.6,21.0
2026-07-31T06:00:00.000Z,44.0,-0.2,24.0
2026-07-31T06:00:00.000Z,44.4,-1.4,27.0
2026-07-31T06:00:00.000Z,44.4,-1.0,22.0
2026-07-31T06:00:00.000Z,44.4,-0.6,20.0
2026-07-31T06:00:00.000Z,44.4,-0.2,20.0
2026-07-31T06:00:00.000Z,44.8,-1.4,25.0
2026-07-31T06:00:00.000Z,44.8,-1.0,21.0
2026-07-31T06:00:00.000Z,44.8,-0.6,20.0
2026-07-31T06:00:00.000Z,44.8,-0.2,19.0
2026-07-31T06:00:00.000Z,45.2,-1.4,24.0
2026-07-31T06:00:00.000Z,45.2,-1.0,20.0
2026-07-31T06:00:00.000Z,45.2,-0.6,18.0
2026-07-31T06:00:00.000Z,45.2,-0.2,18.0
2026-07-31T07:00:00.000Z,43.6,-1.4,27.0
2026-07-31T07:00:00.000Z,43.6,-1.0,25.0
2026-07-31T07:00:00.000Z,43.6,-0.6,22.0
2026-07-31T07:00:00.000Z,43.6,-0.2,22.0
2026-07-31T07:00:00.000Z,44.0,-1.4,31.0
2026-07-31T07:00:00.000Z,44.0,-1.0,24.0
2026-07-31T07:00:00.000Z,44.0,-0.6,23.0
2026-07-31T07:00:00.000Z,44.0,-0.2,24.0
2026-07-31T07:00:00.000Z,44.4,-1.4,28.0
2026-07-31T07:00:00.000Z,44.4,-1.0,23.0
2026-07-31T07:00:00.000Z,44.4,-0.6,22.0
2026-07-31T07:00:00.000Z,44.4,-0.2,22.0
2026-07-31T07:00:00.000Z,44.8,-1.4,24.0
2026-07-31T07:00:00.000Z,44.8,-1.0,22.0
2026-07-31T07:00:00.000Z,44.8,-0.6,21.0
2026-07-31T07:00:00.000Z,44.8,-0.2,21.0
2026-07-31T07:00:00.000Z,45.2,-1.4,24.0
2026-07-31T07:00:00.000Z,45.2,-1.0,21.0
2026-07-31T07:00:00.000Z,45.2,-0.6,20.0
2026-07-31T07:00:00.000Z,45.2,-0.2,22.0
2026-07-31T08:00:00.000Z,43.6,-1.4,28.0
2026-07-31T08:00:00.000Z,43.6,-1.0,26.0
2026-07-31T08:00:00.000Z,43.6,-0.6,25.0
2026-07-31T08:00:00.000Z,43.6,-0.2,26.0
2026-07-31T08:00:00.000Z,44.0,-1.4,31.0
2026-07-31T08:00:00.000Z,44.0,-1.0,26.0
2026-07-31T08:00:00.000Z,44.0,-0.6,26.0
2026-07-31T08:00:00.000Z,44.0,-0.2,26.0
2026-07-31T08:00:00.000Z,44.4,-1.4,26.0
2026-07-31T08:00:00.000Z,44.4,-1.0,22.0
2026-07-31T08:00:00.000Z,44.4,-0.6,24.0
2026-07-31T08:00:00.000Z,44.4,-0.2,23.0
2026-07-31T08:00:00.000Z,44.8,-1.4,24.0
2026-07-31T08:00:00.000Z,44.8,-1.0,20.0
2026-07-31T08:00:00.000Z,44.8,-0.6,22.0
2026-07-31T08:00:00.000Z,44.8,-0.2,24.0
2026-07-31T08:00:00.000Z,45.2,-1.4,24.0
2026-07-31T08:00:00.000Z,45.2,-1.0,20.0
2026-07-31T08:00:00.000Z,45.2,-0.6,21.0
2026-07-31T08:00:00.000Z,45.2,-0.2,24.0
2026-07-31T09:00:00.000Z,43.6,-1.4,29.0
2026-07-31T09:00:00.000Z,43.6,-1.0,28.0
2026-07-31T09:00:00.000Z,43.6,-0.6,27.0
2026-07-31T09:00:00.000Z,43.6,-0.2,27.0
2026-07-31T09:00:00.000Z,44.0,-1.4,29.0
2026-07-31T09:00:00.000Z,44.0,-1.0,26.0
2026-07-31T09:00:00.000Z,44.0,-0.6,26.0
2026-07-31T09:00:00.000Z,44.0,-0.2,28.0
2026-07-31T09:00:00.000Z,44.4,-1.4,25.0
2026-07-31T09:00:00.000Z,44.4,-1.0,23.0
2026-07-31T09:00:00.000Z,44.4,-0.6,26.0
2026-07-31T09:00:00.000Z,44.4,-0.2,26.0
2026-07-31T09:00:00.000Z,44.8,-1.4,25.0
2026-07-31T09:00:00.000Z,44.8,-1.0,22.0
2026-07-31T09:00:00.000Z,44.8,-0.6,26.0
2026-07-31T09:00:00.000Z,44.8,-0.2,25.0
2026-07-31T09:00:00.000Z,45.2,-1.4,25.0
2026-07-31T09:00:00.000Z,45.2,-1.0,22.0
2026-07-31T09:00:00.000Z,45.2,-0.6,23.0
2026-07-31T09:00:00.000Z,45.2,-0.2,24.0
2026-07-31T10:00:00.000Z,43.6,-1.4,31.0
2026-07-31T10:00:00.000Z,43.6,-1.0,29.0
2026-07-31T10:00:00.000Z,43.6,-0.6,29.0
2026-07-31T10:00:00.000Z,43.6,-0.2,28.0
2026-07-31T10:00:00.000Z,44.0,-1.4,29.0
2026-07-31T10:00:00.000Z,44.0,-1.0,27.0
2026-07-31T10:00:00.000Z,44.0,-0.6,27.0
2026-07-31T10:00:00.000Z,44.0,-0.2,30.0
2026-07-31T10:00:00.000Z,44.4,-1.4,25.0
2026-07-31T10:00:00.000Z,44.4,-1.0,24.0
2026-07-31T10:00:00.000Z,44.4,-0.6,26.0
2026-07-31T10:00:00.000Z,44.4,-0.2,30.0
2026-07-31T10:00:00.000Z,44.8,-1.4,26.0
2026-07-31T10:00:00.000Z,44.8,-1.0,23.0
2026-07-31T10:00:00.000Z,44.8,-0.6,28.0
2026-07-31T10:00:00.000Z,44.8,-0.2,27.0
2026-07-31T10:00:00.000Z,45.2,-1.4,25.0
2026-07-31T10:00:00.000Z,45.2,-1.0,24.0
2026-07-31T10:00:00.000Z,45.2,-0.6,24.0
2026-07-31T10:00:00.000Z,45.2,-0.2,27.0
2026-07-31T11:00:00.000Z,43.6,-1.4,30.0
2026-07-31T11:00:00.000Z,43.6,-1.0,30.0
2026-07-31T11:00:00.000Z,43.6,-0.6,30.0
2026-07-31T11:00:00.000Z,43.6,-0.2,30.0
2026-07-31T11:00:00.000Z,44.0,-1.4,26.0
2026-07-31T11:00:00.000Z,44.0,-1.0,29.0
2026-07-31T11:00:00.000Z,44.0,-0.6,27.0
2026-07-31T11:00:00.000Z,44.0,-0.2,29.0
2026-07-31T11:00:00.000Z,44.4,-1.4,25.0
2026-07-31T11:00:00.000Z,44.4,-1.0,24.0
2026-07-31T11:00:00.000Z,44.4,-0.6,27.0
2026-07-31T11:00:00.000Z,44.4,-0.2,31.0
2026-07-31T11:00:00.000Z,44.8,-1.4,26.0
2026-07-31T11:00:00.000Z,44.8,-1.0,24.0
2026-07-31T11:00:00.000Z,44.8,-0.6,27.0
2026-07-31T11:00:00.000Z,44.8,-0.2,29.0
2026-07-31T11:00:00.000Z,45.2,-1.4,27.0
2026-07-31T11:00:00.000Z,45.2,-1.0,25.0
2026-07-31T11:00:00.000Z,45.2,-0.6,26.0
2026-07-31T11:00:00.000Z,45.2,-0.2,26.0
2026-07-31T12:00:00.000Z,43.6,-1.4,30.0
2026-07-31T12:00:00.000Z,43.6,-1.0,31.0
2026-07-31T12:00:00.000Z,43.6,-0.6,30.0
2026-07-31T12:00:00.000Z,43.6,-0.2,32.0
2026-07-31T12:00:00.000Z,44.0,-1.4,24.0
2026-07-31T12:00:00.000Z,44.0,-1.0,30.0
2026-07-31T12:00:00.000Z,44.0,-0.6,29.0
2026-07-31T12:00:00.000Z,44.0,-0.2,30.0
2026-07-31T12:00:00.000Z,44.4,-1.4,24.0
2026-07-31T12:00:00.000Z,44.4,-1.0,24.0
2026-07-31T12:00:00.000Z,44.4,-0.6,26.0
2026-07-31T12:00:00.000Z,44.4,-0.2,31.0
2026-07-31T12:00:00.000Z,44.8,-1.4,26.0
2026-07-31T12:00:00.000Z,44.8,-1.0,24.0
2026-07-31T12:00:00.000Z,44.8,-0.6,29.0
2026-07-31T12:00:00.000Z,44.8,-0.2,30.0
2026-07-31T12:00:00.000Z,45.2,-1.4,29.0
2026-07-31T12:00:00.000Z,45.2,-1.0,26.0
2026-07-31T12:00:00.000Z,45.2,-0.6,28.0
2026-07-31T12:00:00.000Z,45.2,-0.2,26.0
2026-07-31T13:00:00.000Z,43.6,-1.4,28.0
2026-07-31T13:00:00.000Z,43.6,-1.0,32.0
2026-07-31T13:00:00.000Z,43.6,-0.6,31.0
2026-07-31T13:00:00.000Z,43.6,-0.2,32.0
2026-07-31T13:00:00.000Z,44.0,-1.4,24.0
2026-07-31T13:00:00.000Z,44.0,-1.0,27.0
2026-07-31T13:00:00.000Z,44.0,-0.6,30.0
2026-07-31T13:00:00.000Z,44.0,-0.2,31.0
2026-07-31T13:00:00.000Z,44.4,-1.4,24.0
2026-07-31T13:00:00.000Z,44.4,-1.0,25.0
2026-07-31T13:00:00.000Z,44.4,-0.6,26.0
2026-07-31T13:00:00.000Z,44.4,-0.2,29.0
2026-07-31T13:00:00.000Z,44.8,-1.4,28.0
2026-07-31T13:00:00.000Z,44.8,-1.0,24.0
2026-07-31T13:00:00.000Z,44.8,-0.6,29.0
2026-07-31T13:00:00.000Z,44.8,-0.2,31.0
2026-07-31T13:00:00.000Z,45.2,-1.4,30.0
2026-07-31T13:00:00.000Z,45.2,-1.0,26.0
2026-07-31T13:00:00.000Z,45.2,-0.6,29.0
2026-07-31T13:00:00.000Z,45.2,-0.2,28.0
2026-07-31T14:00:00.000Z,43.6,-1.4,26.0
2026-07-31T14:00:00.000Z,43.6,-1.0,30.0
2026-07-31T14:00:00.000Z,43.6,-0.6,32.0
2026-07-31T14:00:00.000Z,43.6,-0.2,33.0
2026-07-31T14:00:00.000Z,44.0,-1.4,24.0
2026-07-31T14:00:00.000Z,44.0,-1.0,25.0
2026-07-31T14:00:00.000Z,44.0,-0.6,27.0
2026-07-31T14:00:00.000Z,44.0,-0.2,32.0
2026-07-31T14:00:00.000Z,44.4,-1.4,25.0
2026-07-31T14:00:00.000Z,44.4,-1.0,24.0
2026-07-31T14:00:00.000Z,44.4,-0.6,29.0
2026-07-31T14:00:00.000Z,44.4,-0.2,27.0
2026-07-31T14:00:00.000Z,44.8,-1.4,28.0
2026-07-31T14:00:00.000Z,44.8,-1.0,26.0
2026-07-31T14:00:00.000Z,44.8,-0.6,30.0
2026-07-31T14:00:00.000Z,44.8,-0.2,31.0
2026-07-31T14:00:00.000Z,45.2,-1.4,29.0
2026-07-31T14:00:00.000Z,45.2,-1.0,26.0
2026-07-31T14:00:00.000Z,45.2,-0.6,30.0
2026-07-31T14:00:00.000Z,45.2,-0.2,30.0
2026-07-31T15:00:00.000Z,43.6,-1.4,25.0
2026-07-31T15:00:00.000Z,43.6,-1.0,29.0
2026-07-31T15:00:00.000Z,43.6,-0.6,31.0
2026-07-31T15:00:00.000Z,43.6,-0.2,33.0
2026-07-31T15:00:00.000Z,44.0,-1.4,24.0
2026-07-31T15:00:00.000Z,44.0,-1.0,25.0
2026-07-31T15:00:00.000Z,44.0,-0.6,26.0
2026-07-31T15:00:00.000Z,44.0,-0.2,30.0
2026-07-31T15:00:00.000Z,44.4,-1.4,26.0
2026-07-31T15:00:00.000Z,44.4,-1.0,26.0
2026-07-31T15:00:00.000Z,44.4,-0.6,29.0
2026-07-31T15:00:00.000Z,44.4,-0.2,28.0
2026-07-31T15:00:00.000Z,44.8,-1.4,28.0
2026-07-31T15:00:00.000Z,44.8,-1.0,26.0
2026-07-31T15:00:00.000Z,44.8,-0.6,29.0
2026-07-31T15:00:00.000Z,44.8,-0.2,31.0
2026-07-31T15:00:00.000Z,45.2,-1.4,29.0
2026-07-31T15:00:00.000Z,45.2,-1.0,26.0
2026-07-31T15:00:00.000Z,45.2,-0.6,30.0
2026-07-31T15:00:00.000Z,45.2,-0.2,31.0
2026-07-31T16:00:00.000Z,43.6,-1.4,25.0
2026-07-31T16:00:00.000Z,43.6,-1.0,28.0
2026-07-31T16:00:00.000Z,43.6,-0.6,30.0
2026-07-31T16:00:00.000Z,43.6,-0.2,32.0
2026-07-31T16:00:00.000Z,44.0,-1.4,24.0
2026-07-31T16:00:00.000Z,44.0,-1.0,25.0
2026-07-31T16:00:00.000Z,44.0,-0.6,26.0
2026-07-31T16:00:00.000Z,44.0,-0.2,28.0
2026-07-31T16:00:00.000Z,44.4,-1.4,26.0
2026-07-31T16:00:00.000Z,44.4,-1.0,26.0
2026-07-31T16:00:00.000Z,44.4,-0.6,30.0
2026-07-31T16:00:00.000Z,44.4,-0.2,31.0
2026-07-31T16:00:00.000Z,44.8,-1.4,27.0
2026-07-31T16:00:00.000Z,44.8,-1.0,26.0
2026-07-31T16:00:00.000Z,44.8,-0.6,28.0
2026-07-31T16:00:00.000Z,44.8,-0.2,30.0
2026-07-31T16:00:00.000Z,45.2,-1.4,28.0
2026-07-31T16:00:00.000Z,45.2,-1.0,27.0
2026-07-31T16:00:00.000Z,45.2,-0.6,30.0
2026-07-31T16:00:00.000Z,45.2,-0.2,30.0
2026-07-31T17:00:00.000Z,43.6,-1.4,24.0
2026-07-31T17:00:00.000Z,43.6,-1.0,28.0
2026-07-31T17:00:00.000Z,43.6,-0.6,29.0
2026-07-31T17:00:00.000Z,43.6,-0.2,30.0
2026-07-31T17:00:00.000Z,44.0,-1.4,24.0
2026-07-31T17:00:00.000Z,44.0,-1.0,26.0
2026-07-31T17:00:00.000Z,44.0,-0.6,26.0
2026-07-31T17:00:00.000Z,44.0,-0.2,28.0
2026-07-31T17:00:00.000Z,44.4,-1.4,26.0
2026-07-31T17:00:00.000Z,44.4,-1.0,25.0
2026-07-31T17:00:00.000Z,44.4,-0.6,29.0
2026-07-31T17:00:00.000Z,44.4,-0.2,31.0
2026-07-31T17:00:00.000Z,44.8,-1.4,27.0
2026-07-31T17:00:00.000Z,44.8,-1.0,25.0
2026-07-31T17:00:00.000Z,44.8,-0.6,28.0
2026-07-31T17:00:00.000Z,44.8,-0.2,30.0
2026-07-31T17:00:00.000Z,45.2,-1.4,28.0
2026-07-31T17:00:00.000Z,45.2,-1.0,26.0
2026-07-31T17:00:00.000Z,45.2,-0.6,28.0
2026-07-31T17:00:00.000Z,45.2,-0.2,31.0
2026-07-31T18:00:00.000Z,43.6,-1.4,24.0
2026-07-31T18:00:00.000Z,43.6,-1.0,26.0
2026-07-31T18:00:00.000Z,43.6,-0.6,27.0
2026-07-31T18:00:00.000Z,43.6,-0.2,28.0
2026-07-31T18:00:00.000Z,44.0,-1.4,26.0
2026-07-31T18:00:00.000Z,44.0,-1.0,26.0
2026-07-31T18:00:00.000Z,44.0,-0.6,25.0
2026-07-31T18:00:00.000Z,44.0,-0.2,28.0
2026-07-31T18:00:00.000Z,44.4,-1.4,26.0
2026-07-31T18:00:00.000Z,44.4,-1.0,24.0
2026-07-31T18:00:00.000Z,44.4,-0.6,28.0
2026-07-31T18:00:00.000Z,44.4,-0.2,28.0
2026-07-31T18:00:00.000Z,44.8,-1.4,28.0
2026-07-31T18:00:00.000Z,44.8,-1.0,24.0
2026-07-31T18:00:00.000Z,44.8,-0.6,27.0
2026-07-31T18:00:00.000Z,44.8,-0.2,29.0
2026-07-31T18:00:00.000Z,45.2,-1.4,28.0
2026-07-31T18:00:00.000Z,45.2,-1.0,24.0
2026-07-31T18:00:00.000Z,45.2,-0.6,27.0
2026-07-31T18:00:00.000Z,45.2,-0.2,29.0
2026-07-31T19:00:00.000Z,43.6,-1.4,24.0
2026-07-31T19:00:00.000Z,43.6,-1.0,24.0
2026-07-31T19:00:00.000Z,43.6,-0.6,25.0
2026-07-31T19:00:00.000Z,43.6,-0.2,25.0
2026-07-31T19:00:00.000Z,44.0,-1.4,25.0
2026-07-31T19:00:00.000Z,44.0,-1.0,24.0
2026-07-31T19:00:00.000Z,44.0,-0.6,24.0
2026-07-31T19:00:00.000Z,44.0,-0.2,27.0
2026-07-31T19:00:00.000Z,44.4,-1.4,26.0
2026-07-31T19:00:00.000Z,44.4,-1.0,22.0
2026-07-31T19:00:00.000Z,44.4,-0.6,26.0
2026-07-31T19:00:00.000Z,44.4,-0.2,26.0
2026-07-31T19:00:00.000Z,44.8,-1.4,28.0
2026-07-31T19:00:00.000Z,44.8,-1.0,24.0
2026-07-31T19:00:00.000Z,44.8,-0.6,24.0
2026-07-31T19:00:00.000Z,44.8,-0.2,26.0
2026-07-31T19:00:00.000Z,45.2,-1.4,28.0
2026-07-31T19:00:00.000Z,45.2,-1.0,26.0
2026-07-31T19:00:00.000Z,45.2,-0.6,25.0
2026-07-31T19:00:00.000Z,45.2,-0.2,26.0
2026-07-31T20:00:00.000Z,43.6,-1.4,22.0
2026-07-31T20:00:00.000Z,43.6,-1.0,22.0
2026-07-31T20:00:00.000Z,43.6,-0.6,23.0
2026-07-31T20:00:00.000Z,43.6,-0.2,23.0
2026-07-31T20:00:00.000Z,44.0,-1.4,24.0
2026-07-31T20:00:00.000Z,44.0,-1.0,24.0
2026-07-31T20:00:00.000Z,44.0,-0.6,23.0
2026-07-31T20:00:00.000Z,44.0,-0.2,26.0
2026-07-31T20:00:00.000Z,44.4,-1.4,28.0
2026-07-31T20:00:00.000Z,44.4,-1.0,23.0
2026-07-31T20:00:00.000Z,44.4,-0.6,24.0
2026-07-31T20:00:00.000Z,44.4,-0.2,24.0
2026-07-31T20:00:00.000Z,44.8,-1.4,28.0
2026-07-31T20:00:00.000Z,44.8,-1.0,24.0
2026-07-31T20:00:00.000Z,44.8,-0.6,23.0
2026-07-31T20:00:00.000Z,44.8,-0.2,24.0
2026-07-31T20:00:00.000Z,45.2,-1.4,28.0
2026-07-31T20:00:00.000Z,45.2,-1.0,25.0
2026-07-31T20:00:00.000Z,45.2,-0.6,25.0
2026-07-31T20:00:00.000Z,45.2,-0.2,25.0
2026-07-31T21:00:00.000Z,43.6,-1.4,22.0
2026-07-31T21:00:00.000Z,43.6,-1.0,19.0
2026-07-31T21:00:00.000Z,43.6,-0.6,20.0
2026-07-31T21:00:00.000Z,43.6,-0.2,21.0
2026-07-31T21:00:00.000Z,44.0,-1.4,24.0
2026-07-31T21:00:00.000Z,44.0,-1.0,22.0
2026-07-31T21:00:00.000Z,44.0,-0.6,22.0
2026-07-31T21:00:00.000Z,44.0,-0.2,24.0
2026-07-31T21:00:00.000Z,44.4,-1.4,27.0
2026-07-31T21:00:00.000Z,44.4,-1.0,23.0
2026-07-31T21:00:00.000Z,44.4,-0.6,21.0
2026-07-31T21:00:00.000Z,44.4,-0.2,22.0
2026-07-31T21:00:00.000Z,44.8,-1.4,28.0
2026-07-31T21:00:00.000Z,44.8,-1.0,24.0
2026-07-31T21:00:00.000Z,44.8,-0.6,22.0
2026-07-31T21:00:00.000Z,44.8,-0.2,21.0
2026-07-31T21:00:00.000Z,45.2,-1.4,29.0
2026-07-31T21:00:00.000Z,45.2,-1.0,25.0
2026-07-31T21:00:00.000Z,45.2,-0.6,24.0
2026-07-31T21:00:00.000Z,45.2,-0.2,23.0
2026-07-31T22:00:00.000Z,43.6,-1.4,21.0
2026-07-31T22:00:00.000Z,43.6,-1.0,19.0
2026-07-31T22:00:00.000Z,43.6,-0.6,19.0
2026-07-31T22:00:00.000Z,43.6,-0.2,20.0
2026-07-31T22:00:00.000Z,44.0,-1.4,24.0
2026-07-31T22:00:00.000Z,44.0,-1.0,20.0
2026-07-31T22:00:00.000Z,44.0,-0.6,20.0
2026-07-31T22:00:00.000Z,44.0,-0.2,22.0
2026-07-31T22:00:00.000Z,44.4,-1.4,28.0
2026-07-31T22:00:00.000Z,44.4,-1.0,22.0
2026-07-31T22:00:00.000Z,44.4,-0.6,20.0
2026-07-31T22:00:00.000Z,44.4,-0.2,20.0
2026-07-31T22:00:00.000Z,44.8,-1.4,28.0
2026-07-31T22:00:00.000Z,44.8,-1.0,24.0
2026-07-31T22:00:00.000Z,44.8,-0.6,22.0
2026-07-31T22:00:00.000Z,44.8,-0.2,20.0
2026-07-31T22:00:00.000Z,45.2,-1.4,30.0
2026-07-31T22:00:00.000Z,45.2,-1.0,25.0
2026-07-31T22:00:00.000Z,45.2,-0.6,23.0
2026-07-31T22:00:00.000Z,45.2,-0.2,22.0
2026-07-31T23:00:00.000Z,43.6,-1.4,19.0
2026-07-31T23:00:00.000Z,43.6,-1.0,18.0
2026-07-31T23:00:00.000Z,43.6,-0.6,18.0
2026-07-31T23:00:00.000Z,43.6,-0.2,18.0
2026-07-31T23:00:00.000Z,44.0,-1.4,24.0
2026-07-31T23:00:00.000Z,44.0,-1.0,20.0
2026-07-31T23:00:00.000Z,44.0,-0.6,20.0
2026-07-31T23:00:00.000Z,44.0,-0.2,20.0
2026-07-31T23:00:00.000Z,44.4,-1.4,27.0
2026-07-31T23:00:00.000Z,44.4,-1.0,22.0
2026-07-31T23:00:00.000Z,44.4,-0.6,20.0
2026-07-31T23:00:00.000Z,44.4,-0.2,19.0
2026-07-31T23:00:00.000Z,44.8,-1.4,29.0
2026-07-31T23:00:00.000Z,44.8,-1.0,23.0
2026-07-31T23:00:00.000Z,44.8,-0.6,21.0
2026-07-31T23:00:00.000Z,44.8,-0.2,20.0
2026-07-31T23:00:00.000Z,45.2,-1.4,30.0
2026-07-31T23:00:00.000Z,45.2,-1.0,24.0
2026-07-31T23:00:00.000Z,45.2,-0.6,22.0
2026-07-31T23:00:00.000Z,45.2,-0.2,22.0
2026-08-01T00:00:00.000Z,43.6,-1.4,18.0
2026-08-01T00:00:00.000Z,43.6,-1.0,18.0
2026-08-01T00:00:00.000Z,43.6,-0.6,17.0
2026-08-01T00:00:00.000Z,43.6,-0.2,17.0
2026-08-01T00:00:00.000Z,44.0,-1.4,25.0
2026-08-01T00:00:00.000Z,44.0,-1.0,19.0
2026-08-01T00:00:00.000Z,44.0,-0.6,20.0
2026-08-01T00:00:00.000Z,44.0,-0.2,20.0
2026-08-01T00:00:00.000Z,44.4,-1.4,28.0
2026-08-01T00:00:00.000Z,44.4,-1.0,22.0
2026-08-01T00:00:00.000Z,44.4,-0.6,20.0
2026-08-01T00:00:00.000Z,44.4,-0.2,17.0
2026-08-01T00:00:00.000Z,44.8,-1.4,29.0
2026-08-01T00:00:00.000Z,44.8,-1.0,23.0
2026-08-01T00:00:00.000Z,44.8,-0.6,20.0
2026-08-01T00:00:00.000Z,44.8,-0.2,20.0
2026-08-01T00:00:00.000Z,45.2,-1.4,30.0
2026-08-01T00:00:00.000Z,45.2,-1.0,24.0
2026-08-01T00:00:00.000Z,45.2,-0.6,22.0
2026-08-01T00:00:00.000Z,45.2,-0.2,21.0
2026-08-01T01:00:00.000Z,43.6,-1.4,18.0
2026-08-01T01:00:00.000Z,43.6,-1.0,17.0
2026-08-01T01:00:00.000Z,43.6,-0.6,16.0
2026-08-01T01:00:00.000Z,43.6,-0.2,16.0
2026-08-01T01:00:00.000Z,44.0,-1.4,26.0
2026-08-01T01:00:00.000Z,44.0,-1.0,19.0
2026-08-01T01:00:00.000Z,44.0,-0.6,19.0
2026-08-01T01:00:00.000Z,44.0,-0.2,18.0
2026-08-01T01:00:00.000Z,44.4,-1.4,28.0
2026-08-01T01:00:00.000Z,44.4,-1.0,22.0
2026-08-01T01:00:00.000Z,44.4,-0.6,20.0
2026-08-01T01:00:00.000Z,44.4,-0.2,17.0
2026-08-01T01:00:00.000Z,44.8,-1.4,30.0
2026-08-01T01:00:00.000Z,44.8,-1.0,24.0
2026-08-01T01:00:00.000Z,44.8,-0.6,21.0
2026-08-01T01:00:00.000Z,44.8,-0.2,19.0
2026-08-01T01:00:00.000Z,45.2,-1.4,30.0
2026-08-01T01:00:00.000Z,45.2,-1.0,23.0
2026-08-01T01:00:00.000Z,45.2,-0.6,20.0
2026-08-01T01:00:00.000Z,45.2,-0.2,20.0
2026-08-01T02:00:00.000Z,43.6,-1.4,17.0
2026-08-01T02:00:00.000Z,43.6,-1.0,17.0
2026-08-01T02:00:00.000Z,43.6,-0.6,16.0
2026-08-01T02:00:00.000Z,43.6,-0.2,15.0
2026-08-01T02:00:00.000Z,44.0,-1.4,26.0
2026-08-01T02:00:00.000Z,44.0,-1.0,18.0
2026-08-01T02:00:00.000Z,44.0,-0.6,18.0
2026-08-01T02:00:00.000Z,44.0,-0.2,18.0
2026-08-01T02:00:00.000Z,44.4,-1.4,29.0
2026-08-01T02:00:00.000Z,44.4,-1.0,23.0
2026-08-01T02:00:00.000Z,44.4,-0.6,20.0
2026-08-01T02:00:00.000Z,44.4,-0.2,18.0
2026-08-01T02:00:00.000Z,44.8,-1.4,30.0
2026-08-01T02:00:00.000Z,44.8,-1.0,24.0
2026-08-01T02:00:00.000Z,44.8,-0.6,21.0
2026-08-01T02:00:00.000Z,44.8,-0.2,18.0
2026-08-01T02:00:00.000Z,45.2,-1.4,31.0
2026-08-01T02:00:00.000Z,45.2,-1.0,23.0
2026-08-01T02:00:00.000Z,45.2,-0.6,18.0
2026-08-01T02:00:00.000Z,45.2,-0.2,19.0
2026-08-01T03:00:00.000Z,43.6,-1.4,17.0
2026-08-01T03:00:00.000Z,43.6,-1.0,17.0
2026-08-01T03:00:00.000Z,43.6,-0.6,16.0
2026-08-01T03:00:00.000Z,43.6,-0.2,15.0
2026-08-01T03:00:00.000Z,44.0,-1.4,26.0
2026-08-01T03:00:00.000Z,44.0,-1.0,18.0
2026-08-01T03:00:00.000Z,44.0,-0.6,18.0
2026-08-01T03:00:00.000Z,44.0,-0.2,18.0
2026-08-01T03:00:00.000Z,44.4,-1.4,30.0
2026-08-01T03:00:00.000Z,44.4,-1.0,22.0
2026-08-01T03:00:00.000Z,44.4,-0.6,19.0
2026-08-01T03:00:00.000Z,44.4,-0.2,18.0
2026-08-01T03:00:00.000Z,44.8,-1.4,30.0
2026-08-01T03:00:00.000Z,44.8,-1.0,23.0
2026-08-01T03:00:00.000Z,44.8,-0.6,20.0
2026-08-01T03:00:00.000Z,44.8,-0.2,18.0
2026-08-01T03:00:00.000Z,45.2,-1.4,32.0
2026-08-01T03:00:00.000Z,45.2,-1.0,24.0
2026-08-01T03:00:00.000Z,45.2,-0.6,18.0
2026-08-01T03:00:00.000Z,45.2,-0.2,18.0
2026-08-01T04:00:00.000Z,43.6,-1.4,17.0
2026-08-01T04:00:00.000Z,43.6,-1.0,17.0
2026-08-01T04:00:00.000Z,43.6,-0.6,16.0
2026-08-01T04:00:00.000Z,43.6,-0.2,15.0
2026-08-01T04:00:00.000Z,44.0,-1.4,27.0
2026-08-01T04:00:00.000Z,44.0,-1.0,17.0
2026-08-01T04:00:00.000Z,44.0,-0.6,16.0
2026-08-01T04:00:00.000Z,44.0,-0.2,17.0
2026-08-01T04:00:00.000Z,44.4,-1.4,30.0
2026-08-01T04:00:00.000Z,44.4,-1.0,22.0
2026-08-01T04:00:00.000Z,44.4,-0.6,18.0
2026-08-01T04:00:00.000Z,44.4,-0.2,18.0
2026-08-01T04:00:00.000Z,44.8,-1.4,30.0
2026-08-01T04:00:00.000Z,44.8,-1.0,22.0
2026-08-01T04:00:00.000Z,44.8,-0.6,20.0
2026-08-01T04:00:00.000Z,44.8,-0.2,17.0
2026-08-01T04:00:00.000Z,45.2,-1.4,31.0
2026-08-01T04:00:00.000Z,45.2,-1.0,24.0
2026-08-01T04:00:00.000Z,45.2,-0.6,18.0
2026-08-01T04:00:00.000Z,45.2,-0.2,16.0
2026-08-01T05:00:00.000Z,43.6,-1.4,18.0
2026-08-01T05:00:00.000Z,43.6,-1.0,17.0
2026-08-01T05:00:00.000Z,43.6,-0.6,17.0
2026-08-01T05:00:00.000Z,43.6,-0.2,16.0
2026-08-01T05:00:00.000Z,44.0,-1.4,27.0
2026-08-01T05:00:00.000Z,44.0,-1.0,18.0
2026-08-01T05:00:00.000Z,44.0,-0.6,18.0
2026-08-01T05:00:00.000Z,44.0,-0.2,17.0
2026-08-01T05:00:00.000Z,44.4,-1.4,30.0
2026-08-01T05:00:00.000Z,44.4,-1.0,22.0
2026-08-01T05:00:00.000Z,44.4,-0.6,17.0
2026-08-01T05:00:00.000Z,44.4,-0.2,18.0
2026-08-01T05:00:00.000Z,44.8,-1.4,30.0
2026-08-01T05:00:00.000Z,44.8,-1.0,21.0
2026-08-01T05:00:00.000Z,44.8,-0.6,18.0
2026-08-01T05:00:00.000Z,44.8,-0.2,17.0
2026-08-01T05:00:00.000Z,45.2,-1.4,29.0
2026-08-01T05:00:00.000Z,45.2,-1.0,23.0
2026-08-01T05:00:00.000Z,45.2,-0.6,18.0
2026-08-01T05:00:00.000Z,45.2,-0.2,17.0
2026-08-01T06:00:00.000Z,43.6,-1.4,18.0
2026-08-01T06:00:00.000Z,43.6,-1.0,16.0
2026-08-01T06:00:00.000Z,43.6,-0.6,17.0
2026-08-01T06:00:00.000Z,43.6,-0.2,18.0
2026-08-01T06:00:00.000Z,44.0,-1.4,27.0
2026-08-01T06:00:00.000Z,44.0,-1.0,17.0
2026-08-01T06:00:00.000Z,44.0,-0.6,17.0
2026-08-01T06:00:00.000Z,44.0,-0.2,17.0
2026-08-01T06:00:00.000Z,44.4,-1.4,30.0
2026-08-01T06:00:00.000Z,44.4,-1.0,20.0
2026-08-01T06:00:00.000Z,44.4,-0.6,18.0
2026-08-01T06:00:00.000Z,44.4,-0.2,18.0
2026-08-01T06:00:00.000Z,44.8,-1.4,32.0
2026-08-01T06:00:00.000Z,44.8,-1.0,20.0
2026-08-01T06:00:00.000Z,44.8,-0.6,20.0
2026-08-01T06:00:00.000Z,44.8,-0.2,17.0
2026-08-01T06:00:00.000Z,45.2,-1.4,25.0
2026-08-01T06:00:00.000Z,45.2,-1.0,20.0
2026-08-01T06:00:00.000Z,45.2,-0.6,18.0
2026-08-01T06:00:00.000Z,45.2,-0.2,16.0
2026-08-01T07:00:00.000Z,43.6,-1.4,21.0
2026-08-01T07:00:00.000Z,43.6,-1.0,19.0
2026-08-01T07:00:00.000Z,43.6,-0.6,20.0
2026-08-01T07:00:00.000Z,43.6,-0.2,18.0
2026-08-01T07:00:00.000Z,44.0,-1.4,27.0
2026-08-01T07:00:00.000Z,44.0,-1.0,22.0
2026-08-01T07:00:00.000Z,44.0,-0.6,22.0
2026-08-01T07:00:00.000Z,44.0,-0.2,20.0
2026-08-01T07:00:00.000Z,44.4,-1.4,30.0
2026-08-01T07:00:00.000Z,44.4,-1.0,22.0
2026-08-01T07:00:00.000Z,44.4,-0.6,19.0
2026-08-01T07:00:00.000Z,44.4,-0.2,20.0
2026-08-01T07:00:00.000Z,44.8,-1.4,32.0
2026-08-01T07:00:00.000Z,44.8,-1.0,23.0
2026-08-01T07:00:00.000Z,44.8,-0.6,20.0
2026-08-01T07:00:00.000Z,44.8,-0.2,20.0
2026-08-01T07:00:00.000Z,45.2,-1.4,25.0
2026-08-01T07:00:00.000Z,45.2,-1.0,19.0
2026-08-01T07:00:00.000Z,45.2,-0.6,20.0
2026-08-01T07:00:00.000Z,45.2,-0.2,18.0
2026-08-01T08:00:00.000Z,43.6,-1.4,22.0
2026-08-01T08:00:00.000Z,43.6,-1.0,22.0
2026-08-01T08:00:00.000Z,43.6,-0.6,22.0
2026-08-01T08:00:00.000Z,43.6,-0.2,22.0
2026-08-01T08:00:00.000Z,44.0,-1.4,27.0
2026-08-01T08:00:00.000Z,44.0,-1.0,24.0
2026-08-01T08:00:00.000Z,44.0,-0.6,22.0
2026-08-01T08:00:00.000Z,44.0,-0.2,24.0
2026-08-01T08:00:00.000Z,44.4,-1.4,30.0
2026-08-01T08:00:00.000Z,44.4,-1.0,24.0
2026-08-01T08:00:00.000Z,44.4,-0.6,22.0
2026-08-01T08:00:00.000Z,44.4,-0.2,23.0
2026-08-01T08:00:00.000Z,44.8,-1.4,32.0
2026-08-01T08:00:00.000Z,44.8,-1.0,26.0
2026-08-01T08:00:00.000Z,44.8,-0.6,24.0
2026-08-01T08:00:00.000Z,44.8,-0.2,22.0
2026-08-01T08:00:00.000Z,45.2,-1.4,26.0
2026-08-01T08:00:00.000Z,45.2,-1.0,22.0
2026-08-01T08:00:00.000Z,45.2,-0.6,22.0
2026-08-01T08:00:00.000Z,45.2,-0.2,20.0
2026-08-01T09:00:00.000Z,43.6,-1.4,23.0
2026-08-01T09:00:00.000Z,43.6,-1.0,23.0
2026-08-01T09:00:00.000Z,43.6,-0.6,22.0
2026-08-01T09:00:00.000Z,43.6,-0.2,23.0
2026-08-01T09:00:00.000Z,44.0,-1.4,28.0
2026-08-01T09:00:00.000Z,44.0,-1.0,25.0
2026-08-01T09:00:00.000Z,44.0,-0.6,25.0
2026-08-01T09:00:00.000Z,44.0,-0.2,25.0
2026-08-01T09:00:00.000Z,44.4,-1.4,31.0
2026-08-01T09:00:00.000Z,44.4,-1.0,27.0
2026-08-01T09:00:00.000Z,44.4,-0.6,24.0
2026-08-01T09:00:00.000Z,44.4,-0.2,24.0
2026-08-01T09:00:00.000Z,44.8,-1.4,32.0
2026-08-01T09:00:00.000Z,44.8,-1.0,27.0
2026-08-01T09:00:00.000Z,44.8,-0.6,27.0
2026-08-01T09:00:00.000Z,44.8,-0.2,27.0
2026-08-01T09:00:00.000Z,45.2,-1.4,27.0
2026-08-01T09:00:00.000Z,45.2,-1.0,24.0
2026-08-01T09:00:00.000Z,45.2,-0.6,23.0
2026-08-01T09:00:00.000Z,45.2,-0.2,23.0
2026-08-01T10:00:00.000Z,43.6,-1.4,25.0
2026-08-01T10:00:00.000Z,43.6,-1.0,24.0
2026-08-01T10:00:00.000Z,43.6,-0.6,24.0
2026-08-01T10:00:00.000Z,43.6,-0.2,24.0
2026-08-01T10:00:00.000Z,44.0,-1.4,30.0
2026-08-01T10:00:00.000Z,44.0,-1.0,26.0
2026-08-01T10:00:00.000Z,44.0,-0.6,26.0
2026-08-01T10:00:00.000Z,44.0,-0.2,26.0
2026-08-01T10:00:00.000Z,44.4,-1.4,31.0
2026-08-01T10:00:00.000Z,44.4,-1.0,28.0
2026-08-01T10:00:00.000Z,44.4,-0.6,27.0
2026-08-01T10:00:00.000Z,44.4,-0.2,27.0
2026-08-01T10:00:00.000Z,44.8,-1.4,32.0
2026-08-01T10:00:00.000Z,44.8,-1.0,28.0
2026-08-01T10:00:00.000Z,44.8,-0.6,32.0
2026-08-01T10:00:00.000Z,44.8,-0.2,30.0
2026-08-01T10:00:00.000Z,45.2,-1.4,30.0
2026-08-01T10:00:00.000Z,45.2,-1.0,28.0
2026-08-01T10:00:00.000Z,45.2,-0.6,28.0
2026-08-01T10:00:00.000Z,45.2,-0.2,27.0
2026-08-01T11:00:00.000Z,43.6,-1.4,26.0
2026-08-01T11:00:00.000Z,43.6,-1.0,26.0
2026-08-01T11:00:00.000Z,43.6,-0.6,26.0
2026-08-01T11:00:00.000Z,43.6,-0.2,27.0
2026-08-01T11:00:00.000Z,44.0,-1.4,29.0
2026-08-01T11:00:00.000Z,44.0,-1.0,28.0
2026-08-01T11:00:00.000Z,44.0,-0.6,27.0
2026-08-01T11:00:00.000Z,44.0,-0.2,27.0
2026-08-01T11:00:00.000Z,44.4,-1.4,31.0
2026-08-01T11:00:00.000Z,44.4,-1.0,28.0
2026-08-01T11:00:00.000Z,44.4,-0.6,28.0
2026-08-01T11:00:00.000Z,44.4,-0.2,28.0
2026-08-01T11:00:00.000Z,44.8,-1.4,32.0
2026-08-01T11:00:00.000Z,44.8,-1.0,30.0
2026-08-01T11:00:00.000Z,44.8,-0.6,38.0
2026-08-01T11:00:00.000Z,44.8,-0.2,33.0
2026-08-01T11:00:00.000Z,45.2,-1.4,32.0
2026-08-01T11:00:00.000Z,45.2,-1.0,31.0
2026-08-01T11:00:00.000Z,45.2,-0.6,32.0
2026-08-01T11:00:00.000Z,45.2,-0.2,30.0
2026-08-01T12:00:00.000Z,43.6,-1.4,26.0
2026-08-01T12:00:00.000Z,43.6,-1.0,28.0
2026-08-01T12:00:00.000Z,43.6,-0.6,28.0
2026-08-01T12:00:00.000Z,43.6,-0.2,29.0
2026-08-01T12:00:00.000Z,44.0,-1.4,30.0
2026-08-01T12:00:00.000Z,44.0,-1.0,29.0
2026-08-01T12:00:00.000Z,44.0,-0.6,28.0
2026-08-01T12:00:00.000Z,44.0,-0.2,28.0
2026-08-01T12:00:00.000Z,44.4,-1.4,32.0
2026-08-01T12:00:00.000Z,44.4,-1.0,28.0
2026-08-01T12:00:00.000Z,44.4,-0.6,29.0
2026-08-01T12:00:00.000Z,44.4,-0.2,30.0
2026-08-01T12:00:00.000Z,44.8,-1.4,33.0
2026-08-01T12:00:00.000Z,44.8,-1.0,32.0
2026-08-01T12:00:00.000Z,44.8,-0.6,40.0
2026-08-01T12:00:00.000Z,44.8,-0.2,34.0
2026-08-01T12:00:00.000Z,45.2,-1.4,35.0
2026-08-01T12:00:00.000Z,45.2,-1.0,33.0
2026-08-01T12:00:00.000Z,45.2,-0.6,33.0
2026-08-01T12:00:00.000Z,45.2,-0.2,31.0
2026-08-01T13:00:00.000Z,43.6,-1.4,28.0
2026-08-01T13:00:00.000Z,43.6,-1.0,29.0
2026-08-01T13:00:00.000Z,43.6,-0.6,29.0
2026-08-01T13:00:00.000Z,43.6,-0.2,30.0
2026-08-01T13:00:00.000Z,44.0,-1.4,30.0
2026-08-01T13:00:00.000Z,44.0,-1.0,29.0
2026-08-01T13:00:00.000Z,44.0,-0.6,28.0
2026-08-01T13:00:00.000Z,44.0,-0.2,28.0
2026-08-01T13:00:00.000Z,44.4,-1.4,32.0
2026-08-01T13:00:00.000Z,44.4,-1.0,28.0
2026-08-01T13:00:00.000Z,44.4,-0.6,30.0
2026-08-01T13:00:00.000Z,44.4,-0.2,31.0
2026-08-01T13:00:00.000Z,44.8,-1.4,35.0
2026-08-01T13:00:00.000Z,44.8,-1.0,33.0
2026-08-01T13:00:00.000Z,44.8,-0.6,41.0
2026-08-01T13:00:00.000Z,44.8,-0.2,35.0
2026-08-01T13:00:00.000Z,45.2,-1.4,37.0
2026-08-01T13:00:00.000Z,45.2,-1.0,34.0
2026-08-01T13:00:00.000Z,45.2,-0.6,34.0
2026-08-01T13:00:00.000Z,45.2,-0.2,32.0
2026-08-01T14:00:00.000Z,43.6,-1.4,28.0
2026-08-01T14:00:00.000Z,43.6,-1.0,30.0
2026-08-01T14:00:00.000Z,43.6,-0.6,30.0
2026-08-01T14:00:00.000Z,43.6,-0.2,31.0
2026-08-01T14:00:00.000Z,44.0,-1.4,30.0
2026-08-01T14:00:00.000Z,44.0,-1.0,30.0
2026-08-01T14:00:00.000Z,44.0,-0.6,30.0
2026-08-01T14:00:00.000Z,44.0,-0.2,30.0
2026-08-01T14:00:00.000Z,44.4,-1.4,32.0
2026-08-01T14:00:00.000Z,44.4,-1.0,29.0
2026-08-01T14:00:00.000Z,44.4,-0.6,30.0
2026-08-01T14:00:00.000Z,44.4,-0.2,32.0
2026-08-01T14:00:00.000Z,44.8,-1.4,36.0
2026-08-01T14:00:00.000Z,44.8,-1.0,33.0
2026-08-01T14:00:00.000Z,44.8,-0.6,40.0
2026-08-01T14:00:00.000Z,44.8,-0.2,36.0
2026-08-01T14:00:00.000Z,45.2,-1.4,39.0
2026-08-01T14:00:00.000Z,45.2,-1.0,35.0
2026-08-01T14:00:00.000Z,45.2,-0.6,35.0
2026-08-01T14:00:00.000Z,45.2,-0.2,34.0
2026-08-01T15:00:00.000Z,43.6,-1.4,28.0
2026-08-01T15:00:00.000Z,43.6,-1.0,30.0
2026-08-01T15:00:00.000Z,43.6,-0.6,31.0
2026-08-01T15:00:00.000Z,43.6,-0.2,31.0
2026-08-01T15:00:00.000Z,44.0,-1.4,30.0
2026-08-01T15:00:00.000Z,44.0,-1.0,30.0
2026-08-01T15:00:00.000Z,44.0,-0.6,30.0
2026-08-01T15:00:00.000Z,44.0,-0.2,31.0
2026-08-01T15:00:00.000Z,44.4,-1.4,33.0
2026-08-01T15:00:00.000Z,44.4,-1.0,29.0
2026-08-01T15:00:00.000Z,44.4,-0.6,33.0
2026-08-01T15:00:00.000Z,44.4,-0.2,32.0
2026-08-01T15:00:00.000Z,44.8,-1.4,37.0
2026-08-01T15:00:00.000Z,44.8,-1.0,32.0
2026-08-01T15:00:00.000Z,44.8,-0.6,39.0
2026-08-01T15:00:00.000Z,44.8,-0.2,35.0
2026-08-01T15:00:00.000Z,45.2,-1.4,39.0
2026-08-01T15:00:00.000Z,45.2,-1.0,36.0
2026-08-01T15:00:00.000Z,45.2,-0.6,36.0
2026-08-01T15:00:00.000Z,45.2,-0.2,35.0
2026-08-01T16:00:00.000Z,43.6,-1.4,28.0
2026-08-01T16:00:00.000Z,43.6,-1.0,31.0
2026-08-01T16:00:00.000Z,43.6,-0.6,31.0
2026-08-01T16:00:00.000Z,43.6,-0.2,32.0
2026-08-01T16:00:00.000Z,44.0,-1.4,30.0
2026-08-01T16:00:00.000Z,44.0,-1.0,30.0
2026-08-01T16:00:00.000Z,44.0,-0.6,31.0
2026-08-01T16:00:00.000Z,44.0,-0.2,31.0
2026-08-01T16:00:00.000Z,44.4,-1.4,35.0
2026-08-01T16:00:00.000Z,44.4,-1.0,32.0
2026-08-01T16:00:00.000Z,44.4,-0.6,34.0
2026-08-01T16:00:00.000Z,44.4,-0.2,33.0
2026-08-01T16:00:00.000Z,44.8,-1.4,38.0
2026-08-01T16:00:00.000Z,44.8,-1.0,34.0
2026-08-01T16:00:00.000Z,44.8,-0.6,37.0
2026-08-01T16:00:00.000Z,44.8,-0.2,35.0
2026-08-01T16:00:00.000Z,45.2,-1.4,38.0
2026-08-01T16:00:00.000Z,45.2,-1.0,37.0
2026-08-01T16:00:00.000Z,45.2,-0.6,36.0
2026-08-01T16:00:00.000Z,45.2,-0.2,35.0
2026-08-01T17:00:00.000Z,43.6,-1.4,27.0
2026-08-01T17:00:00.000Z,43.6,-1.0,31.0
2026-08-01T17:00:00.000Z,43.6,-0.6,31.0
2026-08-01T17:00:00.000Z,43.6,-0.2,32.0
2026-08-01T17:00:00.000Z,44.0,-1.4,31.0
2026-08-01T17:00:00.000Z,44.0,-1.0,30.0
2026-08-01T17:00:00.000Z,44.0,-0.6,30.0
2026-08-01T17:00:00.000Z,44.0,-0.2,32.0
2026-08-01T17:00:00.000Z,44.4,-1.4,37.0
2026-08-01T17:00:00.000Z,44.4,-1.0,36.0
2026-08-01T17:00:00.000Z,44.4,-0.6,35.0
2026-08-01T17:00:00.000Z,44.4,-0.2,33.0
2026-08-01T17:00:00.000Z,44.8,-1.4,38.0
2026-08-01T17:00:00.000Z,44.8,-1.0,34.0
2026-08-01T17:00:00.000Z,44.8,-0.6,37.0
2026-08-01T17:00:00.000Z,44.8,-0.2,36.0
2026-08-01T17:00:00.000Z,45.2,-1.4,38.0
2026-08-01T17:00:00.000Z,45.2,-1.0,37.0
2026-08-01T17:00:00.000Z,45.2,-0.6,36.0
2026-08-01T17:00:00.000Z,45.2,-0.2,36.0
2026-08-01T18:00:00.000Z,43.6,-1.4,28.0
2026-08-01T18:00:00.000Z,43.6,-1.0,28.0
2026-08-01T18:00:00.000Z,43.6,-0.6,31.0
2026-08-01T18:00:00.000Z,43.6,-0.2,31.0
2026-08-01T18:00:00.000Z,44.0,-1.4,32.0
2026-08-01T18:00:00.000Z,44.0,-1.0,30.0
2026-08-01T18:00:00.000Z,44.0,-0.6,30.0
2026-08-01T18:00:00.000Z,44.0,-0.2,33.0
2026-08-01T18:00:00.000Z,44.4,-1.4,38.0
2026-08-01T18:00:00.000Z,44.4,-1.0,34.0
2026-08-01T18:00:00.000Z,44.4,-0.6,35.0
2026-08-01T18:00:00.000Z,44.4,-0.2,32.0
2026-08-01T18:00:00.000Z,44.8,-1.4,38.0
2026-08-01T18:00:00.000Z,44.8,-1.0,33.0
2026-08-01T18:00:00.000Z,44.8,-0.6,37.0
2026-08-01T18:00:00.000Z,44.8,-0.2,34.0
2026-08-01T18:00:00.000Z,45.2,-1.4,38.0
2026-08-01T18:00:00.000Z,45.2,-1.0,36.0
2026-08-01T18:00:00.000Z,45.2,-0.6,36.0
2026-08-01T18:00:00.000Z,45.2,-0.2,35.0
2026-08-01T19:00:00.000Z,43.6,-1.4,26.0
2026-08-01T19:00:00.000Z,43.6,-1.0,25.0
2026-08-01T19:00:00.000Z,43.6,-0.6,28.0
2026-08-01T19:00:00.000Z,43.6,-0.2,29.0
2026-08-01T19:00:00.000Z,44.0,-1.4,35.0
2026-08-01T19:00:00.000Z,44.0,-1.0,29.0
2026-08-01T19:00:00.000Z,44.0,-0.6,30.0
2026-08-01T19:00:00.000Z,44.0,-0.2,30.0
2026-08-01T19:00:00.000Z,44.4,-1.4,38.0
2026-08-01T19:00:00.000Z,44.4,-1.0,31.0
2026-08-01T19:00:00.000Z,44.4,-0.6,32.0
2026-08-01T19:00:00.000Z,44.4,-0.2,31.0
2026-08-01T19:00:00.000Z,44.8,-1.4,37.0
2026-08-01T19:00:00.000Z,44.8,-1.0,30.0
2026-08-01T19:00:00.000Z,44.8,-0.6,32.0
2026-08-01T19:00:00.000Z,44.8,-0.2,32.0
2026-08-01T19:00:00.000Z,45.2,-1.4,38.0
2026-08-01T19:00:00.000Z,45.2,-1.0,34.0
2026-08-01T19:00:00.000Z,45.2,-0.6,32.0
2026-08-01T19:00:00.000Z,45.2,-0.2,32.0
2026-08-01T20:00:00.000Z,43.6,-1.4,28.0
2026-08-01T20:00:00.000Z,43.6,-1.0,24.0
2026-08-01T20:00:00.000Z,43.6,-0.6,26.0
2026-08-01T20:00:00.000Z,43.6,-0.2,27.0
2026-08-01T20:00:00.000Z,44.0,-1.4,36.0
2026-08-01T20:00:00.000Z,44.0,-1.0,29.0
2026-08-01T20:00:00.000Z,44.0,-0.6,27.0
2026-08-01T20:00:00.000Z,44.0,-0.2,27.0
2026-08-01T20:00:00.000Z,44.4,-1.4,36.0
2026-08-01T20:00:00.000Z,44.4,-1.0,30.0
2026-08-01T20:00:00.000Z,44.4,-0.6,30.0
2026-08-01T20:00:00.000Z,44.4,-0.2,29.0
2026-08-01T20:00:00.000Z,44.8,-1.4,37.0
2026-08-01T20:00:00.000Z,44.8,-1.0,32.0
2026-08-01T20:00:00.000Z,44.8,-0.6,31.0
2026-08-01T20:00:00.000Z,44.8,-0.2,30.0
2026-08-01T20:00:00.000Z,45.2,-1.4,37.0
2026-08-01T20:00:00.000Z,45.2,-1.0,32.0
2026-08-01T20:00:00.000Z,45.2,-0.6,30.0
2026-08-01T20:00:00.000Z,45.2,-0.2,33.0
2026-08-01T21:00:00.000Z,43.6,-1.4,29.0
2026-08-01T21:00:00.000Z,43.6,-1.0,24.0
2026-08-01T21:00:00.000Z,43.6,-0.6,23.0
2026-08-01T21:00:00.000Z,43.6,-0.2,24.0
2026-08-01T21:00:00.000Z,44.0,-1.4,38.0
2026-08-01T21:00:00.000Z,44.0,-1.0,28.0
2026-08-01T21:00:00.000Z,44.0,-0.6,24.0
2026-08-01T21:00:00.000Z,44.0,-0.2,26.0
2026-08-01T21:00:00.000Z,44.4,-1.4,36.0
2026-08-01T21:00:00.000Z,44.4,-1.0,29.0
2026-08-01T21:00:00.000Z,44.4,-0.6,28.0
2026-08-01T21:00:00.000Z,44.4,-0.2,26.0
2026-08-01T21:00:00.000Z,44.8,-1.4,36.0
2026-08-01T21:00:00.000Z,44.8,-1.0,30.0
2026-08-01T21:00:00.000Z,44.8,-0.6,27.0
2026-08-01T21:00:00.000Z,44.8,-0.2,28.0
2026-08-01T21:00:00.000Z,45.2,-1.4,36.0
2026-08-01T21:00:00.000Z,45.2,-1.0,30.0
2026-08-01T21:00:00.000Z,45.2,-0.6,28.0
2026-08-01T21:00:00.000Z,45.2,-0.2,28.0
2026-08-01T22:00:00.000Z,43.6,-1.4,28.0
2026-08-01T22:00:00.000Z,43.6,-1.0,23.0
2026-08-01T22:00:00.000Z,43.6,-0.6,22.0
2026-08-01T22:00:00.000Z,43.6,-0.2,23.0
2026-08-01T22:00:00.000Z,44.0,-1.4,35.0
2026-08-01T22:00:00.000Z,44.0,-1.0,27.0
2026-08-01T22:00:00.000Z,44.0,-0.6,23.0
2026-08-01T22:00:00.000Z,44.0,-0.2,24.0
2026-08-01T22:00:00.000Z,44.4,-1.4,35.0
2026-08-01T22:00:00.000Z,44.4,-1.0,28.0
2026-08-01T22:00:00.000Z,44.4,-0.6,26.0
2026-08-01T22:00:00.000Z,44.4,-0.2,25.0
2026-08-01T22:00:00.000Z,44.8,-1.4,35.0
2026-08-01T22:00:00.000Z,44.8,-1.0,28.0
2026-08-01T22:00:00.000Z,44.8,-0.6,24.0
2026-08-01T22:00:00.000Z,44.8,-0.2,23.0
2026-08-01T22:00:00.000Z,45.2,-1.4,34.0
2026-08-01T22:00:00.000Z,45.2,-1.0,27.0
2026-08-01T22:00:00.000Z,45.2,-0.6,25.0
2026-08-01T22:00:00.000Z,45.2,-0.2,26.0
2026-08-01T23:00:00.000Z,43.6,-1.4,29.0
2026-08-01T23:00:00.000Z,43.6,-1.0,22.0
2026-08-01T23:00:00.000Z,43.6,-0.6,19.0
2026-08-01T23:00:00.000Z,43.6,-0.2,20.0
2026-08-01T23:00:00.000Z,44.0,-1.4,34.0
2026-08-01T23:00:00.000Z,44.0,-1.0,25.0
2026-08-01T23:00:00.000Z,44.0,-0.6,20.0
2026-08-01T23:00:00.000Z,44.0,-0.2,23.0
2026-08-01T23:00:00.000Z,44.4,-1.4,34.0
2026-08-01T23:00:00.000Z,44.4,-1.0,26.0
2026-08-01T23:00:00.000Z,44.4,-0.6,24.0
2026-08-01T23:00:00.000Z,44.4,-0.2,23.0
2026-08-01T23:00:00.000Z,44.8,-1.4,34.0
2026-08-01T23:00:00.000Z,44.8,-1.0,25.0
2026-08-01T23:00:00.000Z,44.8,-0.6,21.0
2026-08-01T23:00:00.000Z,44.8,-0.2,22.0
2026-08-01T23:00:00.000Z,45.2,-1.4,32.0
2026-08-01T23:00:00.000Z,45.2,-1.0,25.0
2026-08-01T23:00:00.000Z,45.2,-0.6,22.0
2026-08-01T23:00:00.000Z,45.2,-0.2,24.0
2026-08-02T00:00:00.000Z,43.6,-1.4,28.0
2026-08-02T00:00:00.000Z,43.6,-1.0,21.0
2026-08-02T00:00:00.000Z,43.6,-0.6,18.0
2026-08-02T00:00:00.000Z,43.6,-0.2,18.0
2026-08-02T00:00:00.000Z,44.0,-1.4,32.0
2026-08-02T00:00:00.000Z,44.0,-1.0,24.0
2026-08-02T00:00:00.000Z,44.0,-0.6,20.0
2026-08-02T00:00:00.000Z,44.0,-0.2,21.0
2026-08-02T00:00:00.000Z,44.4,-1.4,32.0
2026-08-02T00:00:00.000Z,44.4,-1.0,24.0
2026-08-02T00:00:00.000Z,44.4,-0.6,23.0
2026-08-02T00:00:00.000Z,44.4,-0.2,21.0
2026-08-02T00:00:00.000Z,44.8,-1.4,32.0
2026-08-02T00:00:00.000Z,44.8,-1.0,24.0
2026-08-02T00:00:00.000Z,44.8,-0.6,18.0
2026-08-02T00:00:00.000Z,44.8,-0.2,20.0
2026-08-02T00:00:00.000Z,45.2,-1.4,31.0
2026-08-02T00:00:00.000Z,45.2,-1.0,24.0
2026-08-02T00:00:00.000Z,45.2,-0.6,20.0
2026-08-02T00:00:00.000Z,45.2,-0.2,23.0
2026-08-02T01:00:00.000Z,43.6,-1.4,29.0
2026-08-02T01:00:00.000Z,43.6,-1.0,21.0
2026-08-02T01:00:00.000Z,43.6,-0.6,18.0
2026-08-02T01:00:00.000Z,43.6,-0.2,18.0
2026-08-02T01:00:00.000Z,44.0,-1.4,31.0
2026-08-02T01:00:00.000Z,44.0,-1.0,22.0
2026-08-02T01:00:00.000Z,44.0,-0.6,20.0
2026-08-02T01:00:00.000Z,44.0,-0.2,20.0
2026-08-02T01:00:00.000Z,44.4,-1.4,30.0
2026-08-02T01:00:00.000Z,44.4,-1.0,24.0
2026-08-02T01:00:00.000Z,44.4,-0.6,21.0
2026-08-02T01:00:00.000Z,44.4,-0.2,19.0
2026-08-02T01:00:00.000Z,44.8,-1.4,29.0
2026-08-02T01:00:00.000Z,44.8,-1.0,23.0
2026-08-02T01:00:00.000Z,44.8,-0.6,17.0
2026-08-02T01:00:00.000Z,44.8,-0.2,20.0
2026-08-02T01:00:00.000Z,45.2,-1.4,29.0
2026-08-02T01:00:00.000Z,45.2,-1.0,23.0
2026-08-02T01:00:00.000Z,45.2,-0.6,20.0
2026-08-02T01:00:00.000Z,45.2,-0.2,22.0
2026-08-02T02:00:00.000Z,43.6,-1.4,28.0
2026-08-02T02:00:00.000Z,43.6,-1.0,21.0
2026-08-02T02:00:00.000Z,43.6,-0.6,19.0
2026-08-02T02:00:00.000Z,43.6,-0.2,20.0
2026-08-02T02:00:00.000Z,44.0,-1.4,31.0
2026-08-02T02:00:00.000Z,44.0,-1.0,22.0
2026-08-02T02:00:00.000Z,44.0,-0.6,18.0
2026-08-02T02:00:00.000Z,44.0,-0.2,18.0
2026-08-02T02:00:00.000Z,44.4,-1.4,28.0
2026-08-02T02:00:00.000Z,44.4,-1.0,22.0
2026-08-02T02:00:00.000Z,44.4,-0.6,20.0
2026-08-02T02:00:00.000Z,44.4,-0.2,17.0
2026-08-02T02:00:00.000Z,44.8,-1.4,26.0
2026-08-02T02:00:00.000Z,44.8,-1.0,22.0
2026-08-02T02:00:00.000Z,44.8,-0.6,17.0
2026-08-02T02:00:00.000Z,44.8,-0.2,18.0
2026-08-02T02:00:00.000Z,45.2,-1.4,27.0
2026-08-02T02:00:00.000Z,45.2,-1.0,22.0
2026-08-02T02:00:00.000Z,45.2,-0.6,22.0
2026-08-02T02:00:00.000Z,45.2,-0.2,21.0
2026-08-02T03:00:00.000Z,43.6,-1.4,25.0
2026-08-02T03:00:00.000Z,43.6,-1.0,19.0
2026-08-02T03:00:00.000Z,43.6,-0.6,18.0
2026-08-02T03:00:00.000Z,43.6,-0.2,19.0
2026-08-02T03:00:00.000Z,44.0,-1.4,32.0
2026-08-02T03:00:00.000Z,44.0,-1.0,21.0
2026-08-02T03:00:00.000Z,44.0,-0.6,18.0
2026-08-02T03:00:00.000Z,44.0,-0.2,16.0
2026-08-02T03:00:00.000Z,44.4,-1.4,29.0
2026-08-02T03:00:00.000Z,44.4,-1.0,19.0
2026-08-02T03:00:00.000Z,44.4,-0.6,18.0
2026-08-02T03:00:00.000Z,44.4,-0.2,16.0
2026-08-02T03:00:00.000Z,44.8,-1.4,23.0
2026-08-02T03:00:00.000Z,44.8,-1.0,21.0
2026-08-02T03:00:00.000Z,44.8,-0.6,17.0
2026-08-02T03:00:00.000Z,44.8,-0.2,16.0
2026-08-02T03:00:00.000Z,45.2,-1.4,26.0
2026-08-02T03:00:00.000Z,45.2,-1.0,22.0
2026-08-02T03:00:00.000Z,45.2,-0.6,21.0
2026-08-02T03:00:00.000Z,45.2,-0.2,20.0
2026-08-02T04:00:00.000Z,43.6,-1.4,24.0
2026-08-02T04:00:00.000Z,43.6,-1.0,17.0
2026-08-02T04:00:00.000Z,43.6,-0.6,18.0
2026-08-02T04:00:00.000Z,43.6,-0.2,18.0
2026-08-02T04:00:00.000Z,44.0,-1.4,32.0
2026-08-02T04:00:00.000Z,44.0,-1.0,19.0
2026-08-02T04:00:00.000Z,44.0,-0.6,16.0
2026-08-02T04:00:00.000Z,44.0,-0.2,14.0
2026-08-02T04:00:00.000Z,44.4,-1.4,28.0
2026-08-02T04:00:00.000Z,44.4,-1.0,18.0
2026-08-02T04:00:00.000Z,44.4,-0.6,17.0
2026-08-02T04:00:00.000Z,44.4,-0.2,14.0
2026-08-02T04:00:00.000Z,44.8,-1.4,22.0
2026-08-02T04:00:00.000Z,44.8,-1.0,20.0
2026-08-02T04:00:00.000Z,44.8,-0.6,17.0
2026-08-02T04:00:00.000Z,44.8,-0.2,15.0
2026-08-02T04:00:00.000Z,45.2,-1.4,26.0
2026-08-02T04:00:00.000Z,45.2,-1.0,23.0
2026-08-02T04:00:00.000Z,45.2,-0.6,20.0
2026-08-02T04:00:00.000Z,45.2,-0.2,19.0
2026-08-02T05:00:00.000Z,43.6,-1.4,24.0
2026-08-02T05:00:00.000Z,43.6,-1.0,17.0
2026-08-02T05:00:00.000Z,43.6,-0.6,17.0
2026-08-02T05:00:00.000Z,43.6,-0.2,18.0
2026-08-02T05:00:00.000Z,44.0,-1.4,32.0
2026-08-02T05:00:00.000Z,44.0,-1.0,21.0
2026-08-02T05:00:00.000Z,44.0,-0.6,16.0
2026-08-02T05:00:00.000Z,44.0,-0.2,14.0
2026-08-02T05:00:00.000Z,44.4,-1.4,26.0
2026-08-02T05:00:00.000Z,44.4,-1.0,16.0
2026-08-02T05:00:00.000Z,44.4,-0.6,16.0
2026-08-02T05:00:00.000Z,44.4,-0.2,14.0
2026-08-02T05:00:00.000Z,44.8,-1.4,22.0
2026-08-02T05:00:00.000Z,44.8,-1.0,18.0
2026-08-02T05:00:00.000Z,44.8,-0.6,17.0
2026-08-02T05:00:00.000Z,44.8,-0.2,14.0
2026-08-02T05:00:00.000Z,45.2,-1.4,26.0
2026-08-02T05:00:00.000Z,45.2,-1.0,20.0
2026-08-02T05:00:00.000Z,45.2,-0.6,18.0
2026-08-02T05:00:00.000Z,45.2,-0.2,16.0
2026-08-02T06:00:00.000Z,43.6,-1.4,23.0
2026-08-02T06:00:00.000Z,43.6,-1.0,17.0
2026-08-02T06:00:00.000Z,43.6,-0.6,16.0
2026-08-02T06:00:00.000Z,43.6,-0.2,17.0
2026-08-02T06:00:00.000Z,44.0,-1.4,32.0
2026-08-02T06:00:00.000Z,44.0,-1.0,22.0
2026-08-02T06:00:00.000Z,44.0,-0.6,20.0
2026-08-02T06:00:00.000Z,44.0,-0.2,16.0
2026-08-02T06:00:00.000Z,44.4,-1.4,25.0
2026-08-02T06:00:00.000Z,44.4,-1.0,14.0
2026-08-02T06:00:00.000Z,44.4,-0.6,13.0
2026-08-02T06:00:00.000Z,44.4,-0.2,13.0
2026-08-02T06:00:00.000Z,44.8,-1.4,20.0
2026-08-02T06:00:00.000Z,44.8,-1.0,17.0
2026-08-02T06:00:00.000Z,44.8,-0.6,16.0
2026-08-02T06:00:00.000Z,44.8,-0.2,14.0
2026-08-02T06:00:00.000Z,45.2,-1.4,24.0
2026-08-02T06:00:00.000Z,45.2,-1.0,19.0
2026-08-02T06:00:00.000Z,45.2,-0.6,16.0
2026-08-02T06:00:00.000Z,45.2,-0.2,14.0
2026-08-02T07:00:00.000Z,43.6,-1.4,25.0
2026-08-02T07:00:00.000Z,43.6,-1.0,21.0
2026-08-02T07:00:00.000Z,43.6,-0.6,20.0
2026-08-02T07:00:00.000Z,43.6,-0.2,20.0
2026-08-02T07:00:00.000Z,44.0,-1.4,34.0
2026-08-02T07:00:00.000Z,44.0,-1.0,26.0
2026-08-02T07:00:00.000Z,44.0,-0.6,22.0
2026-08-02T07:00:00.000Z,44.0,-0.2,21.0
2026-08-02T07:00:00.000Z,44.4,-1.4,23.0
2026-08-02T07:00:00.000Z,44.4,-1.0,22.0
2026-08-02T07:00:00.000Z,44.4,-0.6,18.0
2026-08-02T07:00:00.000Z,44.4,-0.2,16.0
2026-08-02T07:00:00.000Z,44.8,-1.4,21.0
2026-08-02T07:00:00.000Z,44.8,-1.0,17.0
2026-08-02T07:00:00.000Z,44.8,-0.6,18.0
2026-08-02T07:00:00.000Z,44.8,-0.2,16.0
2026-08-02T07:00:00.000Z,45.2,-1.4,23.0
2026-08-02T07:00:00.000Z,45.2,-1.0,18.0
2026-08-02T07:00:00.000Z,45.2,-0.6,18.0
2026-08-02T07:00:00.000Z,45.2,-0.2,17.0
2026-08-02T08:00:00.000Z,43.6,-1.4,29.0
2026-08-02T08:00:00.000Z,43.6,-1.0,25.0
2026-08-02T08:00:00.000Z,43.6,-0.6,24.0
2026-08-02T08:00:00.000Z,43.6,-0.2,24.0
2026-08-02T08:00:00.000Z,44.0,-1.4,34.0
2026-08-02T08:00:00.000Z,44.0,-1.0,26.0
2026-08-02T08:00:00.000Z,44.0,-0.6,24.0
2026-08-02T08:00:00.000Z,44.0,-0.2,24.0
2026-08-02T08:00:00.000Z,44.4,-1.4,26.0
2026-08-02T08:00:00.000Z,44.4,-1.0,25.0
2026-08-02T08:00:00.000Z,44.4,-0.6,25.0
2026-08-02T08:00:00.000Z,44.4,-0.2,21.0
2026-08-02T08:00:00.000Z,44.8,-1.4,24.0
2026-08-02T08:00:00.000Z,44.8,-1.0,21.0
2026-08-02T08:00:00.000Z,44.8,-0.6,24.0
2026-08-02T08:00:00.000Z,44.8,-0.2,20.0
2026-08-02T08:00:00.000Z,45.2,-1.4,24.0
2026-08-02T08:00:00.000Z,45.2,-1.0,22.0
2026-08-02T08:00:00.000Z,45.2,-0.6,20.0
2026-08-02T08:00:00.000Z,45.2,-0.2,21.0
2026-08-02T09:00:00.000Z,43.6,-1.4,32.0
2026-08-02T09:00:00.000Z,43.6,-1.0,28.0
2026-08-02T09:00:00.000Z,43.6,-0.6,26.0
2026-08-02T09:00:00.000Z,43.6,-0.2,24.0
2026-08-02T09:00:00.000Z,44.0,-1.4,33.0
2026-08-02T09:00:00.000Z,44.0,-1.0,29.0
2026-08-02T09:00:00.000Z,44.0,-0.6,27.0
2026-08-02T09:00:00.000Z,44.0,-0.2,27.0
2026-08-02T09:00:00.000Z,44.4,-1.4,30.0
2026-08-02T09:00:00.000Z,44.4,-1.0,29.0
2026-08-02T09:00:00.000Z,44.4,-0.6,28.0
2026-08-02T09:00:00.000Z,44.4,-0.2,24.0
2026-08-02T09:00:00.000Z,44.8,-1.4,29.0
2026-08-02T09:00:00.000Z,44.8,-1.0,28.0
2026-08-02T09:00:00.000Z,44.8,-0.6,29.0
2026-08-02T09:00:00.000Z,44.8,-0.2,26.0
2026-08-02T09:00:00.000Z,45.2,-1.4,26.0
2026-08-02T09:00:00.000Z,45.2,-1.0,24.0
2026-08-02T09:00:00.000Z,45.2,-0.6,25.0
2026-08-02T09:00:00.000Z,45.2,-0.2,25.0
2026-08-02T10:00:00.000Z,43.6,-1.4,33.0
2026-08-02T10:00:00.000Z,43.6,-1.0,29.0
2026-08-02T10:00:00.000Z,43.6,-0.6,29.0
2026-08-02T10:00:00.000Z,43.6,-0.2,28.0
2026-08-02T10:00:00.000Z,44.0,-1.4,33.0
2026-08-02T10:00:00.000Z,44.0,-1.0,31.0
2026-08-02T10:00:00.000Z,44.0,-0.6,31.0
2026-08-02T10:00:00.000Z,44.0,-0.2,32.0
2026-08-02T10:00:00.000Z,44.4,-1.4,33.0
2026-08-02T10:00:00.000Z,44.4,-1.0,33.0
2026-08-02T10:00:00.000Z,44.4,-0.6,33.0
2026-08-02T10:00:00.000Z,44.4,-0.2,32.0
2026-08-02T10:00:00.000Z,44.8,-1.4,32.0
2026-08-02T10:00:00.000Z,44.8,-1.0,32.0
2026-08-02T10:00:00.000Z,44.8,-0.6,39.0
2026-08-02T10:00:00.000Z,44.8,-0.2,32.0
2026-08-02T10:00:00.000Z,45.2,-1.4,28.0
2026-08-02T10:00:00.000Z,45.2,-1.0,30.0
2026-08-02T10:00:00.000Z,45.2,-0.6,30.0
2026-08-02T10:00:00.000Z,45.2,-0.2,29.0
2026-08-02T11:00:00.000Z,43.6,-1.4,33.0
2026-08-02T11:00:00.000Z,43.6,-1.0,33.0
2026-08-02T11:00:00.000Z,43.6,-0.6,32.0
2026-08-02T11:00:00.000Z,43.6,-0.2,32.0
2026-08-02T11:00:00.000Z,44.0,-1.4,34.0
2026-08-02T11:00:00.000Z,44.0,-1.0,32.0
2026-08-02T11:00:00.000Z,44.0,-0.6,33.0
2026-08-02T11:00:00.000Z,44.0,-0.2,34.0
2026-08-02T11:00:00.000Z,44.4,-1.4,34.0
2026-08-02T11:00:00.000Z,44.4,-1.0,36.0
2026-08-02T11:00:00.000Z,44.4,-0.6,35.0
2026-08-02T11:00:00.000Z,44.4,-0.2,35.0
2026-08-02T11:00:00.000Z,44.8,-1.4,32.0
2026-08-02T11:00:00.000Z,44.8,-1.0,37.0
2026-08-02T11:00:00.000Z,44.8,-0.6,41.0
2026-08-02T11:00:00.000Z,44.8,-0.2,36.0
2026-08-02T11:00:00.000Z,45.2,-1.4,32.0
2026-08-02T11:00:00.000Z,45.2,-1.0,34.0
2026-08-02T11:00:00.000Z,45.2,-0.6,35.0
2026-08-02T11:00:00.000Z,45.2,-0.2,33.0
2026-08-02T12:00:00.000Z,43.6,-1.4,32.0
2026-08-02T12:00:00.000Z,43.6,-1.0,35.0
2026-08-02T12:00:00.000Z,43.6,-0.6,35.0
2026-08-02T12:00:00.000Z,43.6,-0.2,34.0
2026-08-02T12:00:00.000Z,44.0,-1.4,34.0
2026-08-02T12:00:00.000Z,44.0,-1.0,32.0
2026-08-02T12:00:00.000Z,44.0,-0.6,34.0
2026-08-02T12:00:00.000Z,44.0,-0.2,36.0
2026-08-02T12:00:00.000Z,44.4,-1.4,34.0
2026-08-02T12:00:00.000Z,44.4,-1.0,36.0
2026-08-02T12:00:00.000Z,44.4,-0.6,37.0
2026-08-02T12:00:00.000Z,44.4,-0.2,37.0
2026-08-02T12:00:00.000Z,44.8,-1.4,33.0
2026-08-02T12:00:00.000Z,44.8,-1.0,40.0
2026-08-02T12:00:00.000Z,44.8,-0.6,43.0
2026-08-02T12:00:00.000Z,44.8,-0.2,37.0
2026-08-02T12:00:00.000Z,45.2,-1.4,34.0
2026-08-02T12:00:00.000Z,45.2,-1.0,37.0
2026-08-02T12:00:00.000Z,45.2,-0.6,38.0
2026-08-02T12:00:00.000Z,45.2,-0.2,36.0
2026-08-02T13:00:00.000Z,43.6,-1.4,32.0
2026-08-02T13:00:00.000Z,43.6,-1.0,36.0
2026-08-02T13:00:00.000Z,43.6,-0.6,36.0
2026-08-02T13:00:00.000Z,43.6,-0.2,36.0
2026-08-02T13:00:00.000Z,44.0,-1.4,34.0
2026-08-02T13:00:00.000Z,44.0,-1.0,33.0
2026-08-02T13:00:00.000Z,44.0,-0.6,34.0
2026-08-02T13:00:00.000Z,44.0,-0.2,36.0
2026-08-02T13:00:00.000Z,44.4,-1.4,34.0
2026-08-02T13:00:00.000Z,44.4,-1.0,37.0
2026-08-02T13:00:00.000Z,44.4,-0.6,38.0
2026-08-02T13:00:00.000Z,44.4,-0.2,38.0
2026-08-02T13:00:00.000Z,44.8,-1.4,35.0
2026-08-02T13:00:00.000Z,44.8,-1.0,42.0
2026-08-02T13:00:00.000Z,44.8,-0.6,42.0
2026-08-02T13:00:00.000Z,44.8,-0.2,38.0
2026-08-02T13:00:00.000Z,45.2,-1.4,35.0
2026-08-02T13:00:00.000Z,45.2,-1.0,38.0
2026-08-02T13:00:00.000Z,45.2,-0.6,39.0
2026-08-02T13:00:00.000Z,45.2,-0.2,37.0
2026-08-02T14:00:00.000Z,43.6,-1.4,33.0
2026-08-02T14:00:00.000Z,43.6,-1.0,36.0
2026-08-02T14:00:00.000Z,43.6,-0.6,36.0
2026-08-02T14:00:00.000Z,43.6,-0.2,37.0
2026-08-02T14:00:00.000Z,44.0,-1.4,34.0
2026-08-02T14:00:00.000Z,44.0,-1.0,33.0
2026-08-02T14:00:00.000Z,44.0,-0.6,35.0
2026-08-02T14:00:00.000Z,44.0,-0.2,36.0
2026-08-02T14:00:00.000Z,44.4,-1.4,34.0
2026-08-02T14:00:00.000Z,44.4,-1.0,36.0
2026-08-02T14:00:00.000Z,44.4,-0.6,38.0
2026-08-02T14:00:00.000Z,44.4,-0.2,39.0
2026-08-02T14:00:00.000Z,44.8,-1.4,36.0
2026-08-02T14:00:00.000Z,44.8,-1.0,41.0
2026-08-02T14:00:00.000Z,44.8,-0.6,43.0
2026-08-02T14:00:00.000Z,44.8,-0.2,38.0
2026-08-02T14:00:00.000Z,45.2,-1.4,36.0
2026-08-02T14:00:00.000Z,45.2,-1.0,38.0
2026-08-02T14:00:00.000Z,45.2,-0.6,41.0
2026-08-02T14:00:00.000Z,45.2,-0.2,38.0
2026-08-02T15:00:00.000Z,43.6,-1.4,33.0
2026-08-02T15:00:00.000Z,43.6,-1.0,35.0
2026-08-02T15:00:00.000Z,43.6,-0.6,37.0
2026-08-02T15:00:00.000Z,43.6,-0.2,38.0
2026-08-02T15:00:00.000Z,44.0,-1.4,33.0
2026-08-02T15:00:00.000Z,44.0,-1.0,34.0
2026-08-02T15:00:00.000Z,44.0,-0.6,36.0
2026-08-02T15:00:00.000Z,44.0,-0.2,37.0
2026-08-02T15:00:00.000Z,44.4,-1.4,36.0
2026-08-02T15:00:00.000Z,44.4,-1.0,36.0
2026-08-02T15:00:00.000Z,44.4,-0.6,38.0
2026-08-02T15:00:00.000Z,44.4,-0.2,40.0
2026-08-02T15:00:00.000Z,44.8,-1.4,37.0
2026-08-02T15:00:00.000Z,44.8,-1.0,41.0
2026-08-02T15:00:00.000Z,44.8,-0.6,42.0
2026-08-02T15:00:00.000Z,44.8,-0.2,39.0
2026-08-02T15:00:00.000Z,45.2,-1.4,37.0
2026-08-02T15:00:00.000Z,45.2,-1.0,39.0
2026-08-02T15:00:00.000Z,45.2,-0.6,41.0
2026-08-02T15:00:00.000Z,45.2,-0.2,38.0
2026-08-02T16:00:00.000Z,43.6,-1.4,32.0
2026-08-02T16:00:00.000Z,43.6,-1.0,33.0
2026-08-02T16:00:00.000Z,43.6,-0.6,38.0
2026-08-02T16:00:00.000Z,43.6,-0.2,38.0
2026-08-02T16:00:00.000Z,44.0,-1.4,34.0
2026-08-02T16:00:00.000Z,44.0,-1.0,33.0
2026-08-02T16:00:00.000Z,44.0,-0.6,36.0
2026-08-02T16:00:00.000Z,44.0,-0.2,38.0
2026-08-02T16:00:00.000Z,44.4,-1.4,36.0
2026-08-02T16:00:00.000Z,44.4,-1.0,36.0
2026-08-02T16:00:00.000Z,44.4,-0.6,39.0
2026-08-02T16:00:00.000Z,44.4,-0.2,40.0
2026-08-02T16:00:00.000Z,44.8,-1.4,36.0
2026-08-02T16:00:00.000Z,44.8,-1.0,39.0
2026-08-02T16:00:00.000Z,44.8,-0.6,43.0
2026-08-02T16:00:00.000Z,44.8,-0.2,39.0
2026-08-02T16:00:00.000Z,45.2,-1.4,37.0
2026-08-02T16:00:00.000Z,45.2,-1.0,39.0
2026-08-02T16:00:00.000Z,45.2,-0.6,39.0
2026-08-02T16:00:00.000Z,45.2,-0.2,39.0
2026-08-02T17:00:00.000Z,43.6,-1.4,32.0
2026-08-02T17:00:00.000Z,43.6,-1.0,32.0
2026-08-02T17:00:00.000Z,43.6,-0.6,37.0
2026-08-02T17:00:00.000Z,43.6,-0.2,38.0
2026-08-02T17:00:00.000Z,44.0,-1.4,34.0
2026-08-02T17:00:00.000Z,44.0,-1.0,33.0
2026-08-02T17:00:00.000Z,44.0,-0.6,36.0
2026-08-02T17:00:00.000Z,44.0,-0.2,38.0
2026-08-02T17:00:00.000Z,44.4,-1.4,36.0
2026-08-02T17:00:00.000Z,44.4,-1.0,36.0
2026-08-02T17:00:00.000Z,44.4,-0.6,39.0
2026-08-02T17:00:00.000Z,44.4,-0.2,40.0
2026-08-02T17:00:00.000Z,44.8,-1.4,36.0
2026-08-02T17:00:00.000Z,44.8,-1.0,37.0
2026-08-02T17:00:00.000Z,44.8,-0.6,44.0
2026-08-02T17:00:00.000Z,44.8,-0.2,40.0
2026-08-02T17:00:00.000Z,45.2,-1.4,38.0
2026-08-02T17:00:00.000Z,45.2,-1.0,39.0
2026-08-02T17:00:00.000Z,45.2,-0.6,39.0
2026-08-02T17:00:00.000Z,45.2,-0.2,39.0
2026-08-02T18:00:00.000Z,43.6,-1.4,33.0
2026-08-02T18:00:00.000Z,43.6,-1.0,31.0
2026-08-02T18:00:00.000Z,43.6,-0.6,33.0
2026-08-02T18:00:00.000Z,43.6,-0.2,37.0
2026-08-02T18:00:00.000Z,44.0,-1.4,34.0
2026-08-02T18:00:00.000Z,44.0,-1.0,33.0
2026-08-02T18:00:00.000Z,44.0,-0.6,34.0
2026-08-02T18:00:00.000Z,44.0,-0.2,36.0
2026-08-02T18:00:00.000Z,44.4,-1.4,35.0
2026-08-02T18:00:00.000Z,44.4,-1.0,34.0
2026-08-02T18:00:00.000Z,44.4,-0.6,37.0
2026-08-02T18:00:00.000Z,44.4,-0.2,37.0
2026-08-02T18:00:00.000Z,44.8,-1.4,35.0
2026-08-02T18:00:00.000Z,44.8,-1.0,34.0
2026-08-02T18:00:00.000Z,44.8,-0.6,41.0
2026-08-02T18:00:00.000Z,44.8,-0.2,38.0
2026-08-02T18:00:00.000Z,45.2,-1.4,38.0
2026-08-02T18:00:00.000Z,45.2,-1.0,38.0
2026-08-02T18:00:00.000Z,45.2,-0.6,37.0
2026-08-02T18:00:00.000Z,45.2,-0.2,38.0
2026-08-02T19:00:00.000Z,43.6,-1.4,33.0
2026-08-02T19:00:00.000Z,43.6,-1.0,30.0
2026-08-02T19:00:00.000Z,43.6,-0.6,30.0
2026-08-02T19:00:00.000Z,43.6,-0.2,32.0
2026-08-02T19:00:00.000Z,44.0,-1.4,35.0
2026-08-02T19:00:00.000Z,44.0,-1.0,32.0
2026-08-02T19:00:00.000Z,44.0,-0.6,31.0
2026-08-02T19:00:00.000Z,44.0,-0.2,33.0
2026-08-02T19:00:00.000Z,44.4,-1.4,35.0
2026-08-02T19:00:00.000Z,44.4,-1.0,33.0
2026-08-02T19:00:00.000Z,44.4,-0.6,33.0
2026-08-02T19:00:00.000Z,44.4,-0.2,34.0
2026-08-02T19:00:00.000Z,44.8,-1.4,35.0
2026-08-02T19:00:00.000Z,44.8,-1.0,33.0
2026-08-02T19:00:00.000Z,44.8,-0.6,34.0
2026-08-02T19:00:00.000Z,44.8,-0.2,36.0
2026-08-02T19:00:00.000Z,45.2,-1.4,38.0
2026-08-02T19:00:00.000Z,45.2,-1.0,36.0
2026-08-02T19:00:00.000Z,45.2,-0.6,34.0
2026-08-02T19:00:00.000Z,45.2,-0.2,35.0
2026-08-02T20:00:00.000Z,43.6,-1.4,32.0
2026-08-02T20:00:00.000Z,43.6,-1.0,30.0
2026-08-02T20:00:00.000Z,43.6,-0.6,29.0
2026-08-02T20:00:00.000Z,43.6,-0.2,28.0
2026-08-02T20:00:00.000Z,44.0,-1.4,34.0
2026-08-02T20:00:00.000Z,44.0,-1.0,32.0
2026-08-02T20:00:00.000Z,44.0,-0.6,30.0
2026-08-02T20:00:00.000Z,44.0,-0.2,30.0
2026-08-02T20:00:00.000Z,44.4,-1.4,34.0
2026-08-02T20:00:00.000Z,44.4,-1.0,33.0
2026-08-02T20:00:00.000Z,44.4,-0.6,33.0
2026-08-02T20:00:00.000Z,44.4,-0.2,31.0
2026-08-02T20:00:00.000Z,44.8,-1.4,35.0
2026-08-02T20:00:00.000Z,44.8,-1.0,32.0
2026-08-02T20:00:00.000Z,44.8,-0.6,34.0
2026-08-02T20:00:00.000Z,44.8,-0.2,32.0
2026-08-02T20:00:00.000Z,45.2,-1.4,37.0
2026-08-02T20:00:00.000Z,45.2,-1.0,35.0
2026-08-02T20:00:00.000Z,45.2,-0.6,34.0
2026-08-02T20:00:00.000Z,45.2,-0.2,32.0
2026-08-02T21:00:00.000Z,43.6,-1.4,32.0
2026-08-02T21:00:00.000Z,43.6,-1.0,29.0
2026-08-02T21:00:00.000Z,43.6,-0.6,27.0
2026-08-02T21:00:00.000Z,43.6,-0.2,26.0
2026-08-02T21:00:00.000Z,44.0,-1.4,34.0
2026-08-02T21:00:00.000Z,44.0,-1.0,30.0
2026-08-02T21:00:00.000Z,44.0,-0.6,29.0
2026-08-02T21:00:00.000Z,44.0,-0.2,29.0
2026-08-02T21:00:00.000Z,44.4,-1.4,34.0
2026-08-02T21:00:00.000Z,44.4,-1.0,32.0
2026-08-02T21:00:00.000Z,44.4,-0.6,31.0
2026-08-02T21:00:00.000Z,44.4,-0.2,30.0
2026-08-02T21:00:00.000Z,44.8,-1.4,35.0
2026-08-02T21:00:00.000Z,44.8,-1.0,32.0
2026-08-02T21:00:00.000Z,44.8,-0.6,31.0
2026-08-02T21:00:00.000Z,44.8,-0.2,28.0
2026-08-02T21:00:00.000Z,45.2,-1.4,36.0
2026-08-02T21:00:00.000Z,45.2,-1.0,34.0
2026-08-02T21:00:00.000Z,45.2,-0.6,32.0
2026-08-02T21:00:00.000Z,45.2,-0.2,29.0
2026-08-02T22:00:00.000Z,43.6,-1.4,32.0
2026-08-02T22:00:00.000Z,43.6,-1.0,29.0
2026-08-02T22:00:00.000Z,43.6,-0.6,27.0
2026-08-02T22:00:00.000Z,43.6,-0.2,27.0
2026-08-02T22:00:00.000Z,44.0,-1.4,34.0
2026-08-02T22:00:00.000Z,44.0,-1.0,29.0
2026-08-02T22:00:00.000Z,44.0,-0.6,29.0
2026-08-02T22:00:00.000Z,44.0,-0.2,28.0
2026-08-02T22:00:00.000Z,44.4,-1.4,34.0
2026-08-02T22:00:00.000Z,44.4,-1.0,31.0
2026-08-02T22:00:00.000Z,44.4,-0.6,30.0
2026-08-02T22:00:00.000Z,44.4,-0.2,30.0
2026-08-02T22:00:00.000Z,44.8,-1.4,35.0
2026-08-02T22:00:00.000Z,44.8,-1.0,32.0
2026-08-02T22:00:00.000Z,44.8,-0.6,31.0
2026-08-02T22:00:00.000Z,44.8,-0.2,28.0
2026-08-02T22:00:00.000Z,45.2,-1.4,34.0
2026-08-02T22:00:00.000Z,45.2,-1.0,31.0
2026-08-02T22:00:00.000Z,45.2,-0.6,32.0
2026-08-02T22:00:00.000Z,45.2,-0.2,26.0
2026-08-02T23:00:00.000Z,43.6,-1.4,32.0
2026-08-02T23:00:00.000Z,43.6,-1.0,28.0
2026-08-02T23:00:00.000Z,43.6,-0.6,26.0
2026-08-02T23:00:00.000Z,43.6,-0.2,26.0
2026-08-02T23:00:00.000Z,44.0,-1.4,34.0
2026-08-02T23:00:00.000Z,44.0,-1.0,27.0
2026-08-02T23:00:00.000Z,44.0,-0.6,28.0
2026-08-02T23:00:00.000Z,44.0,-0.2,26.0
2026-08-02T23:00:00.000Z,44.4,-1.4,33.0
2026-08-02T23:00:00.000Z,44.4,-1.0,30.0
2026-08-02T23:00:00.000Z,44.4,-0.6,29.0
2026-08-02T23:00:00.000Z,44.4,-0.2,29.0
2026-08-02T23:00:00.000Z,44.8,-1.4,35.0
2026-08-02T23:00:00.000Z,44.8,-1.0,31.0
2026-08-02T23:00:00.000Z,44.8,-0.6,30.0
2026-08-02T23:00:00.000Z,44.8,-0.2,28.0
2026-08-02T23:00:00.000Z,45.2,-1.4,34.0
2026-08-02T23:00:00.000Z,45.2,-1.0,30.0
2026-08-02T23:00:00.000Z,45.2,-0.6,30.0
2026-08-02T23:00:00.000Z,45.2,-0.2,26.0
